time,signal
0.000000000000000000e+00,-1.851318696955166990e-03
1.000000000000000021e-03,1.006045765510146017e+00
2.000000000000000042e-03,3.372034014599108454e-01
3.000000000000000062e-03,-3.976776611121125016e-01
4.000000000000000083e-03,9.406441067580004201e-02
5.000000000000000104e-03,1.449067259997517954e-01
6.000000000000000125e-03,1.224095686856816606e-01
7.000000000000000146e-03,9.707981597364793991e-02
8.000000000000000167e-03,5.024246274838223281e-02
9.000000000000001055e-03,5.305012627955842802e-02
1.000000000000000021e-02,5.849741559807977720e-02
1.099999999999999936e-02,3.317729558280015090e-02
1.200000000000000025e-02,-2.279559715888518356e-02
1.300000000000000114e-02,-2.301029134821973993e-02
1.400000000000000029e-02,-1.134006886484070775e-02
1.499999999999999944e-02,-2.773458495993039175e-02
1.600000000000000033e-02,-2.851485986509037784e-02
1.700000000000000122e-02,-5.370754419077430897e-03
1.800000000000000211e-02,3.309218245761896826e-02
1.899999999999999953e-02,5.355782265850085599e-02
2.000000000000000042e-02,8.468370893989979331e-02
2.100000000000000130e-02,1.224006504176261001e-01
2.199999999999999872e-02,1.464822450134384835e-01
2.299999999999999961e-02,1.519053585182946198e-01
2.400000000000000050e-02,2.065153004844372253e-01
2.500000000000000139e-02,2.039029315596056768e-01
2.600000000000000228e-02,1.748314498130106309e-01
2.699999999999999969e-02,1.675313951337338847e-01
2.800000000000000058e-02,1.807967885899815497e-01
2.900000000000000147e-02,1.439597134858367211e-01
2.999999999999999889e-02,1.444230858783104587e-01
3.099999999999999978e-02,1.387857352479035244e-01
3.200000000000000067e-02,1.189170446990577001e-01
3.300000000000000155e-02,7.827599022660795824e-02
3.400000000000000244e-02,1.479584358988715598e-02
3.500000000000000333e-02,2.723402040347069897e-02
3.600000000000000422e-02,5.651761492141300913e-02
3.699999999999999817e-02,5.061097017213021798e-02
3.799999999999999906e-02,1.046730404883197962e-01
3.899999999999999994e-02,1.129188813526273705e-01
4.000000000000000083e-02,1.383990359816562044e-01
4.100000000000000172e-02,1.628356785593185196e-01
4.200000000000000261e-02,2.019150309253506803e-01
4.300000000000000350e-02,2.622332085188511241e-01
4.399999999999999745e-02,3.323570932884072904e-01
4.499999999999999833e-02,2.720448972805488141e-01
4.599999999999999922e-02,2.500559052478031896e-01
4.700000000000000011e-02,2.812629953803290062e-01
4.800000000000000100e-02,2.577047355041874321e-01
4.900000000000000189e-02,2.462956858321757314e-01
5.000000000000000278e-02,1.598274079031613282e-01
5.100000000000000366e-02,1.613532912291785193e-01
5.200000000000000455e-02,1.283195361326352479e-01
5.299999999999999850e-02,1.369690568211833770e-01
5.399999999999999939e-02,9.078457720392016372e-02
5.500000000000000028e-02,8.725581188323955351e-02
5.600000000000000117e-02,1.039345620101414097e-01
5.700000000000000205e-02,1.455428424980042545e-01
5.800000000000000294e-02,1.532917225244039838e-01
5.900000000000000383e-02,2.262724197584607966e-01
5.999999999999999778e-02,2.242068045230903861e-01
6.099999999999999867e-02,2.750203160948422321e-01
6.199999999999999956e-02,3.031660751068389059e-01
6.300000000000000044e-02,3.080547595925202109e-01
6.400000000000000133e-02,3.665700279054802113e-01
6.500000000000000222e-02,3.563699785352624216e-01
6.600000000000000311e-02,3.555669718843498250e-01
6.700000000000000400e-02,3.132963923935618289e-01
6.800000000000000488e-02,3.005581541898122988e-01
6.900000000000000577e-02,2.877419658803438973e-01
7.000000000000000666e-02,2.897515450287314609e-01
7.100000000000000755e-02,2.812407244800935180e-01
7.200000000000000844e-02,1.777716672715773938e-01
7.299999999999999545e-02,1.939581782857770498e-01
7.399999999999999634e-02,1.774946645760577812e-01
7.499999999999999722e-02,1.859584846760479471e-01
7.599999999999999811e-02,2.137117279552960269e-01
7.699999999999999900e-02,2.292159938255187712e-01
7.799999999999999989e-02,2.337303597076069439e-01
7.900000000000000078e-02,2.497880749884395235e-01
8.000000000000000167e-02,3.139084480544085398e-01
8.100000000000000255e-02,3.439381910331258396e-01
8.200000000000000344e-02,3.695621202025604068e-01
8.300000000000000433e-02,3.830812003104728247e-01
8.400000000000000522e-02,4.030943093979648673e-01
8.500000000000000611e-02,4.345719104829104396e-01
8.600000000000000699e-02,3.762627710191902008e-01
8.700000000000000788e-02,4.273725781321409123e-01
8.799999999999999489e-02,3.855262650460598017e-01
8.899999999999999578e-02,3.659375672838220961e-01
8.999999999999999667e-02,3.436553653561695842e-01
9.099999999999999756e-02,3.175618530854348309e-01
9.199999999999999845e-02,2.422272808130404853e-01
9.299999999999999933e-02,2.819209165948871609e-01
9.400000000000000022e-02,2.407773154265452353e-01
9.500000000000000111e-02,2.591331060117169072e-01
9.600000000000000200e-02,2.347910820885178440e-01
9.700000000000000289e-02,2.940274643978481039e-01
9.800000000000000377e-02,2.853951703409051133e-01
9.900000000000000466e-02,3.100048932300228377e-01
1.000000000000000056e-01,3.694338037520504825e-01
1.010000000000000064e-01,4.443281177614918365e-01
1.020000000000000073e-01,4.206632882013314756e-01
1.030000000000000082e-01,5.049791714734932491e-01
1.040000000000000091e-01,5.033294760113400379e-01
1.049999999999999961e-01,4.835341167535084361e-01
1.059999999999999970e-01,4.810673444944220667e-01
1.069999999999999979e-01,4.613013546050919733e-01
1.079999999999999988e-01,4.227850240685291361e-01
1.089999999999999997e-01,4.446313554488392494e-01
1.100000000000000006e-01,3.725601739511903987e-01
1.110000000000000014e-01,4.207870618677506114e-01
1.120000000000000023e-01,3.205775847353476982e-01
1.130000000000000032e-01,3.067632933546671770e-01
1.140000000000000041e-01,2.913982099714022000e-01
1.150000000000000050e-01,2.808836717122116244e-01
1.160000000000000059e-01,3.109309675186501254e-01
1.170000000000000068e-01,3.480785014208540584e-01
1.180000000000000077e-01,3.427791142497194632e-01
1.190000000000000085e-01,3.953237606059016862e-01
1.199999999999999956e-01,4.443271750799906439e-01
1.209999999999999964e-01,4.746058860003742330e-01
1.219999999999999973e-01,4.706172858492093658e-01
1.229999999999999982e-01,5.185629477806238397e-01
1.239999999999999991e-01,5.004750862036715375e-01
1.250000000000000000e-01,5.407040368549750342e-01
1.260000000000000009e-01,5.688575705488773115e-01
1.270000000000000018e-01,5.123829156314492206e-01
1.280000000000000027e-01,5.046628747889708722e-01
1.290000000000000036e-01,4.641274084498080432e-01
1.300000000000000044e-01,4.265979476643761981e-01
1.310000000000000053e-01,3.695021690421887994e-01
1.320000000000000062e-01,3.857635537752626687e-01
1.330000000000000071e-01,3.447362341086900872e-01
1.340000000000000080e-01,3.215194167000268166e-01
1.350000000000000089e-01,3.615245475642374640e-01
1.360000000000000098e-01,3.946254137404714424e-01
1.370000000000000107e-01,3.838781640951787200e-01
1.380000000000000115e-01,3.698816171648260931e-01
1.390000000000000124e-01,4.051851506079253706e-01
1.400000000000000133e-01,4.745885807295041059e-01
1.410000000000000142e-01,4.417024287434966334e-01
1.420000000000000151e-01,5.486786630006945664e-01
1.430000000000000160e-01,5.516459299157628893e-01
1.440000000000000169e-01,5.659468152391566864e-01
1.449999999999999900e-01,5.672530254029684027e-01
1.459999999999999909e-01,5.504427192075082020e-01
1.469999999999999918e-01,5.168334754147171362e-01
1.479999999999999927e-01,5.261188744419901253e-01
1.489999999999999936e-01,4.729217857839183581e-01
1.499999999999999944e-01,4.978830332866792663e-01
1.509999999999999953e-01,4.421880197817838476e-01
1.519999999999999962e-01,4.276009928936307380e-01
1.529999999999999971e-01,3.701378811514775546e-01
1.539999999999999980e-01,3.828559801960303433e-01
1.549999999999999989e-01,3.474389863896536479e-01
1.559999999999999998e-01,3.921425172203309995e-01
1.570000000000000007e-01,3.985783394011562786e-01
1.580000000000000016e-01,4.197396975111209461e-01
1.590000000000000024e-01,4.810323209709773673e-01
1.600000000000000033e-01,4.393237174497521269e-01
1.610000000000000042e-01,5.291251748690959378e-01
1.620000000000000051e-01,5.704422481760139663e-01
1.630000000000000060e-01,5.525137245060498525e-01
1.640000000000000069e-01,6.249465943716328020e-01
1.650000000000000078e-01,5.983082354761550814e-01
1.660000000000000087e-01,5.804155951042172523e-01
1.670000000000000095e-01,5.921988732567138314e-01
1.680000000000000104e-01,5.801238671264313806e-01
1.690000000000000113e-01,5.145436727779258979e-01
1.700000000000000122e-01,4.797234870327123923e-01
1.710000000000000131e-01,4.737761681989551277e-01
1.720000000000000140e-01,4.551521954526344671e-01
1.730000000000000149e-01,4.518788536899025488e-01
1.740000000000000158e-01,3.846784492709148795e-01
1.750000000000000167e-01,3.855734901639389367e-01
1.759999999999999898e-01,3.918851483226432064e-01
1.769999999999999907e-01,4.181836394230477039e-01
1.779999999999999916e-01,4.630559382802913460e-01
1.789999999999999925e-01,4.628236354891156479e-01
1.799999999999999933e-01,5.046037109488301642e-01
1.809999999999999942e-01,5.096646647958366083e-01
1.819999999999999951e-01,5.519052235763421965e-01
1.829999999999999960e-01,5.840143241247531813e-01
1.839999999999999969e-01,6.118599353437239596e-01
1.849999999999999978e-01,5.945144913304346579e-01
1.859999999999999987e-01,6.415789029273616384e-01
1.869999999999999996e-01,5.693977134624710335e-01
1.880000000000000004e-01,5.816440574587147250e-01
1.890000000000000013e-01,5.178231444656877791e-01
1.900000000000000022e-01,5.065926296911194004e-01
1.910000000000000031e-01,4.277748440336838764e-01
1.920000000000000040e-01,4.276826115756005575e-01
1.930000000000000049e-01,3.819841370029037897e-01
1.940000000000000058e-01,4.268654882247942539e-01
1.950000000000000067e-01,4.095796925664767496e-01
1.960000000000000075e-01,4.060964342501415247e-01
1.970000000000000084e-01,4.255494810146811524e-01
1.980000000000000093e-01,4.615641322755769105e-01
1.990000000000000102e-01,4.962886121968815289e-01
2.000000000000000111e-01,4.937220084141384913e-01
2.010000000000000120e-01,5.249945916342726449e-01
2.020000000000000129e-01,5.446410233667098311e-01
2.030000000000000138e-01,5.808603511848744461e-01
2.040000000000000147e-01,6.087298103346696632e-01
2.050000000000000155e-01,5.809007385015462210e-01
2.060000000000000164e-01,5.838263562944803198e-01
2.070000000000000173e-01,5.920880691594198053e-01
2.080000000000000182e-01,5.726596893780484532e-01
2.089999999999999913e-01,5.217005530504922328e-01
2.099999999999999922e-01,5.123897636158754043e-01
2.109999999999999931e-01,4.751991176998813238e-01
2.119999999999999940e-01,4.289342988672130152e-01
2.129999999999999949e-01,3.980045079893423932e-01
2.139999999999999958e-01,3.873977161210267472e-01
2.149999999999999967e-01,3.954605459240680965e-01
2.159999999999999976e-01,3.841993664750170678e-01
2.169999999999999984e-01,3.873896162882922156e-01
2.179999999999999993e-01,4.147285906156764068e-01
2.190000000000000002e-01,4.431880360089259785e-01
2.200000000000000011e-01,4.961635688858552218e-01
2.210000000000000020e-01,5.160668446649893104e-01
2.220000000000000029e-01,5.342262651734418499e-01
2.230000000000000038e-01,5.563267840805656839e-01
2.240000000000000047e-01,5.846578194835999609e-01
2.250000000000000056e-01,6.137227912211145053e-01
2.260000000000000064e-01,5.487806404806065963e-01
2.270000000000000073e-01,5.773198202396109258e-01
2.280000000000000082e-01,5.151672487030528602e-01
2.290000000000000091e-01,5.356618427478242461e-01
2.300000000000000100e-01,4.670103692034406895e-01
2.310000000000000109e-01,4.357863539885387660e-01
2.320000000000000118e-01,3.874231327178881967e-01
2.330000000000000127e-01,4.220204849662526625e-01
2.340000000000000135e-01,3.532285955415042644e-01
2.350000000000000144e-01,3.366230525468759671e-01
2.360000000000000153e-01,3.382787026088932003e-01
2.370000000000000162e-01,4.193534528897284730e-01
2.380000000000000171e-01,3.994308899773995614e-01
2.390000000000000180e-01,4.182368748831449268e-01
2.399999999999999911e-01,4.514919304273624645e-01
2.409999999999999920e-01,4.982141066143207508e-01
2.419999999999999929e-01,5.015457829240022036e-01
2.429999999999999938e-01,5.391218642285467988e-01
2.439999999999999947e-01,5.586782091963989894e-01
2.449999999999999956e-01,5.717108855603565409e-01
2.459999999999999964e-01,5.533798287472251332e-01
2.469999999999999973e-01,5.327669144520744693e-01
2.479999999999999982e-01,5.247484524690044783e-01
2.489999999999999991e-01,4.927987541272776939e-01
2.500000000000000000e-01,4.444122247404290182e-01
2.510000000000000009e-01,4.212238640102360376e-01
2.520000000000000018e-01,3.704981918462405543e-01
2.530000000000000027e-01,3.490033659880878436e-01
2.540000000000000036e-01,3.697003984595358395e-01
2.550000000000000044e-01,3.312684531836007640e-01
2.560000000000000053e-01,3.292237158777717165e-01
2.570000000000000062e-01,3.580610396158993014e-01
2.580000000000000071e-01,3.910138219109039470e-01
2.590000000000000080e-01,4.054595010144648737e-01
2.600000000000000089e-01,4.705697313736183496e-01
2.610000000000000098e-01,4.749155028876597129e-01
2.620000000000000107e-01,4.906460729185423419e-01
2.630000000000000115e-01,4.742760601247332231e-01
2.640000000000000124e-01,5.285363907831963637e-01
2.650000000000000133e-01,5.300864111842140680e-01
2.660000000000000142e-01,4.905905015959601823e-01
2.670000000000000151e-01,4.852116055678062367e-01
2.680000000000000160e-01,4.445787668383849311e-01
2.690000000000000169e-01,4.330198134779700281e-01
2.700000000000000178e-01,4.081203488482080255e-01
2.710000000000000187e-01,3.636802566551760041e-01
2.720000000000000195e-01,3.421943468444620384e-01
2.730000000000000204e-01,2.860574391852857556e-01
2.740000000000000213e-01,3.032495237153453038e-01
2.750000000000000222e-01,2.876246820501031642e-01
2.760000000000000231e-01,3.059652180456203241e-01
2.770000000000000240e-01,2.644558660749069534e-01
2.780000000000000249e-01,3.338492282956737611e-01
2.790000000000000258e-01,3.665887563029106011e-01
2.800000000000000266e-01,3.452721630090053173e-01
2.810000000000000275e-01,4.002538326196598550e-01
2.820000000000000284e-01,4.132560991907204828e-01
2.830000000000000293e-01,4.340299367317433377e-01
2.840000000000000302e-01,4.884631176722690205e-01
2.850000000000000311e-01,4.539297474178799474e-01
2.860000000000000320e-01,4.394939996059682996e-01
2.870000000000000329e-01,4.262859925343110978e-01
2.880000000000000338e-01,4.052210127411834950e-01
2.889999999999999791e-01,3.519124699123900579e-01
2.899999999999999800e-01,3.345218370087634230e-01
2.909999999999999809e-01,3.361228594937815117e-01
2.919999999999999818e-01,2.638990571609918234e-01
2.929999999999999827e-01,2.519486907392305408e-01
2.939999999999999836e-01,2.083286118545423227e-01
2.949999999999999845e-01,2.606016831138583401e-01
2.959999999999999853e-01,2.533942532466033071e-01
2.969999999999999862e-01,2.335601092936331891e-01
2.979999999999999871e-01,2.861960498232957728e-01
2.989999999999999880e-01,2.964664522153751536e-01
2.999999999999999889e-01,3.447517725126565957e-01
3.009999999999999898e-01,3.524059554096740654e-01
3.019999999999999907e-01,3.934902102655948308e-01
3.029999999999999916e-01,4.084862728408195642e-01
3.039999999999999925e-01,4.159967551539071051e-01
3.049999999999999933e-01,4.213806618967201878e-01
3.059999999999999942e-01,4.214482053409350781e-01
3.069999999999999951e-01,4.043429496374550958e-01
3.079999999999999960e-01,3.551537221001648259e-01
3.089999999999999969e-01,3.138474625363495418e-01
3.099999999999999978e-01,2.873525325444677425e-01
3.109999999999999987e-01,2.724360590482221012e-01
3.119999999999999996e-01,2.444814892006730023e-01
3.130000000000000004e-01,1.815601796190818296e-01
3.140000000000000013e-01,1.630097092507922230e-01
3.150000000000000022e-01,1.431133286976650765e-01
3.160000000000000031e-01,1.632407385278534517e-01
3.170000000000000040e-01,1.655722953318050361e-01
3.180000000000000049e-01,1.892749252484887679e-01
3.190000000000000058e-01,2.083979999849186471e-01
3.200000000000000067e-01,2.225383920862448184e-01
3.210000000000000075e-01,2.540245610259700415e-01
3.220000000000000084e-01,2.921859477186795617e-01
3.230000000000000093e-01,2.998050554172219107e-01
3.240000000000000102e-01,3.442317821691051050e-01
3.250000000000000111e-01,3.402361789131940206e-01
3.260000000000000120e-01,3.287262129450609915e-01
3.270000000000000129e-01,3.217300002755968391e-01
3.280000000000000138e-01,2.832762770505951599e-01
3.290000000000000147e-01,2.278132729690488523e-01
3.300000000000000155e-01,2.117723309184978697e-01
3.310000000000000164e-01,1.467480452695408832e-01
3.320000000000000173e-01,1.592129315916550880e-01
3.330000000000000182e-01,1.260655110369883758e-01
3.340000000000000191e-01,7.124511772378960828e-02
3.350000000000000200e-01,1.297607070104488947e-01
3.360000000000000209e-01,1.312551682482046567e-01
3.370000000000000218e-01,1.135903736460491115e-01
3.380000000000000226e-01,1.156662250675903475e-01
3.390000000000000235e-01,1.540902398020874142e-01
3.400000000000000244e-01,1.423483133065438777e-01
3.410000000000000253e-01,2.194839894882917031e-01
3.420000000000000262e-01,2.380095631676542312e-01
3.430000000000000271e-01,2.720076113392353445e-01
3.440000000000000280e-01,2.540602451446917209e-01
3.450000000000000289e-01,2.332036287044987610e-01
3.460000000000000298e-01,2.438748604828060162e-01
3.470000000000000306e-01,2.346255202344436630e-01
3.480000000000000315e-01,2.243560900209465303e-01
3.490000000000000324e-01,1.489134142179181219e-01
3.500000000000000333e-01,1.110656315909638592e-01
3.510000000000000342e-01,1.328360648091348739e-01
3.519999999999999796e-01,5.959872308400789714e-02
3.529999999999999805e-01,7.666845250660081490e-02
3.539999999999999813e-01,2.707690135484774885e-02
3.549999999999999822e-01,-1.845527305051053446e-03
3.559999999999999831e-01,1.233650072437759981e-02
3.569999999999999840e-01,5.265312766286281421e-02
3.579999999999999849e-01,2.741389707648101554e-02
3.589999999999999858e-01,8.928535149192459719e-02
3.599999999999999867e-01,8.804263207137562330e-02
3.609999999999999876e-01,1.060820435777486692e-01
3.619999999999999885e-01,1.562442837693093778e-01
3.629999999999999893e-01,1.752965233278225843e-01
3.639999999999999902e-01,1.568432530391172530e-01
3.649999999999999911e-01,1.794285662738848153e-01
3.659999999999999920e-01,1.843040915086567033e-01
3.669999999999999929e-01,1.491044074103046457e-01
3.679999999999999938e-01,1.206759311042492205e-01
3.689999999999999947e-01,9.044997019097236746e-02
3.699999999999999956e-01,5.573635192673836308e-02
3.709999999999999964e-01,3.621546517473721305e-02
3.719999999999999973e-01,-4.143087920356836040e-02
3.729999999999999982e-01,-7.622512018511018450e-02
3.739999999999999991e-01,-6.288625297561550864e-02
3.750000000000000000e-01,-8.135960672192558973e-02
3.760000000000000009e-01,-5.177589063788221729e-02
3.770000000000000018e-01,-7.004361276490546351e-02
3.780000000000000027e-01,-2.559030412326050719e-02
3.790000000000000036e-01,-2.792221171724564022e-02
3.800000000000000044e-01,9.975184502616986013e-03
3.810000000000000053e-01,1.881076834564831407e-02
3.820000000000000062e-01,3.600797410632490536e-02
3.830000000000000071e-01,6.702413425460673757e-02
3.840000000000000080e-01,1.094564644028094003e-01
3.850000000000000089e-01,1.292603524554914451e-01
3.860000000000000098e-01,8.028973342333949048e-02
3.870000000000000107e-01,6.112850641133536073e-02
3.880000000000000115e-01,5.955929182961176849e-02
3.890000000000000124e-01,3.415587398752314985e-02
3.900000000000000133e-01,-4.077086279380998796e-02
3.910000000000000142e-01,-2.456335382389361263e-02
3.920000000000000151e-01,-1.165790649438448456e-01
3.930000000000000160e-01,-1.406219821106879375e-01
3.940000000000000169e-01,-8.552957091761384523e-02
3.950000000000000178e-01,-1.536456187685993346e-01
3.960000000000000187e-01,-1.474582468018395542e-01
3.970000000000000195e-01,-1.097420794596840332e-01
3.980000000000000204e-01,-7.838554305080350226e-02
3.990000000000000213e-01,-9.250207144692694505e-02
4.000000000000000222e-01,-7.898102552871801019e-02
4.010000000000000231e-01,-3.049658665191325169e-02
4.020000000000000240e-01,-4.628121125705784294e-02
4.030000000000000249e-01,1.993892934849195164e-03
4.040000000000000258e-01,2.796279573923624029e-02
4.050000000000000266e-01,3.475801987179796826e-02
4.060000000000000275e-01,-8.550341944347103484e-03
4.070000000000000284e-01,-2.743565826661281681e-02
4.080000000000000293e-01,-6.730091506924809619e-02
4.090000000000000302e-01,-4.081644552614279581e-02
4.100000000000000311e-01,-9.983725579317688503e-02
4.110000000000000320e-01,-1.298127789011166155e-01
4.120000000000000329e-01,-1.663761270264267067e-01
4.130000000000000338e-01,-2.036159685370965144e-01
4.140000000000000346e-01,-2.457027028860584439e-01
4.150000000000000355e-01,-2.055674285980620131e-01
4.160000000000000364e-01,-2.421861957460308412e-01
4.169999999999999818e-01,-2.121250216368684438e-01
4.179999999999999827e-01,-1.981972203943370148e-01
4.189999999999999836e-01,-1.664742275187010567e-01
4.199999999999999845e-01,-1.119246253623545351e-01
4.209999999999999853e-01,-9.868879591280996233e-02
4.219999999999999862e-01,-1.013400486710576975e-01
4.229999999999999871e-01,-9.409316944865775412e-02
4.239999999999999880e-01,-2.220145399640104100e-02
4.249999999999999889e-01,-9.981763579283889354e-02
4.259999999999999898e-01,-1.936639632536439615e-02
4.269999999999999907e-01,-6.655311457877412240e-02
4.279999999999999916e-01,-9.103119915122687145e-02
4.289999999999999925e-01,-1.468660366082882307e-01
4.299999999999999933e-01,-1.769204502216036590e-01
4.309999999999999942e-01,-2.247203497008029849e-01
4.319999999999999951e-01,-2.242643434447781914e-01
4.329999999999999960e-01,-2.849867768837227588e-01
4.339999999999999969e-01,-2.923424890888135508e-01
4.349999999999999978e-01,-3.044445687336729267e-01
4.359999999999999987e-01,-3.200739038273957560e-01
4.369999999999999996e-01,-2.606776403829728084e-01
4.380000000000000004e-01,-2.640599941077033108e-01
4.390000000000000013e-01,-2.639955796751032868e-01
4.400000000000000022e-01,-2.307717941662816019e-01
4.410000000000000031e-01,-1.670199858517466274e-01
4.420000000000000040e-01,-1.388664139192106184e-01
4.430000000000000049e-01,-1.264429842062093634e-01
4.440000000000000058e-01,-1.801965453249513294e-01
4.450000000000000067e-01,-1.241340128441540125e-01
4.460000000000000075e-01,-1.183196404355150028e-01
4.470000000000000084e-01,-1.609894159562983984e-01
4.480000000000000093e-01,-1.745639202924827438e-01
4.490000000000000102e-01,-2.017997878498016817e-01
4.500000000000000111e-01,-2.661942125966195727e-01
4.510000000000000120e-01,-2.911090690986470331e-01
4.520000000000000129e-01,-3.372002266590763964e-01
4.530000000000000138e-01,-3.830584765393497682e-01
4.540000000000000147e-01,-3.262790054500656067e-01
4.550000000000000155e-01,-3.672817057602507651e-01
4.560000000000000164e-01,-3.657676171925482445e-01
4.570000000000000173e-01,-3.292981697949084463e-01
4.580000000000000182e-01,-2.728729663626796587e-01
4.590000000000000191e-01,-3.091189076860806906e-01
4.600000000000000200e-01,-2.675356834750979296e-01
4.610000000000000209e-01,-2.517957255430025576e-01
4.620000000000000218e-01,-2.448611507471919468e-01
4.630000000000000226e-01,-2.068566636644557644e-01
4.640000000000000235e-01,-1.964029087548115338e-01
4.650000000000000244e-01,-2.337992991482364669e-01
4.660000000000000253e-01,-1.927382045688834922e-01
4.670000000000000262e-01,-2.419735682750546735e-01
4.680000000000000271e-01,-2.556075866083449277e-01
4.690000000000000280e-01,-2.772653356915604217e-01
4.700000000000000289e-01,-3.274613500846821901e-01
4.710000000000000298e-01,-3.164713467829191051e-01
4.720000000000000306e-01,-4.114900312963178375e-01
4.730000000000000315e-01,-4.111775006406861444e-01
4.740000000000000324e-01,-4.301573775430989066e-01
4.750000000000000333e-01,-4.186606896134155154e-01
4.760000000000000342e-01,-4.260879529666678489e-01
4.770000000000000351e-01,-4.211537246297616943e-01
4.780000000000000360e-01,-4.266484985053231593e-01
4.790000000000000369e-01,-3.585260697424828558e-01
4.799999999999999822e-01,-3.299726149834527056e-01
4.809999999999999831e-01,-3.243396574617559702e-01
4.819999999999999840e-01,-3.030569973356790903e-01
4.829999999999999849e-01,-3.141879660471611491e-01
4.839999999999999858e-01,-3.000118369519511607e-01
4.849999999999999867e-01,-2.827777949260763535e-01
4.859999999999999876e-01,-2.916965759095069832e-01
4.869999999999999885e-01,-2.757820584377288498e-01
4.879999999999999893e-01,-3.349329307510793829e-01
4.889999999999999902e-01,-3.381156081530546365e-01
4.899999999999999911e-01,-3.795817910334584044e-01
4.909999999999999920e-01,-4.367459178643138817e-01
4.919999999999999929e-01,-4.629849599461041687e-01
4.929999999999999938e-01,-4.821109017801256114e-01
4.939999999999999947e-01,-4.750454420573138048e-01
4.949999999999999956e-01,-4.853154689752645634e-01
4.959999999999999964e-01,-4.816021311261072801e-01
4.969999999999999973e-01,-4.781924827390313104e-01
4.979999999999999982e-01,-4.373521683086915024e-01
4.989999999999999991e-01,-4.317426731439161225e-01
5.000000000000000000e-01,-4.167536778990176827e-01
5.010000000000000009e-01,-3.897387448692975487e-01
5.020000000000000018e-01,-3.667069671866844960e-01
5.030000000000000027e-01,-3.518920339950866172e-01
5.040000000000000036e-01,-3.140237543438516576e-01
5.050000000000000044e-01,-3.184950191639969175e-01
5.060000000000000053e-01,-3.266014738030235121e-01
5.070000000000000062e-01,-3.563658707374838253e-01
5.080000000000000071e-01,-3.410160738234344624e-01
5.090000000000000080e-01,-3.904887929872536967e-01
5.100000000000000089e-01,-4.276801368423587268e-01
5.110000000000000098e-01,-4.629611114638244596e-01
5.120000000000000107e-01,-4.926636879278089021e-01
5.130000000000000115e-01,-5.473168661962799497e-01
5.140000000000000124e-01,-5.227399950259088435e-01
5.150000000000000133e-01,-5.214580812580876801e-01
5.160000000000000142e-01,-5.512015393742875080e-01
5.170000000000000151e-01,-5.049158892416126809e-01
5.180000000000000160e-01,-5.112529390293722997e-01
5.190000000000000169e-01,-4.736695980094819958e-01
5.200000000000000178e-01,-4.664390150147628700e-01
5.210000000000000187e-01,-4.223678906793978949e-01
5.220000000000000195e-01,-3.838732850186873380e-01
5.230000000000000204e-01,-3.552173845696386389e-01
5.240000000000000213e-01,-3.931654195392569884e-01
5.250000000000000222e-01,-3.531410734958371211e-01
5.260000000000000231e-01,-3.563224915032617290e-01
5.270000000000000240e-01,-3.837245872720131956e-01
5.280000000000000249e-01,-3.942207746126688561e-01
5.290000000000000258e-01,-4.291307833992222265e-01
5.300000000000000266e-01,-5.170111358089953812e-01
5.310000000000000275e-01,-4.817458492304604878e-01
5.320000000000000284e-01,-5.520708683604836908e-01
5.330000000000000293e-01,-5.650189976876029974e-01
5.340000000000000302e-01,-5.816162581811561427e-01
5.350000000000000311e-01,-5.773601328459424531e-01
5.360000000000000320e-01,-5.807895361329395989e-01
5.370000000000000329e-01,-5.449957310793316356e-01
5.380000000000000338e-01,-5.261058079789724395e-01
5.390000000000000346e-01,-4.918545334010496206e-01
5.400000000000000355e-01,-4.852195146109925528e-01
5.410000000000000364e-01,-4.329257601643161646e-01
5.420000000000000373e-01,-4.293507059107001811e-01
5.430000000000000382e-01,-4.118060572633013838e-01
5.440000000000000391e-01,-4.169457817618548168e-01
5.450000000000000400e-01,-3.766596920828407802e-01
5.460000000000000409e-01,-3.572311732391424410e-01
5.470000000000000417e-01,-4.011669761659789057e-01
5.480000000000000426e-01,-4.368126060224505336e-01
5.490000000000000435e-01,-4.493249784515170875e-01
5.500000000000000444e-01,-4.910244652714423341e-01
5.510000000000000453e-01,-4.855728238113599660e-01
5.520000000000000462e-01,-5.388434097588060689e-01
5.530000000000000471e-01,-5.558622982721138639e-01
5.540000000000000480e-01,-6.043376622390187469e-01
5.550000000000000488e-01,-5.697575512038124401e-01
5.560000000000000497e-01,-5.660926974673901046e-01
5.570000000000000506e-01,-5.482033106314189164e-01
5.580000000000000515e-01,-5.769569620113538244e-01
5.590000000000000524e-01,-5.413455791333349199e-01
5.600000000000000533e-01,-4.863253377078348150e-01
5.610000000000000542e-01,-4.505110595876778978e-01
5.620000000000000551e-01,-4.220665122412061154e-01
5.630000000000000560e-01,-4.153123186622205698e-01
5.640000000000000568e-01,-3.998125199195977086e-01
5.650000000000000577e-01,-3.604153697336569540e-01
5.660000000000000586e-01,-4.056709007903264164e-01
5.670000000000000595e-01,-4.113594055305812014e-01
5.680000000000000604e-01,-4.607126523688188646e-01
5.690000000000000613e-01,-4.927562048874218892e-01
5.700000000000000622e-01,-4.723708541023936558e-01
5.710000000000000631e-01,-5.867559040784872115e-01
5.720000000000000639e-01,-5.938118563038095044e-01
5.730000000000000648e-01,-5.517935312052442143e-01
5.740000000000000657e-01,-5.311309833141399928e-01
5.750000000000000666e-01,-6.310192964201969401e-01
5.760000000000000675e-01,-5.756465218041485477e-01
5.769999999999999574e-01,-5.770725119421900029e-01
5.779999999999999583e-01,-5.349942871053442461e-01
5.789999999999999591e-01,-5.400875343778063220e-01
5.799999999999999600e-01,-5.115936875995162891e-01
5.809999999999999609e-01,-4.407587205512185080e-01
5.819999999999999618e-01,-4.619159067675535635e-01
5.829999999999999627e-01,-4.463091203649012240e-01
5.839999999999999636e-01,-3.646997108428595702e-01
5.849999999999999645e-01,-3.613077693914428234e-01
5.859999999999999654e-01,-4.051237492655913597e-01
5.869999999999999662e-01,-4.161686057034665875e-01
5.879999999999999671e-01,-4.555116414781206768e-01
5.889999999999999680e-01,-4.918408244696232390e-01
5.899999999999999689e-01,-5.031617547866551465e-01
5.909999999999999698e-01,-4.981994396883876464e-01
5.919999999999999707e-01,-5.623076480428570445e-01
5.929999999999999716e-01,-5.700271247799976182e-01
5.939999999999999725e-01,-5.868866976271069902e-01
5.949999999999999734e-01,-6.110313454844854553e-01
5.959999999999999742e-01,-5.790659590424499514e-01
5.969999999999999751e-01,-5.942157750631246182e-01
5.979999999999999760e-01,-5.406924114139447513e-01
5.989999999999999769e-01,-5.369165215854037054e-01
5.999999999999999778e-01,-4.934794767937081272e-01
6.009999999999999787e-01,-4.526292340216808152e-01
6.019999999999999796e-01,-4.182339024325998356e-01
6.029999999999999805e-01,-4.052271021932885020e-01
6.039999999999999813e-01,-4.198746044280160516e-01
6.049999999999999822e-01,-4.084653976584622370e-01
6.059999999999999831e-01,-3.896898897412296447e-01
6.069999999999999840e-01,-4.285205022344535930e-01
6.079999999999999849e-01,-4.208076400687880692e-01
6.089999999999999858e-01,-4.678787430584854246e-01
6.099999999999999867e-01,-4.756770050526178961e-01
6.109999999999999876e-01,-5.314410593490248580e-01
6.119999999999999885e-01,-5.400624119177920290e-01
6.129999999999999893e-01,-5.260779190623955381e-01
6.139999999999999902e-01,-5.455085258193097530e-01
6.149999999999999911e-01,-5.758138305704980642e-01
6.159999999999999920e-01,-6.188347855463984803e-01
6.169999999999999929e-01,-5.775625939533428621e-01
6.179999999999999938e-01,-5.648011151341921776e-01
6.189999999999999947e-01,-4.925282937045469267e-01
6.199999999999999956e-01,-4.660887925055732239e-01
6.209999999999999964e-01,-4.359748807380582347e-01
6.219999999999999973e-01,-3.936658021923364337e-01
6.229999999999999982e-01,-4.033470520323123032e-01
6.239999999999999991e-01,-3.433460355517410356e-01
6.250000000000000000e-01,-3.053723806704087274e-01
6.260000000000000009e-01,-3.538645978275229420e-01
6.270000000000000018e-01,-3.824940319071675199e-01
6.280000000000000027e-01,-4.263513451508268992e-01
6.290000000000000036e-01,-4.328369081933746143e-01
6.300000000000000044e-01,-4.393451362156508555e-01
6.310000000000000053e-01,-4.626692136027417135e-01
6.320000000000000062e-01,-4.708233822106794308e-01
6.330000000000000071e-01,-5.382746994273340801e-01
6.340000000000000080e-01,-5.505122135096118807e-01
6.350000000000000089e-01,-5.580177420791160303e-01
6.360000000000000098e-01,-5.395154905597157047e-01
6.370000000000000107e-01,-5.089082410632077558e-01
6.380000000000000115e-01,-5.078730844697761926e-01
6.390000000000000124e-01,-4.522297071933230606e-01
6.400000000000000133e-01,-4.201385184794872441e-01
6.410000000000000142e-01,-3.921505217703501467e-01
6.420000000000000151e-01,-3.687019762379463161e-01
6.430000000000000160e-01,-3.125741489862629563e-01
6.440000000000000169e-01,-3.568289046522946650e-01
6.450000000000000178e-01,-3.323335008510570621e-01
6.460000000000000187e-01,-3.329214813061902589e-01
6.470000000000000195e-01,-3.347784618571807980e-01
6.480000000000000204e-01,-3.677134344023779700e-01
6.490000000000000213e-01,-3.774380411364880450e-01
6.500000000000000222e-01,-4.144807425083255614e-01
6.510000000000000231e-01,-4.283824717280265704e-01
6.520000000000000240e-01,-4.735024422085597484e-01
6.530000000000000249e-01,-4.992576471285788964e-01
6.540000000000000258e-01,-4.719019590377275253e-01
6.550000000000000266e-01,-5.311651234534844335e-01
6.560000000000000275e-01,-5.098612187885422919e-01
6.570000000000000284e-01,-4.640096347529283349e-01
6.580000000000000293e-01,-4.646243213965038921e-01
6.590000000000000302e-01,-3.996273143057960664e-01
6.600000000000000311e-01,-3.916243878308960924e-01
6.610000000000000320e-01,-3.686392200649932782e-01
6.620000000000000329e-01,-3.191999782455139378e-01
6.630000000000000338e-01,-3.263197533994626198e-01
6.640000000000000346e-01,-2.736083878012451898e-01
6.650000000000000355e-01,-2.507171331066072595e-01
6.660000000000000364e-01,-2.686413701469579363e-01
6.670000000000000373e-01,-2.588409048873265283e-01
6.680000000000000382e-01,-3.165530754148591641e-01
6.690000000000000391e-01,-3.440149364504609397e-01
6.700000000000000400e-01,-3.818340640559271248e-01
6.710000000000000409e-01,-3.723428610345560497e-01
6.720000000000000417e-01,-4.322301865701013712e-01
6.730000000000000426e-01,-4.139215758579185556e-01
6.740000000000000435e-01,-4.398644320671801777e-01
6.750000000000000444e-01,-4.488427272141179980e-01
6.760000000000000453e-01,-4.551414031966109497e-01
6.770000000000000462e-01,-4.420662786045392312e-01
6.780000000000000471e-01,-4.176171875610606987e-01
6.790000000000000480e-01,-3.448965884751427624e-01
6.800000000000000488e-01,-3.248445772429999212e-01
6.810000000000000497e-01,-2.750713777873307619e-01
6.820000000000000506e-01,-2.909605211805477154e-01
6.830000000000000515e-01,-2.480530915994735852e-01
6.840000000000000524e-01,-2.416524027890976367e-01
6.850000000000000533e-01,-2.126150671950462756e-01
6.860000000000000542e-01,-1.889435130428240850e-01
6.870000000000000551e-01,-2.090324879483727860e-01
6.880000000000000560e-01,-2.631100766003614533e-01
6.890000000000000568e-01,-2.865861996248075805e-01
6.900000000000000577e-01,-2.663900989606860503e-01
6.910000000000000586e-01,-3.033139612306371413e-01
6.920000000000000595e-01,-3.733572395172728431e-01
6.930000000000000604e-01,-3.978431454203896211e-01
6.940000000000000613e-01,-4.072919249727954272e-01
6.950000000000000622e-01,-4.034231738756434149e-01
6.960000000000000631e-01,-3.849863805455983612e-01
6.970000000000000639e-01,-3.374407545665481511e-01
6.980000000000000648e-01,-3.428639544287429008e-01
6.990000000000000657e-01,-3.101907450484425732e-01
7.000000000000000666e-01,-2.662572225505358547e-01
7.010000000000000675e-01,-2.363330946970724211e-01
7.020000000000000684e-01,-1.948376688920796795e-01
7.030000000000000693e-01,-1.940655509416636115e-01
7.039999999999999591e-01,-1.809017420739210957e-01
7.049999999999999600e-01,-1.481978708313122506e-01
7.059999999999999609e-01,-1.584307527789227676e-01
7.069999999999999618e-01,-1.747026787270325732e-01
7.079999999999999627e-01,-1.498050110667609180e-01
7.089999999999999636e-01,-2.408955653079439541e-01
7.099999999999999645e-01,-2.463565029867232081e-01
7.109999999999999654e-01,-2.444508590033800111e-01
7.119999999999999662e-01,-2.802597892741293117e-01
7.129999999999999671e-01,-3.079042162892704493e-01
7.139999999999999680e-01,-3.446067997072367328e-01
7.149999999999999689e-01,-2.819195564950299215e-01
7.159999999999999698e-01,-3.020417163159254681e-01
7.169999999999999707e-01,-3.323669884401208585e-01
7.179999999999999716e-01,-2.509295653674180060e-01
7.189999999999999725e-01,-2.078250889796448841e-01
7.199999999999999734e-01,-1.976702638300711357e-01
7.209999999999999742e-01,-1.529182040151902955e-01
7.219999999999999751e-01,-1.254633698480517867e-01
7.229999999999999760e-01,-8.197157731430865235e-02
7.239999999999999769e-01,-7.875470356199122668e-02
7.249999999999999778e-01,-9.862176034605740771e-02
7.259999999999999787e-01,-3.805778775642186529e-02
7.269999999999999796e-01,-1.297264592809667105e-01
7.279999999999999805e-01,-1.179264327408349883e-01
7.289999999999999813e-01,-1.119582421469334926e-01
7.299999999999999822e-01,-1.725534582798207150e-01
7.309999999999999831e-01,-2.031136500235558306e-01
7.319999999999999840e-01,-2.387100285781275921e-01
7.329999999999999849e-01,-2.224501515493030324e-01
7.339999999999999858e-01,-2.709598905109766309e-01
7.349999999999999867e-01,-2.541481662272963571e-01
7.359999999999999876e-01,-2.220700294677264708e-01
7.369999999999999885e-01,-1.950175163563692693e-01
7.379999999999999893e-01,-1.745993888022009388e-01
7.389999999999999902e-01,-1.382623051845909279e-01
7.399999999999999911e-01,-7.013621792379159947e-02
7.409999999999999920e-01,-1.091188964457217025e-01
7.419999999999999929e-01,-6.278430473544956147e-02
7.429999999999999938e-01,-4.103495245445092088e-02
7.439999999999999947e-01,4.122923951990445368e-03
7.449999999999999956e-01,-1.448968298425092061e-02
7.459999999999999964e-01,-2.657660596972309663e-02
7.469999999999999973e-01,3.008539442170900940e-02
7.479999999999999982e-01,-5.031703696526748648e-02
7.489999999999999991e-01,-6.266150498127374957e-02
7.500000000000000000e-01,-8.119111008032059429e-02
7.510000000000000009e-01,-8.590647861600224366e-02
7.520000000000000018e-01,-1.374843841022654889e-01
7.530000000000000027e-01,-1.421301460754145762e-01
7.540000000000000036e-01,-1.561290296416011913e-01
7.550000000000000044e-01,-1.502036616844734662e-01
7.560000000000000053e-01,-1.401940508606392410e-01
7.570000000000000062e-01,-1.359831414042420583e-01
7.580000000000000071e-01,-8.893095691919550294e-02
7.590000000000000080e-01,-8.548740578593144734e-02
7.600000000000000089e-01,-4.184206454078357590e-02
7.610000000000000098e-01,-2.470021169895331159e-02
7.620000000000000107e-01,5.748926638877886741e-02
7.630000000000000115e-01,3.586571706948449290e-02
7.640000000000000124e-01,1.073093341682837404e-01
7.650000000000000133e-01,7.971543262490261850e-02
7.660000000000000142e-01,1.160110913912371366e-01
7.670000000000000151e-01,4.974521707439309715e-02
7.680000000000000160e-01,8.500593109984880269e-02
7.690000000000000169e-01,3.053294391004393593e-02
7.700000000000000178e-01,5.824081905038849469e-03
7.710000000000000187e-01,-3.009897252157032327e-02
7.720000000000000195e-01,-2.769611190185027744e-02
7.730000000000000204e-01,-6.794457355666744247e-02
7.740000000000000213e-01,-3.918698946301935049e-02
7.750000000000000222e-01,-1.119742022736464615e-01
7.760000000000000231e-01,-5.650031454853991081e-02
7.770000000000000240e-01,-9.546284655605402625e-02
7.780000000000000249e-01,-3.985518570135876404e-02
7.790000000000000258e-01,2.632472041198154547e-02
7.800000000000000266e-01,5.127670589391816053e-02
7.810000000000000275e-01,9.209184978388361420e-02
7.820000000000000284e-01,1.090924986066724583e-01
7.830000000000000293e-01,1.037885237064999633e-01
7.840000000000000302e-01,1.235166547357527955e-01
7.850000000000000311e-01,1.321599627045975667e-01
7.860000000000000320e-01,1.947194234066993435e-01
7.870000000000000329e-01,1.440971359960616927e-01
7.880000000000000338e-01,1.234022509184165978e-01
7.890000000000000346e-01,1.131702928135609743e-01
7.900000000000000355e-01,5.890871887578093269e-02
7.910000000000000364e-01,7.501523082463065761e-02
7.920000000000000373e-01,5.558902642972553959e-02
7.930000000000000382e-01,1.580169535167440242e-02
7.940000000000000391e-01,1.902749755331925585e-02
7.950000000000000400e-01,5.971448652953015301e-04
7.960000000000000409e-01,1.684810160055782990e-03
7.970000000000000417e-01,2.897004377886698567e-02
7.980000000000000426e-01,6.225762068862639165e-02
7.990000000000000435e-01,1.073605795203172453e-01
8.000000000000000444e-01,1.397322024969238630e-01
8.010000000000000453e-01,1.587017607926790863e-01
8.020000000000000462e-01,1.894910344598955687e-01
8.030000000000000471e-01,2.304344838665200457e-01
8.040000000000000480e-01,2.401623856238521704e-01
8.050000000000000488e-01,2.494927456744181482e-01
8.060000000000000497e-01,2.363125339518640511e-01
8.070000000000000506e-01,2.172065096987340349e-01
8.080000000000000515e-01,1.929540078889269428e-01
8.090000000000000524e-01,1.838356260872568981e-01
8.100000000000000533e-01,1.426436970766545298e-01
8.110000000000000542e-01,1.347433011667505953e-01
8.120000000000000551e-01,1.002671499821342904e-01
8.130000000000000560e-01,9.883533619400036718e-02
8.140000000000000568e-01,1.051576433768066227e-01
8.150000000000000577e-01,1.044022382192632825e-01
8.160000000000000586e-01,9.082786732935213547e-02
8.170000000000000595e-01,1.116794257983945993e-01
8.180000000000000604e-01,1.613417957895761368e-01
8.190000000000000613e-01,1.751190708562301579e-01
8.200000000000000622e-01,2.096726300614838445e-01
8.210000000000000631e-01,2.308126937330621520e-01
8.220000000000000639e-01,2.494727064055109744e-01
8.230000000000000648e-01,2.942126815579618193e-01
8.240000000000000657e-01,3.026526151385105501e-01
8.250000000000000666e-01,2.896461258794829630e-01
8.260000000000000675e-01,3.059235579947213735e-01
8.270000000000000684e-01,3.405699805872778319e-01
8.280000000000000693e-01,2.864894420879341430e-01
8.290000000000000702e-01,2.550198647552261999e-01
8.300000000000000711e-01,2.432472627218459638e-01
8.310000000000000719e-01,1.660721469437813624e-01
8.320000000000000728e-01,1.964102140686823650e-01
8.329999999999999627e-01,1.924220731102304072e-01
8.339999999999999636e-01,1.178531134346799236e+00
8.349999999999999645e-01,4.473036155041838491e-01
8.359999999999999654e-01,-3.181013013895473973e-01
8.369999999999999662e-01,1.815314355951619385e-01
8.379999999999999671e-01,1.975053500355519187e-01
8.389999999999999680e-01,2.527302103877389072e-01
8.399999999999999689e-01,2.682219688658954992e-01
8.409999999999999698e-01,3.314501221992311453e-01
8.419999999999999707e-01,2.971372726239673856e-01
8.429999999999999716e-01,3.439988323897695821e-01
8.439999999999999725e-01,3.862991189642952516e-01
8.449999999999999734e-01,3.841231628359017547e-01
8.459999999999999742e-01,3.785145740478442766e-01
8.469999999999999751e-01,3.896334392114546574e-01
8.479999999999999760e-01,3.555050022237495333e-01
8.489999999999999769e-01,3.245043967694173359e-01
8.499999999999999778e-01,2.807866406995575548e-01
8.509999999999999787e-01,2.920014877921318641e-01
8.519999999999999796e-01,2.565667956943065153e-01
8.529999999999999805e-01,2.403953568328610069e-01
8.539999999999999813e-01,2.436903070218507661e-01
8.549999999999999822e-01,2.114931157933201689e-01
8.559999999999999831e-01,2.317759455817345327e-01
8.569999999999999840e-01,2.421832296363214954e-01
8.579999999999999849e-01,2.738052197433725743e-01
8.589999999999999858e-01,3.178726052586497985e-01
8.599999999999999867e-01,3.295025265521295266e-01
8.609999999999999876e-01,3.981117403973767899e-01
8.619999999999999885e-01,4.213007750088978987e-01
8.629999999999999893e-01,4.210178752414098224e-01
8.639999999999999902e-01,4.247329696464539062e-01
8.649999999999999911e-01,4.712236955520439086e-01
8.659999999999999920e-01,4.199620422462972957e-01
8.669999999999999929e-01,4.200112936385834717e-01
8.679999999999999938e-01,4.067847796094558599e-01
8.689999999999999947e-01,3.756725848066388984e-01
8.699999999999999956e-01,3.774021327651346236e-01
8.709999999999999964e-01,3.048703299402400480e-01
8.719999999999999973e-01,2.843365937815233169e-01
8.729999999999999982e-01,3.029322081760573715e-01
8.739999999999999991e-01,2.589794983091934233e-01
8.750000000000000000e-01,2.670622675864307016e-01
8.760000000000000009e-01,2.903777696153829746e-01
8.770000000000000018e-01,3.162983853517900013e-01
8.780000000000000027e-01,3.298682860329881783e-01
8.790000000000000036e-01,3.728885152139643777e-01
8.800000000000000044e-01,3.686035205111515833e-01
8.810000000000000053e-01,4.347161152435073950e-01
8.820000000000000062e-01,4.489528172349512847e-01
8.830000000000000071e-01,4.873378045691149074e-01
8.840000000000000080e-01,4.924409947707938384e-01
8.850000000000000089e-01,5.109310725548131815e-01
8.860000000000000098e-01,4.815923561970221201e-01
8.870000000000000107e-01,4.913447895333617477e-01
8.880000000000000115e-01,4.657328943766247398e-01
8.890000000000000124e-01,4.501944118313839782e-01
8.900000000000000133e-01,4.370918008260381571e-01
8.910000000000000142e-01,3.729072487114789003e-01
8.920000000000000151e-01,3.593863173938884326e-01
8.930000000000000160e-01,3.653372196624023460e-01
8.940000000000000169e-01,3.429090345646513827e-01
8.950000000000000178e-01,3.142773266062052206e-01
8.960000000000000187e-01,3.390513536786328164e-01
8.970000000000000195e-01,3.414997045511443119e-01
8.980000000000000204e-01,3.635531572358741137e-01
8.990000000000000213e-01,4.118929119179267073e-01
9.000000000000000222e-01,4.139045708631496900e-01
9.010000000000000231e-01,4.806043389907185270e-01
9.020000000000000240e-01,5.034675204422746075e-01
9.030000000000000249e-01,5.013544424484882578e-01
9.040000000000000258e-01,5.154274489221843947e-01
9.050000000000000266e-01,5.912895850517927432e-01
9.060000000000000275e-01,5.222561158163794293e-01
9.070000000000000284e-01,5.204340411862136140e-01
9.080000000000000293e-01,5.150646216675398570e-01
9.090000000000000302e-01,4.851485360214578546e-01
9.100000000000000311e-01,4.642479185101978656e-01
9.110000000000000320e-01,4.457827170467543731e-01
9.120000000000000329e-01,3.716765508210019275e-01
9.130000000000000338e-01,3.874551111498165668e-01
9.140000000000000346e-01,3.734995458377174393e-01
9.150000000000000355e-01,3.734735250282600338e-01
9.160000000000000364e-01,3.925389963210887401e-01
9.170000000000000373e-01,4.223049679499450981e-01
9.180000000000000382e-01,4.407779863891965744e-01
9.190000000000000391e-01,4.228192507200573269e-01
9.200000000000000400e-01,4.452205987934549358e-01
9.210000000000000409e-01,5.137534381366175573e-01
9.220000000000000417e-01,5.481547249183885695e-01
9.230000000000000426e-01,5.535011431178692431e-01
9.240000000000000435e-01,5.960947550363500103e-01
9.250000000000000444e-01,5.653688694630220057e-01
9.260000000000000453e-01,5.839909867358792361e-01
9.270000000000000462e-01,5.685742419119145241e-01
9.280000000000000471e-01,5.708787684673658491e-01
9.290000000000000480e-01,4.954960717702084350e-01
9.300000000000000488e-01,5.105031607252831227e-01
9.310000000000000497e-01,4.495560355103765948e-01
9.320000000000000506e-01,4.400707723424528428e-01
9.330000000000000515e-01,3.874541445636405790e-01
9.340000000000000524e-01,3.908707972382736151e-01
9.350000000000000533e-01,3.699826749325433317e-01
9.360000000000000542e-01,4.153712425239668993e-01
9.370000000000000551e-01,3.814575872190241190e-01
9.380000000000000560e-01,4.425041584507989345e-01
9.390000000000000568e-01,4.400830083158716599e-01
9.400000000000000577e-01,5.370617728457313111e-01
9.410000000000000586e-01,5.214239207084128136e-01
9.420000000000000595e-01,5.634720408885520726e-01
9.430000000000000604e-01,5.748248391089720855e-01
9.440000000000000613e-01,6.030268745237046257e-01
9.450000000000000622e-01,6.150215203353719406e-01
9.460000000000000631e-01,5.671265451660217893e-01
9.470000000000000639e-01,5.611873317120935623e-01
9.480000000000000648e-01,5.498580270515257551e-01
9.490000000000000657e-01,4.809375817278919718e-01
9.500000000000000666e-01,5.231536827853734417e-01
9.510000000000000675e-01,4.885867776877189650e-01
9.520000000000000684e-01,4.238970512598334572e-01
9.530000000000000693e-01,4.439955571212469421e-01
9.540000000000000702e-01,3.974053870092578156e-01
9.550000000000000711e-01,4.092812385982452783e-01
9.560000000000000719e-01,4.256066477192492203e-01
9.570000000000000728e-01,4.135380023625729318e-01
9.580000000000000737e-01,4.193799038561823456e-01
9.590000000000000746e-01,4.855512072325988138e-01
9.599999999999999645e-01,5.137063838273840943e-01
9.609999999999999654e-01,5.849139776344869368e-01
9.619999999999999662e-01,5.347338539237419530e-01
9.629999999999999671e-01,5.640447427144260617e-01
9.639999999999999680e-01,5.852918418759540664e-01
9.649999999999999689e-01,5.777696400663318022e-01
9.659999999999999698e-01,6.030777100933892854e-01
9.669999999999999707e-01,5.762456753963869360e-01
9.679999999999999716e-01,5.589168516666330744e-01
9.689999999999999725e-01,5.189607488000114177e-01
9.699999999999999734e-01,5.133102766271354644e-01
9.709999999999999742e-01,4.505168507629311869e-01
9.719999999999999751e-01,4.439607398878882005e-01
9.729999999999999760e-01,4.113657960922006418e-01
9.739999999999999769e-01,4.177708069077210595e-01
9.749999999999999778e-01,4.234176434361844876e-01
9.759999999999999787e-01,4.154344942465801327e-01
9.769999999999999796e-01,3.981400474292098313e-01
9.779999999999999805e-01,4.306180466265007722e-01
9.789999999999999813e-01,4.247388924657667930e-01
9.799999999999999822e-01,5.015244630488554511e-01
9.809999999999999831e-01,5.285097819259568785e-01
9.819999999999999840e-01,5.669048212697622713e-01
9.829999999999999849e-01,5.969399985472311210e-01
9.839999999999999858e-01,6.006821401090995938e-01
9.849999999999999867e-01,6.014528457476027157e-01
9.859999999999999876e-01,5.947593603485424874e-01
9.869999999999999885e-01,5.989226089522847740e-01
9.879999999999999893e-01,5.503123909250000612e-01
9.889999999999999902e-01,5.406737194413706593e-01
9.899999999999999911e-01,5.035063450858862089e-01
9.909999999999999920e-01,4.410060165395269238e-01
9.919999999999999929e-01,4.255861297370777674e-01
9.929999999999999938e-01,4.047733584094295733e-01
9.939999999999999947e-01,3.683827539520732053e-01
9.949999999999999956e-01,3.724777973889253913e-01
9.959999999999999964e-01,4.013533803753994156e-01
9.969999999999999973e-01,4.217699629560865970e-01
9.979999999999999982e-01,4.490322492861889558e-01
9.989999999999999991e-01,4.493851531297842761e-01
1.000000000000000000e+00,4.569208094263257358e-01
1.001000000000000112e+00,4.766993812349626936e-01
1.002000000000000002e+00,4.920321694819578817e-01
1.003000000000000114e+00,5.646051766575730380e-01
1.004000000000000004e+00,5.689183639514849844e-01
1.005000000000000115e+00,5.548261652491739415e-01
1.006000000000000005e+00,5.606286182645302540e-01
1.007000000000000117e+00,5.483031877952482258e-01
1.008000000000000007e+00,4.988154168183978610e-01
1.009000000000000119e+00,4.681103161213375219e-01
1.010000000000000009e+00,4.424191164793746522e-01
1.011000000000000121e+00,4.395300488954589913e-01
1.012000000000000011e+00,4.206546650595776593e-01
1.013000000000000123e+00,3.889613128865937464e-01
1.014000000000000012e+00,3.597209612791512634e-01
1.015000000000000124e+00,3.389106394156198299e-01
1.016000000000000014e+00,3.516789310670913604e-01
1.017000000000000126e+00,3.575743618071811070e-01
1.018000000000000016e+00,3.715613882091378106e-01
1.019000000000000128e+00,3.914842947998493083e-01
1.020000000000000018e+00,4.266695881124840106e-01
1.021000000000000130e+00,4.665774424033427015e-01
1.022000000000000020e+00,4.806335621527886293e-01
1.023000000000000131e+00,5.407411286790719807e-01
1.024000000000000021e+00,5.139852569073788402e-01
1.024999999999999911e+00,5.334387266801657868e-01
1.026000000000000023e+00,5.467247472171875566e-01
1.026999999999999913e+00,5.388737288525459190e-01
1.028000000000000025e+00,5.006474799041638057e-01
1.028999999999999915e+00,4.156709532067041080e-01
1.030000000000000027e+00,4.263793054777463287e-01
1.030999999999999917e+00,3.799225237371324781e-01
1.032000000000000028e+00,3.355532595791470007e-01
1.032999999999999918e+00,3.564995410037180568e-01
1.034000000000000030e+00,3.321708180366497731e-01
1.034999999999999920e+00,3.220599442217871866e-01
1.036000000000000032e+00,2.838301252503713235e-01
1.036999999999999922e+00,3.309648782281277013e-01
1.038000000000000034e+00,3.499577396973033161e-01
1.038999999999999924e+00,3.914870918591628057e-01
1.040000000000000036e+00,4.229256681228871217e-01
1.040999999999999925e+00,3.907616614699347957e-01
1.042000000000000037e+00,4.353448498549514212e-01
1.042999999999999927e+00,4.686456831155047520e-01
1.044000000000000039e+00,4.825803458922940936e-01
1.044999999999999929e+00,4.935346461143890195e-01
1.046000000000000041e+00,4.832126569907798652e-01
1.046999999999999931e+00,4.561539718126561560e-01
1.048000000000000043e+00,4.692199487907643962e-01
1.048999999999999932e+00,4.140802391835395335e-01
1.050000000000000044e+00,3.602282678247728520e-01
1.050999999999999934e+00,3.282343704445120913e-01
1.052000000000000046e+00,2.901723628066567029e-01
1.052999999999999936e+00,2.882338801072855672e-01
1.054000000000000048e+00,2.746621626459868626e-01
1.054999999999999938e+00,2.621162062908817258e-01
1.056000000000000050e+00,2.093043224021747251e-01
1.056999999999999940e+00,2.595634300004042716e-01
1.058000000000000052e+00,2.742535998841086342e-01
1.058999999999999941e+00,2.975007163253394205e-01
1.060000000000000053e+00,3.505175720644714277e-01
1.060999999999999943e+00,3.770934631684677574e-01
1.062000000000000055e+00,3.774407146105175914e-01
1.062999999999999945e+00,4.098723405776610318e-01
1.064000000000000057e+00,4.270436986358672193e-01
1.064999999999999947e+00,4.408964548652808402e-01
1.066000000000000059e+00,3.857943753319761360e-01
1.066999999999999948e+00,3.848417538495035317e-01
1.068000000000000060e+00,3.644650809398097824e-01
1.068999999999999950e+00,3.543196674552842040e-01
1.070000000000000062e+00,3.343152507996318690e-01
1.070999999999999952e+00,2.706828096577498233e-01
1.072000000000000064e+00,2.271889165438590874e-01
1.072999999999999954e+00,2.422806713389279443e-01
1.074000000000000066e+00,2.533642513478661651e-01
1.074999999999999956e+00,2.112205503889527380e-01
1.076000000000000068e+00,1.992225610669419722e-01
1.076999999999999957e+00,2.216165294317291035e-01
1.078000000000000069e+00,2.402421319769008912e-01
1.078999999999999959e+00,2.743071164207744328e-01
1.080000000000000071e+00,2.727247337507101022e-01
1.080999999999999961e+00,3.070725879123404889e-01
1.082000000000000073e+00,3.145937980745373008e-01
1.082999999999999963e+00,3.656699700704503231e-01
1.084000000000000075e+00,3.494031397470307998e-01
1.084999999999999964e+00,3.248588689936496854e-01
1.086000000000000076e+00,3.580272459389499673e-01
1.086999999999999966e+00,3.372730755999993058e-01
1.088000000000000078e+00,3.385355246876861068e-01
1.088999999999999968e+00,2.811524384712313918e-01
1.090000000000000080e+00,2.324326120227528103e-01
1.090999999999999970e+00,2.254251695627940144e-01
1.092000000000000082e+00,1.860264315815068625e-01
1.092999999999999972e+00,1.402943332240562113e-01
1.094000000000000083e+00,1.379070106207824775e-01
1.094999999999999973e+00,1.652737226816939076e-01
1.096000000000000085e+00,1.420990343700585523e-01
1.096999999999999975e+00,1.322005735989324471e-01
1.098000000000000087e+00,1.871727359232023269e-01
1.098999999999999977e+00,1.601621888284301964e-01
1.100000000000000089e+00,2.025503875454253699e-01
1.100999999999999979e+00,2.537908689025019093e-01
1.102000000000000091e+00,3.000673281395850878e-01
1.102999999999999980e+00,2.921507831536356847e-01
1.104000000000000092e+00,2.996855597532079862e-01
1.104999999999999982e+00,2.601982524776684791e-01
1.106000000000000094e+00,3.137356668801223880e-01
1.106999999999999984e+00,2.778893914396087794e-01
1.108000000000000096e+00,2.231507903733970233e-01
1.108999999999999986e+00,1.993975381414593573e-01
1.110000000000000098e+00,1.965559176493866800e-01
1.110999999999999988e+00,1.528421696552183517e-01
1.112000000000000099e+00,1.219904536006539003e-01
1.112999999999999989e+00,1.057514969917817821e-01
1.114000000000000101e+00,5.889666951654894123e-02
1.114999999999999991e+00,7.945199204925743053e-02
1.116000000000000103e+00,5.484831166672822500e-02
1.116999999999999993e+00,7.849058380258930323e-02
1.118000000000000105e+00,7.078594828622208901e-02
1.118999999999999995e+00,1.131346265242645505e-01
1.120000000000000107e+00,1.065252228808989260e-01
1.120999999999999996e+00,1.414381861121198902e-01
1.122000000000000108e+00,1.705876009063689025e-01
1.122999999999999998e+00,2.270186030461110727e-01
1.124000000000000110e+00,2.269481744826364333e-01
1.125000000000000000e+00,2.128967447975697869e-01
1.126000000000000112e+00,2.240289954297679520e-01
1.127000000000000002e+00,1.900925888441441503e-01
1.128000000000000114e+00,1.512423160232888864e-01
1.129000000000000004e+00,1.574708648478107542e-01
1.130000000000000115e+00,1.056826442633179569e-01
1.131000000000000005e+00,6.568139039331533091e-02
1.132000000000000117e+00,4.214831761770419100e-02
1.133000000000000007e+00,-2.262005613349979405e-02
1.134000000000000119e+00,-1.590284713833133023e-02
1.135000000000000009e+00,-6.547745398927612426e-02
1.136000000000000121e+00,-3.463272241636186632e-02
1.137000000000000011e+00,-2.115491744970990351e-02
1.138000000000000123e+00,1.064945499743244484e-03
1.139000000000000012e+00,5.798060653794633729e-03
1.140000000000000124e+00,4.896331474019621072e-02
1.141000000000000014e+00,1.167633511677967778e-01
1.142000000000000126e+00,1.027188663216456188e-01
1.143000000000000016e+00,1.284050832876625914e-01
1.144000000000000128e+00,1.624333719148097210e-01
1.145000000000000018e+00,1.646465544275503012e-01
1.146000000000000130e+00,1.508125821372432451e-01
1.147000000000000020e+00,8.537106829164617383e-02
1.148000000000000131e+00,1.052235239267756556e-01
1.149000000000000021e+00,7.800385194656220267e-02
1.150000000000000133e+00,-2.417976263339251025e-04
1.151000000000000023e+00,-2.668223034623228712e-02
1.152000000000000135e+00,-5.872122127795028484e-02
1.153000000000000025e+00,-9.873074492378794420e-02
1.153999999999999915e+00,-1.016256504029472568e-01
1.155000000000000027e+00,-6.448711343232363391e-02
1.155999999999999917e+00,-1.213304539713016550e-01
1.157000000000000028e+00,-9.599421371886546206e-02
1.157999999999999918e+00,-1.059666307921005302e-01
1.159000000000000030e+00,-4.554443887465466079e-02
1.159999999999999920e+00,-2.822452393257895292e-02
1.161000000000000032e+00,8.002208753102500738e-03
1.161999999999999922e+00,1.805221842530811693e-02
1.163000000000000034e+00,3.671169893174992815e-02
1.163999999999999924e+00,6.624048463961414168e-02
1.165000000000000036e+00,3.243882303758013896e-02
1.165999999999999925e+00,7.093072050684576246e-02
1.167000000000000037e+00,1.368747610242207480e-02
1.167999999999999927e+00,2.751739997482064576e-02
1.169000000000000039e+00,-4.318297350169543469e-02
1.169999999999999929e+00,-1.537211360500802086e-02
1.171000000000000041e+00,-1.089033679784725817e-01
1.171999999999999931e+00,-1.461679319246571296e-01
1.173000000000000043e+00,-1.685328039429822011e-01
1.173999999999999932e+00,-1.842906672441800842e-01
1.175000000000000044e+00,-1.688207364470222793e-01
1.175999999999999934e+00,-1.737602827195919297e-01
1.177000000000000046e+00,-1.605741334207946847e-01
1.177999999999999936e+00,-1.617100929933185105e-01
1.179000000000000048e+00,-1.106516060326695611e-01
1.179999999999999938e+00,-8.792770730272528312e-02
1.181000000000000050e+00,-8.790702444675141392e-02
1.181999999999999940e+00,-2.974143388259804788e-02
1.183000000000000052e+00,-8.769687454591848508e-03
1.183999999999999941e+00,-2.721941596228906468e-02
1.185000000000000053e+00,-4.155312550324435916e-02
1.185999999999999943e+00,-4.649279218455838747e-02
1.187000000000000055e+00,-5.545268244694134818e-02
1.187999999999999945e+00,-8.818651767617025072e-02
1.189000000000000057e+00,-1.300751461608761761e-01
1.189999999999999947e+00,-1.411749996309394628e-01
1.191000000000000059e+00,-1.752582058352706307e-01
1.191999999999999948e+00,-2.132913911246961114e-01
1.193000000000000060e+00,-2.253350516226184097e-01
1.193999999999999950e+00,-2.396235618746738183e-01
1.195000000000000062e+00,-2.808211969736755798e-01
1.195999999999999952e+00,-2.690455216548492401e-01
1.197000000000000064e+00,-2.386941325222872445e-01
1.197999999999999954e+00,-2.460284797224935316e-01
1.199000000000000066e+00,-2.134881006766634615e-01
1.199999999999999956e+00,-1.378574562660139502e-01
1.201000000000000068e+00,-1.979676694504422518e-01
1.201999999999999957e+00,-1.380656930139025906e-01
1.203000000000000069e+00,-8.637991236065958867e-02
1.203999999999999959e+00,-6.222511609183371817e-02
1.205000000000000071e+00,-8.406318802756418407e-02
1.205999999999999961e+00,-1.401843412990287363e-01
1.207000000000000073e+00,-1.054983337875081140e-01
1.207999999999999963e+00,-1.327273128403287927e-01
1.209000000000000075e+00,-1.995272573766047608e-01
1.209999999999999964e+00,-1.998718910512747027e-01
1.211000000000000076e+00,-2.708754792056565774e-01
1.211999999999999966e+00,-2.657522109497945095e-01
1.213000000000000078e+00,-3.034761992732888936e-01
1.213999999999999968e+00,-3.651600072163082578e-01
1.215000000000000080e+00,-3.746512169049489582e-01
1.215999999999999970e+00,-3.547688073157451161e-01
1.217000000000000082e+00,-2.903844757711035451e-01
1.217999999999999972e+00,-3.123142483737750275e-01
1.219000000000000083e+00,-2.920036637668398383e-01
1.219999999999999973e+00,-2.877953580060856886e-01
1.221000000000000085e+00,-2.437594243338537803e-01
1.221999999999999975e+00,-2.396852970101633340e-01
1.223000000000000087e+00,-1.506180520004780643e-01
1.223999999999999977e+00,-1.595659948724191257e-01
1.225000000000000089e+00,-1.704208501472787851e-01
1.225999999999999979e+00,-1.589336452942309852e-01
1.227000000000000091e+00,-2.136264453143730258e-01
1.227999999999999980e+00,-2.219669775323273031e-01
1.229000000000000092e+00,-2.623824621720940442e-01
1.229999999999999982e+00,-2.790546202641834284e-01
1.231000000000000094e+00,-3.446784491706681997e-01
1.231999999999999984e+00,-3.734563823045566888e-01
1.233000000000000096e+00,-4.149754672844097048e-01
1.233999999999999986e+00,-3.924279897300618214e-01
1.235000000000000098e+00,-4.012157058834628920e-01
1.235999999999999988e+00,-4.006186131436574871e-01
1.237000000000000099e+00,-4.001296592953986764e-01
1.237999999999999989e+00,-3.328508784943345900e-01
1.239000000000000101e+00,-3.555514022107049699e-01
1.239999999999999991e+00,-3.420835507731653791e-01
1.241000000000000103e+00,-3.156839637573914392e-01
1.241999999999999993e+00,-2.213845352654504606e-01
1.243000000000000105e+00,-2.258492657332964171e-01
1.243999999999999995e+00,-2.435495060516583155e-01
1.245000000000000107e+00,-2.583094145762644400e-01
1.245999999999999996e+00,-2.298605281955353186e-01
1.247000000000000108e+00,-2.678277234321763678e-01
1.247999999999999998e+00,-2.877958273054535554e-01
1.249000000000000110e+00,-3.319429927054434737e-01
1.250000000000000000e+00,-3.575622452236144611e-01
1.251000000000000112e+00,-3.637456537461589146e-01
1.252000000000000002e+00,-4.304463901565540040e-01
1.253000000000000114e+00,-4.344851494382575008e-01
1.254000000000000004e+00,-4.676650779269244662e-01
1.255000000000000115e+00,-4.813978067941971917e-01
1.256000000000000005e+00,-4.351315580487962187e-01
1.257000000000000117e+00,-4.782444379711627280e-01
1.258000000000000007e+00,-4.149496445358846763e-01
1.259000000000000119e+00,-3.908636404554303168e-01
1.260000000000000009e+00,-3.633913551804793252e-01
1.261000000000000121e+00,-3.422864702225134614e-01
1.262000000000000011e+00,-3.560552694133070073e-01
1.263000000000000123e+00,-3.085652352267111431e-01
1.264000000000000012e+00,-3.050213933070562433e-01
1.265000000000000124e+00,-2.836065639409597328e-01
1.266000000000000014e+00,-2.692497169071413898e-01
1.267000000000000126e+00,-3.251568578934236342e-01
1.268000000000000016e+00,-3.836822860901473731e-01
1.269000000000000128e+00,-3.970645050450885560e-01
1.270000000000000018e+00,-3.937688600193302579e-01
1.271000000000000130e+00,-4.247604184385476711e-01
1.272000000000000020e+00,-4.605562170863560789e-01
1.273000000000000131e+00,-4.993406066600575288e-01
1.274000000000000021e+00,-5.442715790417285149e-01
1.275000000000000133e+00,-5.508985543343490887e-01
1.276000000000000023e+00,-5.134164141461686759e-01
1.277000000000000135e+00,-4.801933632925133866e-01
1.278000000000000025e+00,-4.976033359771874220e-01
1.279000000000000137e+00,-4.576165410603870165e-01
1.280000000000000027e+00,-4.321070064512850251e-01
1.280999999999999917e+00,-3.888337664108943437e-01
1.282000000000000028e+00,-3.595167742054304338e-01
1.282999999999999918e+00,-3.513407121670981126e-01
1.284000000000000030e+00,-3.426938012403019096e-01
1.284999999999999920e+00,-3.456206770472023404e-01
1.286000000000000032e+00,-3.636667908747300282e-01
1.286999999999999922e+00,-3.565327074984797617e-01
1.288000000000000034e+00,-3.971978879063456924e-01
1.288999999999999924e+00,-4.405287204655071731e-01
1.290000000000000036e+00,-5.008287480550376314e-01
1.290999999999999925e+00,-5.194413211459291135e-01
1.292000000000000037e+00,-5.229804939970212896e-01
1.292999999999999927e+00,-5.552099746689904691e-01
1.294000000000000039e+00,-5.390173749459929997e-01
1.294999999999999929e+00,-5.441541350743296368e-01
1.296000000000000041e+00,-5.697336244851738396e-01
1.296999999999999931e+00,-5.795607291292467211e-01
1.298000000000000043e+00,-5.363703316632151274e-01
1.298999999999999932e+00,-4.873628948445025144e-01
1.300000000000000044e+00,-4.633729795182668365e-01
1.300999999999999934e+00,-4.357183865738205042e-01
1.302000000000000046e+00,-4.265597950692613383e-01
1.302999999999999936e+00,-4.074737792199749631e-01
1.304000000000000048e+00,-3.757746203519632400e-01
1.304999999999999938e+00,-3.648201629750148500e-01
1.306000000000000050e+00,-3.629119181684867246e-01
1.306999999999999940e+00,-3.965078563785364718e-01
1.308000000000000052e+00,-4.220123919969492321e-01
1.308999999999999941e+00,-4.693655506170171243e-01
1.310000000000000053e+00,-4.453137356647148826e-01
1.310999999999999943e+00,-5.097351540262806679e-01
1.312000000000000055e+00,-5.602169477003159370e-01
1.312999999999999945e+00,-5.917731225955000784e-01
1.314000000000000057e+00,-5.666541918946638168e-01
1.314999999999999947e+00,-6.014420310280107485e-01
1.316000000000000059e+00,-5.541497170712320619e-01
1.316999999999999948e+00,-5.375810506686543588e-01
1.318000000000000060e+00,-5.073315253864270069e-01
1.318999999999999950e+00,-5.354757403046236375e-01
1.320000000000000062e+00,-4.951162692394889264e-01
1.320999999999999952e+00,-4.506986278804564483e-01
1.322000000000000064e+00,-4.189402582902004291e-01
1.322999999999999954e+00,-4.026903553606073216e-01
1.324000000000000066e+00,-4.320495501496731117e-01
1.324999999999999956e+00,-3.575679794084113405e-01
1.326000000000000068e+00,-3.949076388908432933e-01
1.326999999999999957e+00,-4.010397127332829825e-01
1.328000000000000069e+00,-4.255663191447826010e-01
1.328999999999999959e+00,-4.804196128312610004e-01
1.330000000000000071e+00,-4.889396249863325883e-01
1.330999999999999961e+00,-5.232647551323501567e-01
1.332000000000000073e+00,-5.460323076046083024e-01
1.332999999999999963e+00,-5.931043570676333143e-01
1.334000000000000075e+00,-5.802717164450497123e-01
1.334999999999999964e+00,-5.859942193175275982e-01
1.336000000000000076e+00,-6.122061421455691210e-01
1.336999999999999966e+00,-6.285325907379784027e-01
1.338000000000000078e+00,-5.496113360508247947e-01
1.338999999999999968e+00,-5.322673680688755349e-01
1.340000000000000080e+00,-5.026744299267738025e-01
1.340999999999999970e+00,-4.717861009743440914e-01
1.342000000000000082e+00,-4.209180674522449150e-01
1.342999999999999972e+00,-4.128732268232162550e-01
1.344000000000000083e+00,-3.858338655063449640e-01
1.344999999999999973e+00,-3.818316984723970631e-01
1.346000000000000085e+00,-4.204230543211308069e-01
1.346999999999999975e+00,-4.368699869638555944e-01
1.348000000000000087e+00,-4.823977365594062650e-01
1.348999999999999977e+00,-4.986385096499437730e-01
1.350000000000000089e+00,-5.083225150588072117e-01
1.350999999999999979e+00,-5.616957537460027794e-01
1.352000000000000091e+00,-5.431378118866229121e-01
1.352999999999999980e+00,-5.542057726800204698e-01
1.354000000000000092e+00,-5.900710213063738996e-01
1.354999999999999982e+00,-6.103804394854662752e-01
1.356000000000000094e+00,-5.817238563206287294e-01
1.356999999999999984e+00,-5.745157143501521402e-01
1.358000000000000096e+00,-5.665404612766289372e-01
1.358999999999999986e+00,-5.321205831994325619e-01
1.360000000000000098e+00,-5.172331146962686477e-01
1.360999999999999988e+00,-4.631457149636125092e-01
1.362000000000000099e+00,-4.541724909061506388e-01
1.362999999999999989e+00,-4.296675104128189204e-01
1.364000000000000101e+00,-4.193274136292474696e-01
1.364999999999999991e+00,-3.772895917868970272e-01
1.366000000000000103e+00,-3.741385489603210601e-01
1.366999999999999993e+00,-4.427316650830814826e-01
1.368000000000000105e+00,-4.571144771894111170e-01
1.368999999999999995e+00,-4.633191287887679088e-01
1.370000000000000107e+00,-4.775668221974124217e-01
1.370999999999999996e+00,-4.961967729841814667e-01
1.372000000000000108e+00,-5.696227701010522226e-01
1.372999999999999998e+00,-5.819851594059428646e-01
1.374000000000000110e+00,-6.072011746598080517e-01
1.375000000000000000e+00,-6.071871822148904307e-01
1.376000000000000112e+00,-5.993221036977356420e-01
1.377000000000000002e+00,-5.463330180876939668e-01
1.378000000000000114e+00,-5.536687540289622067e-01
1.379000000000000004e+00,-4.933078611008988590e-01
1.380000000000000115e+00,-4.534106148658108015e-01
1.381000000000000005e+00,-4.309777391440319239e-01
1.382000000000000117e+00,-3.847025089487819960e-01
1.383000000000000007e+00,-3.547111623901452737e-01
1.384000000000000119e+00,-4.131503149610773473e-01
1.385000000000000009e+00,-3.486658789443733975e-01
1.386000000000000121e+00,-3.788050374801331666e-01
1.387000000000000011e+00,-3.752457975930992284e-01
1.388000000000000123e+00,-3.832547081248604548e-01
1.389000000000000012e+00,-4.471010107300872338e-01
1.390000000000000124e+00,-4.473706200673503441e-01
1.391000000000000014e+00,-5.160822522989995109e-01
1.392000000000000126e+00,-5.013926217929384199e-01
1.393000000000000016e+00,-5.240257177773525177e-01
1.394000000000000128e+00,-5.621431602727309240e-01
1.395000000000000018e+00,-5.532238067296167960e-01
1.396000000000000130e+00,-5.677956173239916415e-01
1.397000000000000020e+00,-5.839727927329125823e-01
1.398000000000000131e+00,-4.750806093427169530e-01
1.399000000000000021e+00,-5.036952782260339934e-01
1.400000000000000133e+00,-4.754608344204350190e-01
1.401000000000000023e+00,-4.598469158134163015e-01
1.402000000000000135e+00,-3.803723063764304912e-01
1.403000000000000025e+00,-3.280912868402453553e-01
1.404000000000000137e+00,-3.584691172549775429e-01
1.405000000000000027e+00,-3.316052116657267623e-01
1.406000000000000139e+00,-3.614793063596579703e-01
1.407000000000000028e+00,-3.851850026125359649e-01
1.407999999999999918e+00,-3.300468679090511892e-01
1.409000000000000030e+00,-3.655478218855439110e-01
1.409999999999999920e+00,-4.452623095525298780e-01
1.411000000000000032e+00,-4.713380839206300355e-01
1.411999999999999922e+00,-5.118462310090987621e-01
1.413000000000000034e+00,-5.077459952070082494e-01
1.413999999999999924e+00,-5.146027568306644762e-01
1.415000000000000036e+00,-5.474945147094213427e-01
1.415999999999999925e+00,-5.103061414548243357e-01
1.417000000000000037e+00,-5.036553760090800580e-01
1.417999999999999927e+00,-4.459210541769979552e-01
1.419000000000000039e+00,-4.306817357260444012e-01
1.419999999999999929e+00,-4.114628944062290739e-01
1.421000000000000041e+00,-3.428640176094060465e-01
1.421999999999999931e+00,-3.435612079870645763e-01
1.423000000000000043e+00,-3.065162988643665432e-01
1.423999999999999932e+00,-2.867670437800540761e-01
1.425000000000000044e+00,-2.746620165907509570e-01
1.425999999999999934e+00,-2.768034321916724161e-01
1.427000000000000046e+00,-3.133869969436152703e-01
1.427999999999999936e+00,-3.202778470241038344e-01
1.429000000000000048e+00,-3.717207651105935429e-01
1.429999999999999938e+00,-4.039329407949349693e-01
1.431000000000000050e+00,-4.464806497281594844e-01
1.431999999999999940e+00,-4.474973119881010541e-01
1.433000000000000052e+00,-4.761531796248409942e-01
1.433999999999999941e+00,-5.067059191274152496e-01
1.435000000000000053e+00,-4.494020910364709964e-01
1.435999999999999943e+00,-4.531799610601608408e-01
1.437000000000000055e+00,-4.341227142700425090e-01
1.437999999999999945e+00,-4.178761479396710943e-01
1.439000000000000057e+00,-3.927147532578442735e-01
1.439999999999999947e+00,-3.844114970740365456e-01
1.441000000000000059e+00,-3.683233960203671775e-01
1.441999999999999948e+00,-3.269543657482176235e-01
1.443000000000000060e+00,-2.618171702694370162e-01
1.443999999999999950e+00,-2.489753639037030897e-01
1.445000000000000062e+00,-2.955411412602148014e-01
1.445999999999999952e+00,-2.537585196456452197e-01
1.447000000000000064e+00,-2.440700223263207458e-01
1.447999999999999954e+00,-2.591470244158215475e-01
1.449000000000000066e+00,-3.562919451744780419e-01
1.449999999999999956e+00,-3.163865701079316417e-01
1.451000000000000068e+00,-3.399003387632382189e-01
1.451999999999999957e+00,-3.733194479298619917e-01
1.453000000000000069e+00,-3.640829581812550231e-01
1.453999999999999959e+00,-4.304366731648902045e-01
1.455000000000000071e+00,-3.929433363262361256e-01
1.455999999999999961e+00,-4.191252610326168249e-01
1.457000000000000073e+00,-4.035236562554230799e-01
1.457999999999999963e+00,-3.892971924319423849e-01
1.459000000000000075e+00,-2.883348978025524478e-01
1.459999999999999964e+00,-3.128180296501024138e-01
1.461000000000000076e+00,-2.601608030547405415e-01
1.461999999999999966e+00,-2.567125975038857533e-01
1.463000000000000078e+00,-1.744284001590893363e-01
1.463999999999999968e+00,-1.662665686640882601e-01
1.465000000000000080e+00,-1.851773239639529500e-01
1.465999999999999970e+00,-1.863493626923298507e-01
1.467000000000000082e+00,-2.050560887448842351e-01
1.467999999999999972e+00,-1.967194883319134668e-01
1.469000000000000083e+00,-2.303445336497520757e-01
1.469999999999999973e+00,-2.731001771669609446e-01
1.471000000000000085e+00,-2.880867511760158983e-01
1.471999999999999975e+00,-3.210845373499550126e-01
1.473000000000000087e+00,-3.106924884181122559e-01
1.473999999999999977e+00,-3.306636051272900390e-01
1.475000000000000089e+00,-3.016126576350482980e-01
1.475999999999999979e+00,-3.712988591721785303e-01
1.477000000000000091e+00,-3.170977535707509287e-01
1.477999999999999980e+00,-2.957246862308299251e-01
1.479000000000000092e+00,-2.261628627514213619e-01
1.479999999999999982e+00,-2.304523207685303388e-01
1.481000000000000094e+00,-1.762147375994325416e-01
1.481999999999999984e+00,-1.741809654425963971e-01
1.483000000000000096e+00,-1.248143687863787904e-01
1.483999999999999986e+00,-1.132150105621291536e-01
1.485000000000000098e+00,-6.513979667518848826e-02
1.485999999999999988e+00,-1.456969227308760884e-01
1.487000000000000099e+00,-1.400845834637525211e-01
1.487999999999999989e+00,-1.625198400779536145e-01
1.489000000000000101e+00,-1.469591357296364531e-01
1.489999999999999991e+00,-1.833328619513842073e-01
1.491000000000000103e+00,-1.979283185303271630e-01
1.491999999999999993e+00,-2.547640355097880449e-01
1.493000000000000105e+00,-2.745428087450364485e-01
1.493999999999999995e+00,-2.421210089743866811e-01
1.495000000000000107e+00,-2.676919986528206730e-01
1.495999999999999996e+00,-2.813138400424116115e-01
1.497000000000000108e+00,-2.527446301174405829e-01
1.497999999999999998e+00,-2.380468457899403700e-01
1.499000000000000110e+00,-1.775371233405017846e-01
1.500000000000000000e+00,-1.277240388378010905e-01
1.501000000000000112e+00,-1.207582103956953423e-01
1.502000000000000002e+00,-1.261836594384200538e-01
1.503000000000000114e+00,-7.045317019856069118e-02
1.504000000000000004e+00,-5.971911114435315970e-02
1.505000000000000115e+00,-1.560154835432106535e-03
1.506000000000000005e+00,-7.917128223959571387e-02
1.507000000000000117e+00,-5.131273157040339150e-02
1.508000000000000007e+00,-7.394484900641759562e-02
1.509000000000000119e+00,-8.976815572379388819e-02
1.510000000000000009e+00,-8.087990519680780810e-02
1.511000000000000121e+00,-1.390083226815194695e-01
1.512000000000000011e+00,-1.629637143284408951e-01
1.513000000000000123e+00,-2.092701963436902624e-01
1.514000000000000012e+00,-2.170548755329010926e-01
1.515000000000000124e+00,-2.087209796396494732e-01
1.516000000000000014e+00,-1.888845903554218220e-01
1.517000000000000126e+00,-1.385561024476287817e-01
1.518000000000000016e+00,-1.587176522160814451e-01
1.519000000000000128e+00,-1.165690193080599624e-01
1.520000000000000018e+00,-9.021838869709671027e-02
1.521000000000000130e+00,-3.894633525249235895e-02
1.522000000000000020e+00,-8.674313394078217443e-03
1.523000000000000131e+00,4.468136221968949107e-02
1.524000000000000021e+00,9.904709354214252803e-03
1.525000000000000133e+00,7.162263229634643902e-02
1.526000000000000023e+00,3.980970312120807320e-02
1.527000000000000135e+00,3.416229774615982262e-02
1.528000000000000025e+00,4.006627789144782958e-03
1.529000000000000137e+00,-5.833631023121760295e-02
1.530000000000000027e+00,-3.037048299289398304e-02
1.531000000000000139e+00,-4.267300537978305913e-02
1.532000000000000028e+00,-1.085410184635682423e-01
1.533000000000000140e+00,-1.039351130906368548e-01
1.534000000000000030e+00,-1.041107830719395916e-01
1.535000000000000142e+00,-1.241123944585398875e-01
1.536000000000000032e+00,-1.127884239382565545e-01
1.536999999999999922e+00,-1.011191497603010636e-01
1.538000000000000034e+00,-4.169184035021457346e-02
1.538999999999999924e+00,-1.492785646214578668e-02
1.540000000000000036e+00,1.137615101657847919e-02
1.540999999999999925e+00,4.542895083760900565e-02
1.542000000000000037e+00,7.381767968195808438e-02
1.542999999999999927e+00,1.093711431647252097e-01
1.544000000000000039e+00,1.147573578575664943e-01
1.544999999999999929e+00,1.235758598171100564e-01
1.546000000000000041e+00,1.122357577690140107e-01
1.546999999999999931e+00,1.118782458558864878e-01
1.548000000000000043e+00,1.255114603475450952e-01
1.548999999999999932e+00,4.443906258955872268e-02
1.550000000000000044e+00,5.148052756664593665e-02
1.550999999999999934e+00,-6.706339264974235659e-03
1.552000000000000046e+00,-2.344092394904873089e-02
1.552999999999999936e+00,-1.520154861296607596e-02
1.554000000000000048e+00,-3.504507083582193705e-02
1.554999999999999938e+00,-2.730110674755915900e-02
1.556000000000000050e+00,-8.605269095528500500e-04
1.556999999999999940e+00,-2.466296843608168504e-02
1.558000000000000052e+00,9.789683416892458467e-03
1.558999999999999941e+00,6.792464459315299130e-02
1.560000000000000053e+00,9.279906511269588043e-02
1.560999999999999943e+00,1.249007859723101355e-01
1.562000000000000055e+00,1.516058465290596180e-01
1.562999999999999945e+00,1.931582031677981370e-01
1.564000000000000057e+00,2.145530701469131885e-01
1.564999999999999947e+00,2.184868650392722822e-01
1.566000000000000059e+00,2.314514655354722450e-01
1.566999999999999948e+00,2.050596618530502457e-01
1.568000000000000060e+00,2.013866596774574469e-01
1.568999999999999950e+00,1.706046946120040320e-01
1.570000000000000062e+00,1.127887887801453104e-01
1.570999999999999952e+00,7.840351311125956513e-02
1.572000000000000064e+00,4.919356901770337298e-02
1.572999999999999954e+00,5.835355380453746688e-02
1.574000000000000066e+00,4.732876272246390459e-02
1.574999999999999956e+00,3.431152300768439134e-02
1.576000000000000068e+00,6.626382638944205983e-02
1.576999999999999957e+00,6.299285576563121158e-02
1.578000000000000069e+00,6.254137861766362327e-02
1.578999999999999959e+00,1.437201611623575570e-01
1.580000000000000071e+00,1.778288956224147455e-01
1.580999999999999961e+00,1.944067389651168154e-01
1.582000000000000073e+00,2.190039748406593656e-01
1.582999999999999963e+00,2.388004820929717220e-01
1.584000000000000075e+00,2.510093346798250580e-01
1.584999999999999964e+00,2.808020027101442717e-01
1.586000000000000076e+00,2.737843019376508535e-01
1.586999999999999966e+00,2.822223691126801715e-01
1.588000000000000078e+00,2.780269654091585552e-01
1.588999999999999968e+00,2.321607315822443451e-01
1.590000000000000080e+00,1.970545824360442067e-01
1.590999999999999970e+00,1.844635619780879421e-01
1.592000000000000082e+00,1.899567299323043079e-01
1.592999999999999972e+00,1.069571073819480245e-01
1.594000000000000083e+00,1.054242098244648485e-01
1.594999999999999973e+00,1.164645742233514913e-01
1.596000000000000085e+00,1.476496799750423583e-01
1.596999999999999975e+00,1.386685276935502031e-01
1.598000000000000087e+00,1.941312475106830582e-01
1.598999999999999977e+00,2.035029775808545605e-01
1.600000000000000089e+00,2.639829356121707882e-01
1.600999999999999979e+00,2.716228863410651284e-01
1.602000000000000091e+00,3.110846024836931289e-01
1.602999999999999980e+00,3.414659382698989054e-01
1.604000000000000092e+00,3.613764755762378100e-01
1.604999999999999982e+00,3.654956196089592657e-01
1.606000000000000094e+00,3.685011294465615483e-01
1.606999999999999984e+00,3.477669429732249684e-01
1.608000000000000096e+00,3.464695879142353219e-01
1.608999999999999986e+00,2.865003397330742052e-01
1.610000000000000098e+00,2.666525253789417405e-01
1.610999999999999988e+00,2.308131064783874031e-01
1.612000000000000099e+00,2.128144796881831780e-01
1.612999999999999989e+00,1.995128166221037946e-01
1.614000000000000101e+00,1.770163617341403151e-01
1.614999999999999991e+00,1.844952565709796766e-01
1.616000000000000103e+00,1.765582173327950588e-01
1.616999999999999993e+00,2.182734497413185704e-01
1.618000000000000105e+00,2.342400601669822890e-01
1.618999999999999995e+00,2.931264153442729170e-01
1.620000000000000107e+00,3.302381510898504957e-01
1.620999999999999996e+00,3.287054439259239902e-01
1.622000000000000108e+00,3.735185445099628021e-01
1.622999999999999998e+00,3.943502314727689861e-01
1.624000000000000110e+00,4.290953467639366248e-01
1.625000000000000000e+00,4.820389944128835591e-01
1.626000000000000112e+00,4.326758078097077687e-01
1.627000000000000002e+00,4.102635339627921374e-01
1.628000000000000114e+00,4.166522100111475502e-01
1.629000000000000004e+00,3.470924711920323480e-01
1.630000000000000115e+00,3.458043451285490177e-01
1.631000000000000005e+00,3.053989899509278461e-01
1.632000000000000117e+00,3.024804508386058632e-01
1.633000000000000007e+00,2.692018192290625000e-01
1.634000000000000119e+00,2.615573935938278471e-01
1.635000000000000009e+00,2.519136547398602710e-01
1.636000000000000121e+00,2.603651559035454754e-01
1.637000000000000011e+00,2.787187379694106015e-01
1.638000000000000123e+00,3.088720590530475985e-01
1.639000000000000012e+00,3.665481224919719394e-01
1.640000000000000124e+00,3.862513884933434505e-01
1.641000000000000014e+00,3.767038489505081800e-01
1.642000000000000126e+00,4.456842358795183867e-01
1.643000000000000016e+00,4.269993653638993747e-01
1.644000000000000128e+00,4.866718290164643856e-01
1.645000000000000018e+00,4.923957066478303890e-01
1.646000000000000130e+00,4.768602550257888817e-01
1.647000000000000020e+00,4.873904985340054008e-01
1.648000000000000131e+00,4.473313455048076315e-01
1.649000000000000021e+00,4.411226720162687576e-01
1.650000000000000133e+00,3.490299039126874003e-01
1.651000000000000023e+00,3.659618174938674695e-01
1.652000000000000135e+00,3.697164731997124587e-01
1.653000000000000025e+00,3.087073431394554701e-01
1.654000000000000137e+00,3.112993950363755480e-01
1.655000000000000027e+00,3.034792700545042576e-01
1.656000000000000139e+00,3.378042502367767930e-01
1.657000000000000028e+00,3.276142427867933526e-01
1.658000000000000140e+00,3.195005796699172951e-01
1.659000000000000030e+00,3.976793047844464080e-01
1.660000000000000142e+00,4.215868314542199347e-01
1.661000000000000032e+00,4.393843210689863943e-01
1.662000000000000144e+00,4.845453215087046628e-01
1.663000000000000034e+00,5.076030763036365467e-01
1.664000000000000146e+00,5.481844079731926778e-01
1.665000000000000036e+00,5.246498371865772059e-01
1.665999999999999925e+00,5.203072308504324006e-01
1.667000000000000037e+00,1.516884051075652717e+00
1.667999999999999927e+00,7.921757700766127730e-01
1.669000000000000039e+00,-6.184853269413136123e-02
1.669999999999999929e+00,4.536527301064774420e-01
1.671000000000000041e+00,4.412140913283784660e-01
1.671999999999999931e+00,3.960565064418813397e-01
1.673000000000000043e+00,3.959563884735248784e-01
1.673999999999999932e+00,3.366431105275689561e-01
1.675000000000000044e+00,3.430914844212775705e-01
1.675999999999999934e+00,3.548014786243266494e-01
1.677000000000000046e+00,4.001227914696859345e-01
1.677999999999999936e+00,4.064195189939611152e-01
1.679000000000000048e+00,4.235364844686238528e-01
1.679999999999999938e+00,4.493648407229331454e-01
1.681000000000000050e+00,4.684333198787808406e-01
1.681999999999999940e+00,5.083769271769829068e-01
1.683000000000000052e+00,5.641441095922690163e-01
1.683999999999999941e+00,5.214866272243950940e-01
1.685000000000000053e+00,5.855726208202544081e-01
1.685999999999999943e+00,5.323488715572898267e-01
1.687000000000000055e+00,5.491120190839977599e-01
1.687999999999999945e+00,5.480760797890693592e-01
1.689000000000000057e+00,4.790684244167657257e-01
1.689999999999999947e+00,4.586776027436066938e-01
1.691000000000000059e+00,4.609659603764716951e-01
1.691999999999999948e+00,4.233448638512676832e-01
1.693000000000000060e+00,4.030401851698869331e-01
1.693999999999999950e+00,3.632030074825445820e-01
1.695000000000000062e+00,4.027954379243914307e-01
1.695999999999999952e+00,3.894367546513613498e-01
1.697000000000000064e+00,3.777946632915907821e-01
1.697999999999999954e+00,4.280782501656784089e-01
1.699000000000000066e+00,4.629305565832181335e-01
1.699999999999999956e+00,4.982788629080459608e-01
1.701000000000000068e+00,5.275548707728414666e-01
1.701999999999999957e+00,5.135313496798306065e-01
1.703000000000000069e+00,5.939950413104577720e-01
1.703999999999999959e+00,5.878076332495445477e-01
1.705000000000000071e+00,5.741495806842512595e-01
1.705999999999999961e+00,5.896398780981657595e-01
1.707000000000000073e+00,5.808378988113873653e-01
1.707999999999999963e+00,5.463945604521190935e-01
1.709000000000000075e+00,5.053448212481086443e-01
1.709999999999999964e+00,4.877583819177060409e-01
1.711000000000000076e+00,4.625359208982202652e-01
1.711999999999999966e+00,4.123224652069498730e-01
1.713000000000000078e+00,3.950381023601682307e-01
1.713999999999999968e+00,3.816733022862461855e-01
1.715000000000000080e+00,3.912149196435409371e-01
1.715999999999999970e+00,3.649138362724031470e-01
1.717000000000000082e+00,4.101507109577946508e-01
1.717999999999999972e+00,4.424031766691795542e-01
1.719000000000000083e+00,4.337048159885580900e-01
1.719999999999999973e+00,5.152430699777903467e-01
1.721000000000000085e+00,5.279291237203815879e-01
1.721999999999999975e+00,5.783905603314005717e-01
1.723000000000000087e+00,5.858481584586121560e-01
1.723999999999999977e+00,5.765977004891044144e-01
1.725000000000000089e+00,6.009555656186064132e-01
1.725999999999999979e+00,6.029778715276259415e-01
1.727000000000000091e+00,6.190424560139122789e-01
1.727999999999999980e+00,5.359169745000733620e-01
1.729000000000000092e+00,5.311702866578928983e-01
1.729999999999999982e+00,5.068434222126804167e-01
1.731000000000000094e+00,4.761713070570118278e-01
1.731999999999999984e+00,4.495560865386659666e-01
1.733000000000000096e+00,4.164884696547481724e-01
1.733999999999999986e+00,3.614875544835322030e-01
1.735000000000000098e+00,4.099411587574784965e-01
1.735999999999999988e+00,3.987645366870191110e-01
1.737000000000000099e+00,3.611796045472607242e-01
1.737999999999999989e+00,4.433053331360047866e-01
1.739000000000000101e+00,4.304561953892311332e-01
1.739999999999999991e+00,4.869091012330021284e-01
1.741000000000000103e+00,5.474635214182640430e-01
1.741999999999999993e+00,5.585890121112468965e-01
1.743000000000000105e+00,5.928879025870885666e-01
1.743999999999999995e+00,5.600595877004302947e-01
1.745000000000000107e+00,5.678209711566198914e-01
1.745999999999999996e+00,5.952197809638757331e-01
1.747000000000000108e+00,5.854330666153989560e-01
1.747999999999999998e+00,5.431146464979863531e-01
1.749000000000000110e+00,5.565951363402193985e-01
1.750000000000000000e+00,5.104531992753980063e-01
1.751000000000000112e+00,4.796510478597261762e-01
1.752000000000000002e+00,3.863501924956807554e-01
1.753000000000000114e+00,4.320419235914658707e-01
1.754000000000000004e+00,4.093723224794291182e-01
1.755000000000000115e+00,3.705050335404280748e-01
1.756000000000000005e+00,3.963338473404052209e-01
1.757000000000000117e+00,3.706493463532696819e-01
1.758000000000000007e+00,4.579224152723471164e-01
1.759000000000000119e+00,4.167739571690953215e-01
1.760000000000000009e+00,4.756268469539190469e-01
1.761000000000000121e+00,4.931170853033716162e-01
1.762000000000000011e+00,5.405595261936592122e-01
1.763000000000000123e+00,5.261805840639653953e-01
1.764000000000000012e+00,5.836955498097040618e-01
1.765000000000000124e+00,5.845433198767202576e-01
1.766000000000000014e+00,5.988530992728834379e-01
1.767000000000000126e+00,5.820439795746292777e-01
1.768000000000000016e+00,5.226456071521972113e-01
1.769000000000000128e+00,5.138270247171096150e-01
1.770000000000000018e+00,4.755699086531570696e-01
1.771000000000000130e+00,4.344025032875643566e-01
1.772000000000000020e+00,4.054360718737413105e-01
1.773000000000000131e+00,3.950739295838069376e-01
1.774000000000000021e+00,3.621131287744829841e-01
1.775000000000000133e+00,3.898482907471341186e-01
1.776000000000000023e+00,3.899964528061046765e-01
1.777000000000000135e+00,3.921887060993063390e-01
1.778000000000000025e+00,4.048705141699425747e-01
1.779000000000000137e+00,4.070365885295045838e-01
1.780000000000000027e+00,4.665026786712502260e-01
1.781000000000000139e+00,5.069406172901091967e-01
1.782000000000000028e+00,5.078729513482362901e-01
1.783000000000000140e+00,5.143831115198538306e-01
1.784000000000000030e+00,5.342281550150433933e-01
1.785000000000000142e+00,5.318381604952582276e-01
1.786000000000000032e+00,5.987914153483300250e-01
1.787000000000000144e+00,5.328509625121942150e-01
1.788000000000000034e+00,5.216535819483100189e-01
1.789000000000000146e+00,5.383918969367589291e-01
1.790000000000000036e+00,4.434627279587876059e-01
1.791000000000000147e+00,4.009238684345223236e-01
1.792000000000000037e+00,3.710194210160204786e-01
1.792999999999999927e+00,3.501134219449153484e-01
1.794000000000000039e+00,3.602001640317531450e-01
1.794999999999999929e+00,3.279759968862646646e-01
1.796000000000000041e+00,3.612860226657592100e-01
1.796999999999999931e+00,3.524432318255816821e-01
1.798000000000000043e+00,3.866991604276413530e-01
1.798999999999999932e+00,4.017530907844359400e-01
1.800000000000000044e+00,4.112964454564814742e-01
1.800999999999999934e+00,4.294040343998187237e-01
1.802000000000000046e+00,4.689324896408773036e-01
1.802999999999999936e+00,4.725029368729435908e-01
1.804000000000000048e+00,5.017414775866216869e-01
1.804999999999999938e+00,5.375664508907967987e-01
1.806000000000000050e+00,5.125438497868060050e-01
1.806999999999999940e+00,4.887626582055115132e-01
1.808000000000000052e+00,4.571011681595578136e-01
1.808999999999999941e+00,4.285286970858357969e-01
1.810000000000000053e+00,4.021566491610221172e-01
1.810999999999999943e+00,3.794290760963158760e-01
1.812000000000000055e+00,3.424781723206168360e-01
1.812999999999999945e+00,3.160559768615293086e-01
1.814000000000000057e+00,3.163966297860782984e-01
1.814999999999999947e+00,3.050519297374547634e-01
1.816000000000000059e+00,2.625120234225803983e-01
1.816999999999999948e+00,3.291863036335428427e-01
1.818000000000000060e+00,2.826999389056100154e-01
1.818999999999999950e+00,3.460341129889616396e-01
1.820000000000000062e+00,3.643428181379050890e-01
1.820999999999999952e+00,3.758734332701734182e-01
1.822000000000000064e+00,4.442509957747595717e-01
1.822999999999999954e+00,4.539865214007284266e-01
1.824000000000000066e+00,4.951194157419179787e-01
1.824999999999999956e+00,4.835097606223909272e-01
1.826000000000000068e+00,4.361445558943090606e-01
1.826999999999999957e+00,4.592007190192867738e-01
1.828000000000000069e+00,4.547124129355864519e-01
1.828999999999999959e+00,3.820794326122198825e-01
1.830000000000000071e+00,3.214154173559928829e-01
1.830999999999999961e+00,2.800365848602838770e-01
1.832000000000000073e+00,2.986017192562381850e-01
1.832999999999999963e+00,2.514767200268621106e-01
1.834000000000000075e+00,2.009069211368132157e-01
1.834999999999999964e+00,2.022699630887066780e-01
1.836000000000000076e+00,2.396434162067658247e-01
1.836999999999999966e+00,2.407722517886897728e-01
1.838000000000000078e+00,2.619491197056224019e-01
1.838999999999999968e+00,2.771464000879545475e-01
1.840000000000000080e+00,3.200248474111636043e-01
1.840999999999999970e+00,3.050595787552842775e-01
1.842000000000000082e+00,3.691977066403289709e-01
1.842999999999999972e+00,3.926060757073357999e-01
1.844000000000000083e+00,3.724874214640883086e-01
1.844999999999999973e+00,3.968135877451632876e-01
1.846000000000000085e+00,3.742972418835253667e-01
1.846999999999999975e+00,3.708220809016376518e-01
1.848000000000000087e+00,3.656403924956964646e-01
1.848999999999999977e+00,3.334225012510073638e-01
1.850000000000000089e+00,2.612527416699862437e-01
1.850999999999999979e+00,2.289108180996874409e-01
1.852000000000000091e+00,2.102392587771526322e-01
1.852999999999999980e+00,2.071653585265224029e-01
1.854000000000000092e+00,1.974115976885686130e-01
1.854999999999999982e+00,1.884397225361046091e-01
1.856000000000000094e+00,1.738821579179741228e-01
1.856999999999999984e+00,1.716940121821431409e-01
1.858000000000000096e+00,2.209873379124892845e-01
1.858999999999999986e+00,2.168190118395798560e-01
1.860000000000000098e+00,2.380550307657159914e-01
1.860999999999999988e+00,2.654594848232642579e-01
1.862000000000000099e+00,3.123970065156518872e-01
1.862999999999999989e+00,2.835716293654230169e-01
1.864000000000000101e+00,3.280752522303274077e-01
1.864999999999999991e+00,3.208083500243111841e-01
1.866000000000000103e+00,3.258488457202423083e-01
1.866999999999999993e+00,2.564936834889240957e-01
1.868000000000000105e+00,2.208623439115698084e-01
1.868999999999999995e+00,2.244182117948786970e-01
1.870000000000000107e+00,1.994911782124191846e-01
1.870999999999999996e+00,1.770263035084257974e-01
1.872000000000000108e+00,1.553641048797871071e-01
1.872999999999999998e+00,1.404762654654870824e-01
1.874000000000000110e+00,5.771183387698769485e-02
1.875000000000000000e+00,9.490224576403735735e-02
1.876000000000000112e+00,7.080951996018590433e-02
1.877000000000000002e+00,9.725503786997949374e-02
1.878000000000000114e+00,1.205271866906929695e-01
1.879000000000000004e+00,1.617737541634714504e-01
1.880000000000000115e+00,1.756279855187219407e-01
1.881000000000000005e+00,1.893196105543243357e-01
1.882000000000000117e+00,2.301824826471867147e-01
1.883000000000000007e+00,2.746693657352806683e-01
1.884000000000000119e+00,2.455951344651478851e-01
1.885000000000000009e+00,2.582031812909936219e-01
1.886000000000000121e+00,2.684174142505105221e-01
1.887000000000000011e+00,2.369869062673857218e-01
1.888000000000000123e+00,2.190158939836209517e-01
1.889000000000000012e+00,1.505665225856913925e-01
1.890000000000000124e+00,1.162820686853811986e-01
1.891000000000000014e+00,1.027157280242694259e-01
1.892000000000000126e+00,7.650479713552869876e-02
1.893000000000000016e+00,3.035395072304160335e-02
1.894000000000000128e+00,2.583103796549976461e-02
1.895000000000000018e+00,-1.294129306075901542e-02
1.896000000000000130e+00,1.664938620743305897e-02
1.897000000000000020e+00,5.574875705579655782e-02
1.898000000000000131e+00,4.957418488601116752e-02
1.899000000000000021e+00,4.721375312361645454e-02
1.900000000000000133e+00,1.017226380119973794e-01
1.901000000000000023e+00,1.141692612008448349e-01
1.902000000000000135e+00,1.309950814159438759e-01
1.903000000000000025e+00,1.692225132414012512e-01
1.904000000000000137e+00,1.716840517603379079e-01
1.905000000000000027e+00,1.605829466958579865e-01
1.906000000000000139e+00,1.678599438170901847e-01
1.907000000000000028e+00,1.358417722507973824e-01
1.908000000000000140e+00,1.032153950095273803e-01
1.909000000000000030e+00,8.270862046499358189e-02
1.910000000000000142e+00,3.475437900128443974e-02
1.911000000000000032e+00,-3.474109782972793770e-04
1.912000000000000144e+00,7.738371602716766218e-03
1.913000000000000034e+00,-3.496337572169458396e-02
1.914000000000000146e+00,-5.341137138115123473e-02
1.915000000000000036e+00,-7.045029833954936926e-02
1.916000000000000147e+00,-7.705783087593091885e-02
1.917000000000000037e+00,-3.426744294403600427e-02
1.918000000000000149e+00,1.622325649508260526e-03
1.919000000000000039e+00,-4.717761286694631406e-02
1.919999999999999929e+00,1.047504796016900802e-02
1.921000000000000041e+00,4.784685210488300033e-02
1.921999999999999931e+00,7.964752270651020982e-02
1.923000000000000043e+00,8.393459612284877303e-02
1.923999999999999932e+00,1.121584186488544799e-01
1.925000000000000044e+00,8.614893421463495904e-02
1.925999999999999934e+00,7.402918067860596307e-02
1.927000000000000046e+00,7.857266540229557172e-02
1.927999999999999936e+00,2.854835975457116828e-02
1.929000000000000048e+00,-3.414354620031520571e-04
1.929999999999999938e+00,-2.985690553200107469e-02
1.931000000000000050e+00,-5.251770761983250851e-02
1.931999999999999940e+00,-9.189199305135686835e-02
1.933000000000000052e+00,-1.432756767690946120e-01
1.933999999999999941e+00,-1.404847780163292204e-01
1.935000000000000053e+00,-1.533262689400984591e-01
1.935999999999999943e+00,-1.327625521520357510e-01
1.937000000000000055e+00,-1.483745739538235298e-01
1.937999999999999945e+00,-1.531946102285241251e-01
1.939000000000000057e+00,-1.020378550709478416e-01
1.939999999999999947e+00,-4.631178902266606945e-02
1.941000000000000059e+00,-5.394027253371636021e-02
1.941999999999999948e+00,-1.731613295388744617e-02
1.943000000000000060e+00,-1.433799737744748115e-02
1.943999999999999950e+00,-1.518929994318740651e-02
1.945000000000000062e+00,2.058104727447782056e-02
1.945999999999999952e+00,4.875761828257561131e-02
1.947000000000000064e+00,-1.037372274337022837e-02
1.947999999999999954e+00,-5.772425518036852776e-02
1.949000000000000066e+00,-4.485858529030297553e-02
1.949999999999999956e+00,-8.918878246818363886e-02
1.951000000000000068e+00,-1.646843952256224486e-01
1.951999999999999957e+00,-1.850283784685656518e-01
1.953000000000000069e+00,-1.907852844762597255e-01
1.953999999999999959e+00,-2.275013492694369088e-01
1.955000000000000071e+00,-2.523803445849601701e-01
1.955999999999999961e+00,-2.335163407493446308e-01
1.957000000000000073e+00,-2.051569361891301124e-01
1.957999999999999963e+00,-2.100937640315301835e-01
1.959000000000000075e+00,-1.727862025980071714e-01
1.959999999999999964e+00,-1.577351084629915468e-01
1.961000000000000076e+00,-1.238184270450280317e-01
1.961999999999999966e+00,-1.066828010192885506e-01
1.963000000000000078e+00,-5.973546800494758391e-02
1.963999999999999968e+00,-5.872143323194509157e-02
1.965000000000000080e+00,-5.902080578615259698e-02
1.965999999999999970e+00,-8.746800980745235432e-02
1.967000000000000082e+00,-8.310743115872509801e-02
1.967999999999999972e+00,-1.177078917241153044e-01
1.969000000000000083e+00,-1.305990196173514584e-01
1.969999999999999973e+00,-1.576072025481911054e-01
1.971000000000000085e+00,-2.270252373062464635e-01
1.971999999999999975e+00,-2.751955097975824494e-01
1.973000000000000087e+00,-2.697691933477166515e-01
1.973999999999999977e+00,-2.812951462809644143e-01
1.975000000000000089e+00,-3.119145548617804353e-01
1.975999999999999979e+00,-2.982235402031637173e-01
1.977000000000000091e+00,-2.684531094401025331e-01
1.977999999999999980e+00,-2.999092378300280970e-01
1.979000000000000092e+00,-2.152864058928272428e-01
1.979999999999999982e+00,-2.305140801730320432e-01
1.981000000000000094e+00,-2.019691364198054340e-01
1.981999999999999984e+00,-1.948112406178283407e-01
1.983000000000000096e+00,-1.411470275977371736e-01
1.983999999999999986e+00,-1.409852749211469580e-01
1.985000000000000098e+00,-1.342362350901089019e-01
1.985999999999999988e+00,-1.517256596708997374e-01
1.987000000000000099e+00,-1.338782057629849809e-01
1.987999999999999989e+00,-1.973778704399836714e-01
1.989000000000000101e+00,-2.061450618981020000e-01
1.989999999999999991e+00,-2.374437176552074147e-01
1.991000000000000103e+00,-3.041625832782710037e-01
1.991999999999999993e+00,-3.607102338693063959e-01
1.993000000000000105e+00,-3.569285507743781283e-01
1.993999999999999995e+00,-3.901193474829345864e-01
1.995000000000000107e+00,-3.578977012043529360e-01
1.995999999999999996e+00,-3.902904512761992128e-01
1.997000000000000108e+00,-3.771018840313349330e-01
1.997999999999999998e+00,-3.435049809076168303e-01
1.999000000000000110e+00,-3.216047247454236757e-01
2.000000000000000000e+00,-2.419191726241735063e-01
2.000999999999999890e+00,-2.709082949649271321e-01
2.002000000000000224e+00,-2.676105698313717141e-01
2.003000000000000114e+00,-2.227493226372034285e-01
2.004000000000000004e+00,-2.063258951522317641e-01
2.004999999999999893e+00,-2.510803806475770950e-01
2.006000000000000227e+00,-2.233792696364304275e-01
2.007000000000000117e+00,-2.258800143586797426e-01
2.008000000000000007e+00,-2.881300931289458300e-01
2.008999999999999897e+00,-3.171416982257173611e-01
2.010000000000000231e+00,-3.239975068089062660e-01
2.011000000000000121e+00,-3.581444333940244640e-01
2.012000000000000011e+00,-3.913627848217818839e-01
2.012999999999999901e+00,-4.076392221724385312e-01
2.014000000000000234e+00,-4.664027149090487767e-01
2.015000000000000124e+00,-4.352136086458137099e-01
2.016000000000000014e+00,-4.306679200191823043e-01
2.016999999999999904e+00,-4.405834688627219831e-01
2.018000000000000238e+00,-4.262665818591119260e-01
2.019000000000000128e+00,-3.795528557392747748e-01
2.020000000000000018e+00,-3.705310592313820761e-01
2.020999999999999908e+00,-3.217465984987746830e-01
2.022000000000000242e+00,-3.112008611165419381e-01
2.023000000000000131e+00,-3.210179732990545709e-01
2.024000000000000021e+00,-2.668737552837087690e-01
2.024999999999999911e+00,-2.694582550484438954e-01
2.026000000000000245e+00,-2.739018304518788249e-01
2.027000000000000135e+00,-2.825638963239857082e-01
2.028000000000000025e+00,-3.049082640179983095e-01
2.028999999999999915e+00,-3.503971356982353291e-01
2.030000000000000249e+00,-3.962244736493408803e-01
2.031000000000000139e+00,-4.172104160653248295e-01
2.032000000000000028e+00,-4.416740545122840866e-01
2.032999999999999918e+00,-4.391151207829791514e-01
2.034000000000000252e+00,-4.906390869974595059e-01
2.035000000000000142e+00,-4.598299173575539633e-01
2.036000000000000032e+00,-5.178502626144203536e-01
2.036999999999999922e+00,-4.969636117086657645e-01
2.038000000000000256e+00,-4.611753746749598926e-01
2.039000000000000146e+00,-4.437807237512923497e-01
2.040000000000000036e+00,-4.025291453789270890e-01
2.040999999999999925e+00,-3.696174575633016102e-01
2.042000000000000259e+00,-3.420558027024051539e-01
2.043000000000000149e+00,-3.122843419216710936e-01
2.044000000000000039e+00,-3.068157623698040126e-01
2.044999999999999929e+00,-3.195700001738829288e-01
2.046000000000000263e+00,-3.003517693874878103e-01
2.047000000000000153e+00,-3.602410495654195244e-01
2.048000000000000043e+00,-3.468337186933079241e-01
2.048999999999999932e+00,-4.419162866486742169e-01
2.049999999999999822e+00,-3.957425555407788065e-01
2.051000000000000156e+00,-4.954629812940905542e-01
2.052000000000000046e+00,-4.830727588732574573e-01
2.052999999999999936e+00,-5.368278220099454989e-01
2.053999999999999826e+00,-5.538516893292290133e-01
2.055000000000000160e+00,-5.289157322160481511e-01
2.056000000000000050e+00,-5.695263860081384300e-01
2.056999999999999940e+00,-5.271385328286878336e-01
2.057999999999999829e+00,-4.928947780157306724e-01
2.059000000000000163e+00,-4.845700694810594067e-01
2.060000000000000053e+00,-4.619417818611571969e-01
2.060999999999999943e+00,-4.178585998756820241e-01
2.061999999999999833e+00,-3.766099651304721796e-01
2.063000000000000167e+00,-3.790671380744147778e-01
2.064000000000000057e+00,-3.193978891567798017e-01
2.064999999999999947e+00,-3.643179630249762102e-01
2.065999999999999837e+00,-3.749999992197383669e-01
2.067000000000000171e+00,-3.898591182354580464e-01
2.068000000000000060e+00,-3.914040118031058557e-01
2.068999999999999950e+00,-4.518067543430899780e-01
2.069999999999999840e+00,-4.595436729760006278e-01
2.071000000000000174e+00,-4.712590036219570511e-01
2.072000000000000064e+00,-5.315171628204083953e-01
2.072999999999999954e+00,-5.564172998230061395e-01
2.073999999999999844e+00,-5.760083873508303753e-01
2.075000000000000178e+00,-5.484647896739706097e-01
2.076000000000000068e+00,-5.788107284565850996e-01
2.076999999999999957e+00,-5.751399581629764723e-01
2.077999999999999847e+00,-5.397997300869452619e-01
2.079000000000000181e+00,-5.050863335894147932e-01
2.080000000000000071e+00,-4.505732807803828899e-01
2.080999999999999961e+00,-4.635447626055034798e-01
2.081999999999999851e+00,-4.025985447906402781e-01
2.083000000000000185e+00,-4.010476249206768040e-01
2.084000000000000075e+00,-3.787362826953149519e-01
2.084999999999999964e+00,-3.622735859386377877e-01
2.085999999999999854e+00,-3.554171753107978615e-01
2.087000000000000188e+00,-4.290619616279895965e-01
2.088000000000000078e+00,-4.139166835383411569e-01
2.088999999999999968e+00,-4.862636264361608895e-01
2.089999999999999858e+00,-4.846050902661914739e-01
2.091000000000000192e+00,-4.945108730844134381e-01
2.092000000000000082e+00,-5.488976265319802650e-01
2.092999999999999972e+00,-5.272076190265938544e-01
2.093999999999999861e+00,-5.910734523476381952e-01
2.095000000000000195e+00,-5.907156984115128351e-01
2.096000000000000085e+00,-5.843141629590704600e-01
2.096999999999999975e+00,-6.054152481046590761e-01
2.097999999999999865e+00,-5.317850003747875975e-01
2.099000000000000199e+00,-5.259489060848835384e-01
2.100000000000000089e+00,-4.756694077624670780e-01
2.100999999999999979e+00,-4.451260665785971016e-01
2.101999999999999869e+00,-4.197536307355144714e-01
2.103000000000000203e+00,-3.753118004481901249e-01
2.104000000000000092e+00,-3.985574235869722148e-01
2.104999999999999982e+00,-3.968289286870163579e-01
2.105999999999999872e+00,-4.149706877637758806e-01
2.107000000000000206e+00,-4.115590998109233678e-01
2.108000000000000096e+00,-4.490934160804962993e-01
2.108999999999999986e+00,-4.612567501361449218e-01
2.109999999999999876e+00,-5.188690687952226543e-01
2.111000000000000210e+00,-5.273383512356775160e-01
2.112000000000000099e+00,-5.431581216205052520e-01
2.112999999999999989e+00,-6.061184363851047641e-01
2.113999999999999879e+00,-5.830329324287426562e-01
2.115000000000000213e+00,-5.906698640606894424e-01
2.116000000000000103e+00,-6.020464452743590211e-01
2.116999999999999993e+00,-5.876024652027088679e-01
2.117999999999999883e+00,-5.507094422102030151e-01
2.119000000000000217e+00,-5.181664047917120541e-01
2.120000000000000107e+00,-4.958140252761799038e-01
2.120999999999999996e+00,-4.400478085062516920e-01
2.121999999999999886e+00,-4.358217298275002261e-01
2.123000000000000220e+00,-4.249695088928495124e-01
2.124000000000000110e+00,-3.732786548093964818e-01
2.125000000000000000e+00,-4.065707423483956306e-01
2.125999999999999890e+00,-3.681403280169694980e-01
2.127000000000000224e+00,-4.162712158428475417e-01
2.128000000000000114e+00,-4.542568347949810792e-01
2.129000000000000004e+00,-5.190536196521322587e-01
2.129999999999999893e+00,-4.796088989688080395e-01
2.131000000000000227e+00,-5.207097229110938530e-01
2.132000000000000117e+00,-4.892056819309486548e-01
2.133000000000000007e+00,-5.825455338109183367e-01
2.133999999999999897e+00,-5.460678398995881810e-01
2.135000000000000231e+00,-6.362670275517648966e-01
2.136000000000000121e+00,-5.833956788923503334e-01
2.137000000000000011e+00,-5.967142534715360602e-01
2.137999999999999901e+00,-5.674204430893741158e-01
2.139000000000000234e+00,-5.394707489186044702e-01
2.140000000000000124e+00,-4.858373529161342796e-01
2.141000000000000014e+00,-4.607531346774525471e-01
2.141999999999999904e+00,-4.052412976337310124e-01
2.143000000000000238e+00,-4.247532351426985819e-01
2.144000000000000128e+00,-3.506884714230733557e-01
2.145000000000000018e+00,-3.641406932353755677e-01
2.145999999999999908e+00,-3.762405955959838288e-01
2.147000000000000242e+00,-3.953248438951116883e-01
2.148000000000000131e+00,-4.380097419692540184e-01
2.149000000000000021e+00,-4.623889489078170656e-01
2.149999999999999911e+00,-4.828811382541071118e-01
2.151000000000000245e+00,-5.337917056772973901e-01
2.152000000000000135e+00,-4.945679262402381537e-01
2.153000000000000025e+00,-5.863704654749855028e-01
2.153999999999999915e+00,-6.053577048898249879e-01
2.155000000000000249e+00,-5.997735569058548766e-01
2.156000000000000139e+00,-5.544781591068558280e-01
2.157000000000000028e+00,-5.290867508238351613e-01
2.157999999999999918e+00,-5.431327639719156775e-01
2.159000000000000252e+00,-5.368917433649929016e-01
2.160000000000000142e+00,-4.259799196192996518e-01
2.161000000000000032e+00,-4.404719134721323259e-01
2.161999999999999922e+00,-3.857070868034396804e-01
2.163000000000000256e+00,-3.703595947907836750e-01
2.164000000000000146e+00,-3.416219739677013312e-01
2.165000000000000036e+00,-3.501151812956929676e-01
2.165999999999999925e+00,-3.518917521605193777e-01
2.167000000000000259e+00,-3.806538084200408179e-01
2.168000000000000149e+00,-4.047815618424329687e-01
2.169000000000000039e+00,-4.388202100935226224e-01
2.169999999999999929e+00,-4.433961163540978689e-01
2.171000000000000263e+00,-4.607176081616388696e-01
2.172000000000000153e+00,-4.856411215408227289e-01
2.173000000000000043e+00,-5.020324558523534542e-01
2.173999999999999932e+00,-5.070001328670491469e-01
2.175000000000000266e+00,-5.273853488131176048e-01
2.176000000000000156e+00,-5.132127021295559421e-01
2.177000000000000046e+00,-5.594126740806992792e-01
2.177999999999999936e+00,-5.090220073229227982e-01
2.178999999999999826e+00,-5.012724529901733117e-01
2.180000000000000160e+00,-4.073671233129144698e-01
2.181000000000000050e+00,-3.864372351351060275e-01
2.181999999999999940e+00,-3.712750935840027910e-01
2.182999999999999829e+00,-3.310828902552229724e-01
2.184000000000000163e+00,-3.069653158868763665e-01
2.185000000000000053e+00,-3.442607081327536678e-01
2.185999999999999943e+00,-3.071194093186630503e-01
2.186999999999999833e+00,-3.186077867128102592e-01
2.188000000000000167e+00,-3.706555508737858773e-01
2.189000000000000057e+00,-3.813475550340519882e-01
2.189999999999999947e+00,-4.195589692478633448e-01
2.190999999999999837e+00,-4.444991386144646062e-01
2.192000000000000171e+00,-4.572043323468256149e-01
2.193000000000000060e+00,-4.628388446784356680e-01
2.193999999999999950e+00,-4.981101356518879419e-01
2.194999999999999840e+00,-4.565090372889584192e-01
2.196000000000000174e+00,-4.808567761377746108e-01
2.197000000000000064e+00,-4.802540363114093935e-01
2.197999999999999954e+00,-4.346122467511958631e-01
2.198999999999999844e+00,-4.134165522847422780e-01
2.200000000000000178e+00,-4.173204587207289817e-01
2.201000000000000068e+00,-3.723839868111192275e-01
2.201999999999999957e+00,-3.149120342151837670e-01
2.202999999999999847e+00,-2.863036514017418543e-01
2.204000000000000181e+00,-2.699122140531008962e-01
2.205000000000000071e+00,-2.811672370527039666e-01
2.205999999999999961e+00,-2.942816825053308216e-01
2.206999999999999851e+00,-2.830968561550165630e-01
2.208000000000000185e+00,-3.050230815304894594e-01
2.209000000000000075e+00,-3.590399262741750253e-01
2.209999999999999964e+00,-3.290376576485185556e-01
2.210999999999999854e+00,-3.915090418664197158e-01
2.212000000000000188e+00,-3.936319542048521969e-01
2.213000000000000078e+00,-4.505973560546169820e-01
2.213999999999999968e+00,-4.614747280401235163e-01
2.214999999999999858e+00,-4.580687654709051371e-01
2.216000000000000192e+00,-4.181895078925655374e-01
2.217000000000000082e+00,-4.445936883891830060e-01
2.217999999999999972e+00,-4.051299202249777354e-01
2.218999999999999861e+00,-3.760185730685127181e-01
2.220000000000000195e+00,-3.062480385798903582e-01
2.221000000000000085e+00,-3.079845723906608490e-01
2.221999999999999975e+00,-2.643912233831008929e-01
2.222999999999999865e+00,-2.065127403939489570e-01
2.224000000000000199e+00,-1.995067372617099211e-01
2.225000000000000089e+00,-2.052815521454402214e-01
2.225999999999999979e+00,-1.817995528104942027e-01
2.226999999999999869e+00,-2.202256036059759836e-01
2.228000000000000203e+00,-2.153474258984102718e-01
2.229000000000000092e+00,-2.674129176509413841e-01
2.229999999999999982e+00,-3.027818563564964593e-01
2.230999999999999872e+00,-3.533107848236182180e-01
2.232000000000000206e+00,-3.360943059552595202e-01
2.233000000000000096e+00,-3.146560276084170993e-01
2.233999999999999986e+00,-3.870840926730029774e-01
2.234999999999999876e+00,-3.912155360604407939e-01
2.236000000000000210e+00,-3.675862260935483516e-01
2.237000000000000099e+00,-3.389733231011705095e-01
2.237999999999999989e+00,-2.965765842705405109e-01
2.238999999999999879e+00,-2.692371141362674414e-01
2.240000000000000213e+00,-3.103025583532147968e-01
2.241000000000000103e+00,-2.382159598837943482e-01
2.241999999999999993e+00,-1.817788242373547247e-01
2.242999999999999883e+00,-1.390369655898884282e-01
2.244000000000000217e+00,-1.207608915917304654e-01
2.245000000000000107e+00,-1.827357925334898436e-01
2.245999999999999996e+00,-1.612608905190092146e-01
2.246999999999999886e+00,-1.485878675007171745e-01
2.248000000000000220e+00,-1.523400655967704631e-01
2.249000000000000110e+00,-2.027825329802831478e-01
2.250000000000000000e+00,-2.293542922247144566e-01
2.250999999999999890e+00,-2.606149241070889189e-01
2.252000000000000224e+00,-2.866612667952559979e-01
2.253000000000000114e+00,-2.872883153571231807e-01
2.254000000000000004e+00,-2.838639489701240137e-01
2.254999999999999893e+00,-3.344382141263300690e-01
2.256000000000000227e+00,-3.078653699147589351e-01
2.257000000000000117e+00,-2.914953529776838637e-01
2.258000000000000007e+00,-2.470451252881529780e-01
2.258999999999999897e+00,-2.388968951797043050e-01
2.260000000000000231e+00,-1.971268358552630551e-01
2.261000000000000121e+00,-1.440609444052182719e-01
2.262000000000000011e+00,-1.117795670491683879e-01
2.262999999999999901e+00,-1.458246252637628027e-01
2.264000000000000234e+00,-1.006294912894795113e-01
2.265000000000000124e+00,-9.689506878445058868e-02
2.266000000000000014e+00,-6.690638132358775469e-02
2.266999999999999904e+00,-9.275558952745141528e-02
2.268000000000000238e+00,-1.182111402775629788e-01
2.269000000000000128e+00,-1.143773579764603698e-01
2.270000000000000018e+00,-1.730907018028219335e-01
2.270999999999999908e+00,-1.837450320804492887e-01
2.272000000000000242e+00,-2.070885780713425106e-01
2.273000000000000131e+00,-2.393466478763479066e-01
2.274000000000000021e+00,-2.510735765242913531e-01
2.274999999999999911e+00,-2.100694788573175542e-01
2.276000000000000245e+00,-2.037764963386349826e-01
2.277000000000000135e+00,-2.115951179429305107e-01
2.278000000000000025e+00,-1.744772725908727840e-01
2.278999999999999915e+00,-1.763505669374227369e-01
2.280000000000000249e+00,-1.196154036571520224e-01
2.281000000000000139e+00,-1.094977830441179745e-01
2.282000000000000028e+00,-5.963483851595221402e-02
2.282999999999999918e+00,-1.502100387155193284e-02
2.284000000000000252e+00,3.374003652717165458e-02
2.285000000000000142e+00,-9.562003763239818044e-03
2.286000000000000032e+00,1.857037744046441397e-02
2.286999999999999922e+00,-2.895255743722123520e-02
2.288000000000000256e+00,-6.769052473543736570e-03
2.289000000000000146e+00,-6.694905565596886987e-02
2.290000000000000036e+00,-4.970703199066801858e-02
2.290999999999999925e+00,-1.555160324678209471e-01
2.292000000000000259e+00,-9.957606570146043667e-02
2.293000000000000149e+00,-1.631468760146154717e-01
2.294000000000000039e+00,-1.269218905910290962e-01
2.294999999999999929e+00,-1.136983797588193290e-01
2.296000000000000263e+00,-1.617223193796449854e-01
2.297000000000000153e+00,-1.416954110884884044e-01
2.298000000000000043e+00,-7.999855682544616819e-02
2.298999999999999932e+00,-6.981486521199722906e-02
2.300000000000000266e+00,-2.710083485413866330e-02
2.301000000000000156e+00,6.085030265223029255e-03
2.302000000000000046e+00,1.184247296831429652e-02
2.302999999999999936e+00,4.138107070102184371e-02
2.304000000000000270e+00,5.388960542189389497e-02
2.305000000000000160e+00,6.990096497353399940e-02
2.306000000000000050e+00,9.324454191242888268e-02
2.306999999999999940e+00,1.069135064850759154e-01
2.307999999999999829e+00,4.891765025169359654e-02
2.309000000000000163e+00,1.642308601633506865e-02
2.310000000000000053e+00,3.852461332629186080e-02
2.310999999999999943e+00,-4.758324294865966947e-02
2.311999999999999833e+00,-5.475693444621787531e-02
2.313000000000000167e+00,-5.346690929200231812e-02
2.314000000000000057e+00,-9.573643065649067863e-02
2.314999999999999947e+00,-5.781340591839081305e-02
2.315999999999999837e+00,-5.474660422044642233e-02
2.317000000000000171e+00,-5.194719831330329995e-02
2.318000000000000060e+00,-2.581383703402732183e-02
2.318999999999999950e+00,2.157331542428087695e-02
2.319999999999999840e+00,2.400161473867884823e-02
2.321000000000000174e+00,7.423440554908405931e-02
2.322000000000000064e+00,1.111988628693115211e-01
2.322999999999999954e+00,1.265166688063218414e-01
2.323999999999999844e+00,1.786493449819922252e-01
2.325000000000000178e+00,1.741637224620680713e-01
2.326000000000000068e+00,1.818685207396593118e-01
2.326999999999999957e+00,1.736387792591807533e-01
2.327999999999999847e+00,1.022111952983765365e-01
2.329000000000000181e+00,1.239286494296683028e-01
2.330000000000000071e+00,8.551857312429662905e-02
2.330999999999999961e+00,1.014263029738673300e-01
2.331999999999999851e+00,9.774516086112614022e-03
2.333000000000000185e+00,4.634110286755598052e-02
2.334000000000000075e+00,5.368747850514249409e-02
2.334999999999999964e+00,3.859945127808800391e-02
2.335999999999999854e+00,9.471455470167339241e-03
2.337000000000000188e+00,4.805434057592855579e-02
2.338000000000000078e+00,4.727285295834258994e-02
2.338999999999999968e+00,7.668784565307695811e-02
2.339999999999999858e+00,1.264025854150614137e-01
2.341000000000000192e+00,1.541189564564252878e-01
2.342000000000000082e+00,2.214923787846703462e-01
2.342999999999999972e+00,2.252626175839699540e-01
2.343999999999999861e+00,2.156297669880319900e-01
2.345000000000000195e+00,2.704063321914552676e-01
2.346000000000000085e+00,2.973509715015859034e-01
2.346999999999999975e+00,2.251307317486507531e-01
2.347999999999999865e+00,1.968535175355757283e-01
2.349000000000000199e+00,2.376894404505848490e-01
2.350000000000000089e+00,1.569153187465907040e-01
2.350999999999999979e+00,1.157411497685303520e-01
2.351999999999999869e+00,8.945736800515854958e-02
2.353000000000000203e+00,6.401275339587084168e-02
2.354000000000000092e+00,1.146999820591831087e-01
2.354999999999999982e+00,5.876414172660485158e-02
2.355999999999999872e+00,1.284463288400353731e-01
2.357000000000000206e+00,1.695384028237660601e-01
2.358000000000000096e+00,1.372240420798020444e-01
2.358999999999999986e+00,1.809332424455777077e-01
2.359999999999999876e+00,1.978133046342670232e-01
2.361000000000000210e+00,2.010867890402723290e-01
2.362000000000000099e+00,3.047908755360543842e-01
2.362999999999999989e+00,2.999800625845938651e-01
2.363999999999999879e+00,3.341251256948840620e-01
2.365000000000000213e+00,3.296962395607384577e-01
2.366000000000000103e+00,3.332807291787345805e-01
2.366999999999999993e+00,2.986831277812634355e-01
2.367999999999999883e+00,2.677474446275273645e-01
2.369000000000000217e+00,2.754894354008676771e-01
2.370000000000000107e+00,2.393695395775400081e-01
2.370999999999999996e+00,1.520162664738871072e-01
2.371999999999999886e+00,1.718613251203028880e-01
2.373000000000000220e+00,1.302608823737820276e-01
2.374000000000000110e+00,2.132913948585737907e-01
2.375000000000000000e+00,1.598615092781693614e-01
2.375999999999999890e+00,1.774372295669128796e-01
2.377000000000000224e+00,1.720863586539489454e-01
2.378000000000000114e+00,2.188781317840199914e-01
2.379000000000000004e+00,2.419819542553792446e-01
2.379999999999999893e+00,2.740533783051214423e-01
2.381000000000000227e+00,2.749919083187041258e-01
2.382000000000000117e+00,3.410066292401031096e-01
2.383000000000000007e+00,3.659519521385323215e-01
2.383999999999999897e+00,3.943785389371108896e-01
2.385000000000000231e+00,4.269450355917880913e-01
2.386000000000000121e+00,3.876380401158771583e-01
2.387000000000000011e+00,3.851677742767247725e-01
2.387999999999999901e+00,3.250477964434548839e-01
2.389000000000000234e+00,3.341711354498210218e-01
2.390000000000000124e+00,3.057123583734592809e-01
2.391000000000000014e+00,2.708250960371042515e-01
2.391999999999999904e+00,2.542012198159947500e-01
2.393000000000000238e+00,2.547115457180099685e-01
2.394000000000000128e+00,2.481733787462426233e-01
2.395000000000000018e+00,2.608547911910178430e-01
2.395999999999999908e+00,2.146634606514656873e-01
2.397000000000000242e+00,2.104992883541065840e-01
2.398000000000000131e+00,2.765316976397090287e-01
2.399000000000000021e+00,3.175780816576170840e-01
2.399999999999999911e+00,3.046580407270060853e-01
2.401000000000000245e+00,3.813085341821743079e-01
2.402000000000000135e+00,4.189713651295300934e-01
2.403000000000000025e+00,4.435421212273349401e-01
2.403999999999999915e+00,4.592203829330455678e-01
2.405000000000000249e+00,4.692645080883208752e-01
2.406000000000000139e+00,4.407361531132065746e-01
2.407000000000000028e+00,4.659929171614721199e-01
2.407999999999999918e+00,4.384957227277664904e-01
2.409000000000000252e+00,3.745142977915407734e-01
2.410000000000000142e+00,3.673643310266748729e-01
2.411000000000000032e+00,3.388925426499846405e-01
2.411999999999999922e+00,3.271612158628502964e-01
2.413000000000000256e+00,2.644177105844774389e-01
2.414000000000000146e+00,3.097617088263801000e-01
2.415000000000000036e+00,3.036467961200814969e-01
2.415999999999999925e+00,2.540372306059052732e-01
2.417000000000000259e+00,2.744506764784960806e-01
2.418000000000000149e+00,3.403730827439401807e-01
2.419000000000000039e+00,3.521846467831912242e-01
2.419999999999999929e+00,3.902113130775020644e-01
2.421000000000000263e+00,4.406463141641426828e-01
2.422000000000000153e+00,4.594618304611544080e-01
2.423000000000000043e+00,4.906139424281471539e-01
2.423999999999999932e+00,5.245819314006670009e-01
2.425000000000000266e+00,4.881022520105859908e-01
2.426000000000000156e+00,5.417642507570350485e-01
2.427000000000000046e+00,5.251207493495554379e-01
2.427999999999999936e+00,4.372352270014835396e-01
2.429000000000000270e+00,4.743749097561110739e-01
2.430000000000000160e+00,4.338775964224209636e-01
2.431000000000000050e+00,3.814720218567750343e-01
2.431999999999999940e+00,3.862983412233446656e-01
2.432999999999999829e+00,3.475912369217151743e-01
2.434000000000000163e+00,3.491487614586353816e-01
2.435000000000000053e+00,3.348871371711895639e-01
2.435999999999999943e+00,3.137869080853415982e-01
2.436999999999999833e+00,3.391598633680445452e-01
2.438000000000000167e+00,3.562802722354077578e-01
2.439000000000000057e+00,4.320641072407976346e-01
2.439999999999999947e+00,4.485479526920787552e-01
2.440999999999999837e+00,4.709518470683537461e-01
2.442000000000000171e+00,4.772851018613826213e-01
2.443000000000000060e+00,5.547077792693753118e-01
2.443999999999999950e+00,5.382898682148606895e-01
2.444999999999999840e+00,5.912626883032489067e-01
2.446000000000000174e+00,5.582408116959743927e-01
2.447000000000000064e+00,5.309804142232543711e-01
2.447999999999999954e+00,5.015108837739191694e-01
2.448999999999999844e+00,4.952926402870330147e-01
2.450000000000000178e+00,4.337080387072669851e-01
2.451000000000000068e+00,4.049645225388487368e-01
2.451999999999999957e+00,4.083009034058113773e-01
2.452999999999999847e+00,3.804267122240803101e-01
2.454000000000000181e+00,4.061943135612408606e-01
2.455000000000000071e+00,3.851772538843190041e-01
2.455999999999999961e+00,3.485746247489275862e-01
2.456999999999999851e+00,3.772782306867454305e-01
2.458000000000000185e+00,4.450577453572297504e-01
2.459000000000000075e+00,4.240875573717786118e-01
2.459999999999999964e+00,4.374033303966217145e-01
2.460999999999999854e+00,5.077951614513595002e-01
2.462000000000000188e+00,5.549412599731321505e-01
2.463000000000000078e+00,5.310317427860523631e-01
2.463999999999999968e+00,6.011914721549601603e-01
2.464999999999999858e+00,5.861988745406828683e-01
2.466000000000000192e+00,5.886115859784764037e-01
2.467000000000000082e+00,5.605114358867262503e-01
2.467999999999999972e+00,5.474184670050262769e-01
2.468999999999999861e+00,5.233407607540857542e-01
2.470000000000000195e+00,4.535656585927592688e-01
2.471000000000000085e+00,4.980234330142384036e-01
2.471999999999999975e+00,4.417273002353397926e-01
2.472999999999999865e+00,4.181123370395098959e-01
2.474000000000000199e+00,4.279892535985018731e-01
2.475000000000000089e+00,4.146616183103070119e-01
2.475999999999999979e+00,4.184275734591538787e-01
2.476999999999999869e+00,4.325518115246818063e-01
2.478000000000000203e+00,4.461828724258168899e-01
2.479000000000000092e+00,4.652037256977988866e-01
2.479999999999999982e+00,5.051052486032719946e-01
2.480999999999999872e+00,5.212482080523083150e-01
2.482000000000000206e+00,5.220692450225126180e-01
2.483000000000000096e+00,5.518077555132697709e-01
2.483999999999999986e+00,5.721984027918343152e-01
2.484999999999999876e+00,5.891769740759170704e-01
2.486000000000000210e+00,5.828292604069409411e-01
2.487000000000000099e+00,5.873687690210708245e-01
2.487999999999999989e+00,5.354611650389919930e-01
2.488999999999999879e+00,5.124720814373870947e-01
2.490000000000000213e+00,5.201034253704343024e-01
2.491000000000000103e+00,4.701380178797246456e-01
2.491999999999999993e+00,4.051843626485964189e-01
2.492999999999999883e+00,4.537645724880668974e-01
2.494000000000000217e+00,4.195953002714088997e-01
2.495000000000000107e+00,3.954760905403313931e-01
2.495999999999999996e+00,3.713956226008884309e-01
2.496999999999999886e+00,4.220519567606946243e-01
2.498000000000000220e+00,4.579113421994601141e-01
2.499000000000000110e+00,4.764737416392286762e-01
2.500000000000000000e+00,1.490315625868018801e+00
2.500999999999999890e+00,8.376601225829788389e-01
2.502000000000000224e+00,5.627672147621437526e-02
2.503000000000000114e+00,5.696734778277374733e-01
2.504000000000000004e+00,5.807139230159548138e-01
2.504999999999999893e+00,6.145640132221660279e-01
2.506000000000000227e+00,5.878601812074673028e-01
2.507000000000000117e+00,5.750687847574325051e-01
2.508000000000000007e+00,5.300049846691522459e-01
2.508999999999999897e+00,5.262816549641647912e-01
2.510000000000000231e+00,5.247800207789860005e-01
2.511000000000000121e+00,4.849150533885721592e-01
2.512000000000000011e+00,4.308553629673765872e-01
2.512999999999999901e+00,4.308105620458047569e-01
2.514000000000000234e+00,3.690760654994651446e-01
2.515000000000000124e+00,3.829828584729122465e-01
2.516000000000000014e+00,3.965929315652984566e-01
2.516999999999999904e+00,4.308783050376387425e-01
2.518000000000000238e+00,3.886110733576652043e-01
2.519000000000000128e+00,4.098072223685727544e-01
2.520000000000000018e+00,5.236772866829862982e-01
2.520999999999999908e+00,5.066772062420589195e-01
2.522000000000000242e+00,5.243296821944368746e-01
2.523000000000000131e+00,5.743374514278053455e-01
2.524000000000000021e+00,6.094277789580532234e-01
2.524999999999999911e+00,5.736460559439222617e-01
2.526000000000000245e+00,6.085247661114692175e-01
2.527000000000000135e+00,6.014387941510085378e-01
2.528000000000000025e+00,5.560519860530633851e-01
2.528999999999999915e+00,5.398330820372998495e-01
2.530000000000000249e+00,4.786859744135196770e-01
2.531000000000000139e+00,4.189909704577618466e-01
2.532000000000000028e+00,4.268568335982717010e-01
2.532999999999999918e+00,4.284380328905830204e-01
2.534000000000000252e+00,3.853282165208030685e-01
2.535000000000000142e+00,3.900927265123796950e-01
2.536000000000000032e+00,4.110681206325169645e-01
2.536999999999999922e+00,4.048760509378497296e-01
2.538000000000000256e+00,4.255385550129306971e-01
2.539000000000000146e+00,4.506605866257738513e-01
2.540000000000000036e+00,4.517446233184365112e-01
2.540999999999999925e+00,5.039244463499615856e-01
2.542000000000000259e+00,5.182899688264469562e-01
2.543000000000000149e+00,5.471464834589045978e-01
2.544000000000000039e+00,5.753146453661279747e-01
2.544999999999999929e+00,5.833948332116796198e-01
2.546000000000000263e+00,5.620086355306770365e-01
2.547000000000000153e+00,5.565913577280554581e-01
2.548000000000000043e+00,5.456292251628067635e-01
2.548999999999999932e+00,4.897347700561111017e-01
2.550000000000000266e+00,4.589263549181066826e-01
2.551000000000000156e+00,4.454443163201011191e-01
2.552000000000000046e+00,3.991691177207670194e-01
2.552999999999999936e+00,3.717579229715410882e-01
2.554000000000000270e+00,3.783602328644618540e-01
2.555000000000000160e+00,3.668267032368432989e-01
2.556000000000000050e+00,3.778450096962154836e-01
2.556999999999999940e+00,3.431355132854352341e-01
2.558000000000000274e+00,4.172811107545010834e-01
2.559000000000000163e+00,3.852282377378440925e-01
2.560000000000000053e+00,4.293129470270752313e-01
2.560999999999999943e+00,4.775576116109347957e-01
2.561999999999999833e+00,5.084760340354372854e-01
2.563000000000000167e+00,4.678946017119743894e-01
2.564000000000000057e+00,4.941318050557087505e-01
2.564999999999999947e+00,4.991475437412640215e-01
2.565999999999999837e+00,5.190061808188193293e-01
2.567000000000000171e+00,4.940085161147814707e-01
2.568000000000000060e+00,4.733964967906353905e-01
2.568999999999999950e+00,4.434048650063196484e-01
2.569999999999999840e+00,4.163730714572090874e-01
2.571000000000000174e+00,3.975292928020435212e-01
2.572000000000000064e+00,3.699829016715746599e-01
2.572999999999999954e+00,3.244302972280976860e-01
2.573999999999999844e+00,3.056197780909274409e-01
2.575000000000000178e+00,3.178995391936697557e-01
2.576000000000000068e+00,2.878313146160176306e-01
2.576999999999999957e+00,3.280293629531857436e-01
2.577999999999999847e+00,3.406040182530043481e-01
2.579000000000000181e+00,3.678870079933163062e-01
2.580000000000000071e+00,4.131262110205686788e-01
2.580999999999999961e+00,4.256181760156809712e-01
2.581999999999999851e+00,4.460685728140960649e-01
2.583000000000000185e+00,4.803648789010895315e-01
2.584000000000000075e+00,4.872830670185249735e-01
2.584999999999999964e+00,4.969155435707153234e-01
2.585999999999999854e+00,4.851517517225639176e-01
2.587000000000000188e+00,4.481007211740243301e-01
2.588000000000000078e+00,4.306261880281264109e-01
2.588999999999999968e+00,3.826940883930762816e-01
2.589999999999999858e+00,3.800709070553233149e-01
2.591000000000000192e+00,3.153511063070335574e-01
2.592000000000000082e+00,3.025497932828400405e-01
2.592999999999999972e+00,2.529354328079078118e-01
2.593999999999999861e+00,3.084912264676048510e-01
2.595000000000000195e+00,2.675288345619143415e-01
2.596000000000000085e+00,2.847963780738571038e-01
2.596999999999999975e+00,2.771988638848399411e-01
2.597999999999999865e+00,2.988407087470724144e-01
2.599000000000000199e+00,2.908242990176429510e-01
2.600000000000000089e+00,3.490896466874662818e-01
2.600999999999999979e+00,3.839697933753121739e-01
2.601999999999999869e+00,3.746158802839161250e-01
2.603000000000000203e+00,4.042431725087096139e-01
2.604000000000000092e+00,4.319170567591494869e-01
2.604999999999999982e+00,4.029307565932878088e-01
2.605999999999999872e+00,4.053165437477313504e-01
2.607000000000000206e+00,4.064170667310337826e-01
2.608000000000000096e+00,3.789765968431347831e-01
2.608999999999999986e+00,3.490397031216053714e-01
2.609999999999999876e+00,3.509836051468380180e-01
2.611000000000000210e+00,2.447776077003654405e-01
2.612000000000000099e+00,2.473559006702952812e-01
2.612999999999999989e+00,2.213176122317037364e-01
2.613999999999999879e+00,2.273532248549645363e-01
2.615000000000000213e+00,2.119222222052366822e-01
2.616000000000000103e+00,1.789092031368131885e-01
2.616999999999999993e+00,1.711654488701391252e-01
2.617999999999999883e+00,2.298072028519068943e-01
2.619000000000000217e+00,2.512709659750018143e-01
2.620000000000000107e+00,2.740692907424019942e-01
2.620999999999999996e+00,3.088658407286163365e-01
2.621999999999999886e+00,3.422969129656755483e-01
2.623000000000000220e+00,3.286295095306486780e-01
2.624000000000000110e+00,3.443630289395224753e-01
2.625000000000000000e+00,3.336420548842217171e-01
2.625999999999999890e+00,3.319464114953190048e-01
2.627000000000000224e+00,3.306828887633015412e-01
2.628000000000000114e+00,3.392323348998049770e-01
2.629000000000000004e+00,3.021687194129728526e-01
2.629999999999999893e+00,2.982575136782102954e-01
2.631000000000000227e+00,1.953791171506086277e-01
2.632000000000000117e+00,2.095984607614184980e-01
2.633000000000000007e+00,1.177230194817514147e-01
2.633999999999999897e+00,1.080110915011312234e-01
2.635000000000000231e+00,1.120309798534361578e-01
2.636000000000000121e+00,1.145101865893308757e-01
2.637000000000000011e+00,1.422101666009560617e-01
2.637999999999999901e+00,1.372752484320729494e-01
2.639000000000000234e+00,1.872778611108311120e-01
2.640000000000000124e+00,2.214980490034752503e-01
2.641000000000000014e+00,2.622208898509574837e-01
2.641999999999999904e+00,2.535721683516961589e-01
2.643000000000000238e+00,2.387588933394317603e-01
2.644000000000000128e+00,2.450323828643607427e-01
2.645000000000000018e+00,2.929168058115587669e-01
2.645999999999999908e+00,3.151546150828630766e-01
2.647000000000000242e+00,2.364321715178530070e-01
2.648000000000000131e+00,2.408025178047861203e-01
2.649000000000000021e+00,1.696643190548860758e-01
2.649999999999999911e+00,1.703515849526646975e-01
2.651000000000000245e+00,1.458515544523347196e-01
2.652000000000000135e+00,7.947456450423232011e-02
2.653000000000000025e+00,8.650992927762379825e-02
2.653999999999999915e+00,7.463034404694215973e-02
2.655000000000000249e+00,6.249204632204366505e-02
2.656000000000000139e+00,5.746118330125446483e-02
2.657000000000000028e+00,9.745467529942751506e-02
2.657999999999999918e+00,9.250893059679418662e-02
2.659000000000000252e+00,1.026292117326333408e-01
2.660000000000000142e+00,1.192768845311442116e-01
2.661000000000000032e+00,1.338120649767261250e-01
2.661999999999999922e+00,1.842841043436830029e-01
2.663000000000000256e+00,1.850602631756762539e-01
2.664000000000000146e+00,2.081476669884582131e-01
2.665000000000000036e+00,1.970709422827683632e-01
2.665999999999999925e+00,2.200538051808030859e-01
2.667000000000000259e+00,1.436749028256532335e-01
2.668000000000000149e+00,1.500519439747846906e-01
2.669000000000000039e+00,1.198965062860004593e-01
2.669999999999999929e+00,1.144473834437093329e-01
2.671000000000000263e+00,4.124106055199895648e-02
2.672000000000000153e+00,2.748818083093163694e-02
2.673000000000000043e+00,-2.270734496101725619e-02
2.673999999999999932e+00,-1.177833770957521786e-02
2.675000000000000266e+00,-5.537085248493153755e-02
2.676000000000000156e+00,-3.440079006777693738e-02
2.677000000000000046e+00,-2.247360215756139673e-02
2.677999999999999936e+00,-1.573071536973526946e-02
2.679000000000000270e+00,2.712368726794575635e-02
2.680000000000000160e+00,6.882335161328032025e-02
2.681000000000000050e+00,6.901166697881278012e-02
2.681999999999999940e+00,1.152343283485872533e-01
2.683000000000000274e+00,1.001691076671805819e-01
2.684000000000000163e+00,1.033188615871956512e-01
2.685000000000000053e+00,1.281406327901170039e-01
2.685999999999999943e+00,8.754843808057080623e-02
2.687000000000000277e+00,8.535774812457770644e-02
2.688000000000000167e+00,5.646896246316730761e-02
2.689000000000000057e+00,1.814470408795537670e-02
2.689999999999999947e+00,-6.462042363087484430e-04
2.690999999999999837e+00,1.084274248086042336e-02
2.692000000000000171e+00,-1.191782978141447680e-01
2.693000000000000060e+00,-7.800420201552776822e-02
2.693999999999999950e+00,-6.994016815939108067e-02
2.694999999999999840e+00,-1.106543284345948286e-01
2.696000000000000174e+00,-7.634268312656436462e-02
2.697000000000000064e+00,-1.213975731887626947e-01
2.697999999999999954e+00,-9.962194558045894821e-02
2.698999999999999844e+00,-6.286313427423742550e-02
2.700000000000000178e+00,6.722978895355987382e-03
2.701000000000000068e+00,-2.173900719848485819e-03
2.701999999999999957e+00,3.860233893467075739e-02
2.702999999999999847e+00,3.955138172101123339e-02
2.704000000000000181e+00,3.191050316103942464e-02
2.705000000000000071e+00,6.801652729534717057e-02
2.705999999999999961e+00,2.020872575047358288e-02
2.706999999999999851e+00,5.532481265507205315e-03
2.708000000000000185e+00,3.379491185203031822e-03
2.709000000000000075e+00,-5.558580952005939824e-02
2.709999999999999964e+00,-5.743539655840410735e-02
2.710999999999999854e+00,-9.622855324259349530e-02
2.712000000000000188e+00,-1.282995808219153655e-01
2.713000000000000078e+00,-1.713842676971271684e-01
2.713999999999999968e+00,-1.914277482883491033e-01
2.714999999999999858e+00,-2.051969891806777468e-01
2.716000000000000192e+00,-2.257317177065734926e-01
2.717000000000000082e+00,-1.909894979262913850e-01
2.717999999999999972e+00,-1.717315179284847060e-01
2.718999999999999861e+00,-1.349466289466958457e-01
2.720000000000000195e+00,-1.403124621133303163e-01
2.721000000000000085e+00,-7.430535802790926014e-02
2.721999999999999975e+00,-4.455177305604626770e-02
2.722999999999999865e+00,-5.260010164129151622e-02
2.724000000000000199e+00,-1.973300857921819751e-02
2.725000000000000089e+00,-1.792191806770088158e-02
2.725999999999999979e+00,-7.635420817683363781e-02
2.726999999999999869e+00,-7.046363965724580791e-02
2.728000000000000203e+00,-1.278102402325746456e-01
2.729000000000000092e+00,-7.801200362120738752e-02
2.729999999999999982e+00,-1.532647181644597734e-01
2.730999999999999872e+00,-1.932285574793504435e-01
2.732000000000000206e+00,-2.215357255915245682e-01
2.733000000000000096e+00,-2.546180583586501456e-01
2.733999999999999986e+00,-2.122411764248680333e-01
2.734999999999999876e+00,-2.451484444797591145e-01
2.736000000000000210e+00,-2.700505464120266375e-01
2.737000000000000099e+00,-2.209864261340838687e-01
2.737999999999999989e+00,-2.244512932780421133e-01
2.738999999999999879e+00,-2.541159500380006930e-01
2.740000000000000213e+00,-2.053848488706460362e-01
2.741000000000000103e+00,-2.064181347398316990e-01
2.741999999999999993e+00,-1.250658360480272346e-01
2.742999999999999883e+00,-1.052058937701316199e-01
2.744000000000000217e+00,-9.018106125022196107e-02
2.745000000000000107e+00,-8.551268573529710593e-02
2.745999999999999996e+00,-1.001802604996432644e-01
2.746999999999999886e+00,-1.152621856628973651e-01
2.748000000000000220e+00,-1.528543464178624411e-01
2.749000000000000110e+00,-2.015740486771378515e-01
2.750000000000000000e+00,-2.152656852082521222e-01
2.750999999999999890e+00,-2.902469895711801140e-01
2.752000000000000224e+00,-2.898915094732715247e-01
2.753000000000000114e+00,-3.291413810984763488e-01
2.754000000000000004e+00,-3.456870527392685855e-01
2.754999999999999893e+00,-3.721158218933147133e-01
2.756000000000000227e+00,-3.480304834680211234e-01
2.757000000000000117e+00,-2.843602225917044590e-01
2.758000000000000007e+00,-3.409697484254141653e-01
2.758999999999999897e+00,-2.743353157757010830e-01
2.760000000000000231e+00,-2.468920855277962623e-01
2.761000000000000121e+00,-2.507698869529809138e-01
2.762000000000000011e+00,-1.827155110755270262e-01
2.762999999999999901e+00,-1.783300983123970174e-01
2.764000000000000234e+00,-1.727634649676227929e-01
2.765000000000000124e+00,-1.761929517279049728e-01
2.766000000000000014e+00,-1.709993400712769562e-01
2.766999999999999904e+00,-2.202637982672370487e-01
2.768000000000000238e+00,-2.730072713125649697e-01
2.769000000000000128e+00,-2.110747697524290312e-01
2.770000000000000018e+00,-2.840098315278460905e-01
2.770999999999999908e+00,-3.659945483788148435e-01
2.772000000000000242e+00,-3.654018867248756131e-01
2.773000000000000131e+00,-4.051002551209297309e-01
2.774000000000000021e+00,-3.929768019185979622e-01
2.774999999999999911e+00,-3.947745165794783739e-01
2.776000000000000245e+00,-3.822455232949799608e-01
2.777000000000000135e+00,-3.838222587370758165e-01
2.778000000000000025e+00,-3.681328123916587924e-01
2.778999999999999915e+00,-3.608535695327347859e-01
2.780000000000000249e+00,-3.318877335456924538e-01
2.781000000000000139e+00,-3.135793118029969184e-01
2.782000000000000028e+00,-2.950796467432855730e-01
2.782999999999999918e+00,-2.406662368516890860e-01
2.784000000000000252e+00,-2.127807896478140504e-01
2.785000000000000142e+00,-2.186256753009068465e-01
2.786000000000000032e+00,-2.712097268298039321e-01
2.786999999999999922e+00,-3.041057783854628771e-01
2.788000000000000256e+00,-2.808787364744624315e-01
2.789000000000000146e+00,-3.164844781462773371e-01
2.790000000000000036e+00,-3.623230274464574463e-01
2.790999999999999925e+00,-4.155864638665343058e-01
2.792000000000000259e+00,-4.211587738834048356e-01
2.793000000000000149e+00,-4.350147954474642420e-01
2.794000000000000039e+00,-4.769818476100906590e-01
2.794999999999999929e+00,-4.823714946834632977e-01
2.796000000000000263e+00,-4.514899674315120404e-01
2.797000000000000153e+00,-4.573079505759604091e-01
2.798000000000000043e+00,-4.381567564321811048e-01
2.798999999999999932e+00,-4.076835309643357941e-01
2.800000000000000266e+00,-4.105087445470608221e-01
2.801000000000000156e+00,-3.608524718897774819e-01
2.802000000000000046e+00,-3.488436881270421397e-01
2.802999999999999936e+00,-3.429066856338111591e-01
2.804000000000000270e+00,-3.086259742950295815e-01
2.805000000000000160e+00,-3.222711619346098066e-01
2.806000000000000050e+00,-3.219200049638039074e-01
2.806999999999999940e+00,-3.205276845362342586e-01
2.808000000000000274e+00,-3.337239228741702424e-01
2.809000000000000163e+00,-3.965109593432023516e-01
2.810000000000000053e+00,-4.224807552260516630e-01
2.810999999999999943e+00,-4.638091924725010196e-01
2.812000000000000277e+00,-4.973197136077951441e-01
2.813000000000000167e+00,-4.863252307889678328e-01
2.814000000000000057e+00,-5.231821794699820227e-01
2.814999999999999947e+00,-5.422103849366998185e-01
2.815999999999999837e+00,-5.166298825864384936e-01
2.817000000000000171e+00,-5.208358775777937044e-01
2.818000000000000060e+00,-4.976601289609020040e-01
2.818999999999999950e+00,-3.839772124788187191e-01
2.819999999999999840e+00,-4.498249030226841305e-01
2.821000000000000174e+00,-3.799486252350038340e-01
2.822000000000000064e+00,-3.793291202282301766e-01
2.822999999999999954e+00,-3.178455863133289316e-01
2.823999999999999844e+00,-3.470205606289153977e-01
2.825000000000000178e+00,-3.590122123457045733e-01
2.826000000000000068e+00,-3.642293864083675503e-01
2.826999999999999957e+00,-3.500831401933182652e-01
2.827999999999999847e+00,-3.588360687509358216e-01
2.829000000000000181e+00,-4.328056146953483951e-01
2.830000000000000071e+00,-4.366453504317280299e-01
2.830999999999999961e+00,-4.897242180918063847e-01
2.831999999999999851e+00,-5.113021513350244351e-01
2.833000000000000185e+00,-5.265077332982709413e-01
2.834000000000000075e+00,-5.671715126650446193e-01
2.834999999999999964e+00,-5.437248529053967383e-01
2.835999999999999854e+00,-5.501345165425706174e-01
2.837000000000000188e+00,-5.142951311562611316e-01
2.838000000000000078e+00,-5.237832027593347650e-01
2.838999999999999968e+00,-4.993027803993261848e-01
2.839999999999999858e+00,-4.251333259950453858e-01
2.841000000000000192e+00,-4.561169738162463849e-01
2.842000000000000082e+00,-4.209157439667957634e-01
2.842999999999999972e+00,-3.790949161057907690e-01
2.843999999999999861e+00,-3.459442510756748357e-01
2.845000000000000195e+00,-3.695117563337041444e-01
2.846000000000000085e+00,-3.653785933515280027e-01
2.846999999999999975e+00,-3.517048650349093863e-01
2.847999999999999865e+00,-3.888332234195531756e-01
2.849000000000000199e+00,-4.712468394301732033e-01
2.850000000000000089e+00,-4.802047364730713253e-01
2.850999999999999979e+00,-4.951536714114338489e-01
2.851999999999999869e+00,-5.234563106164169533e-01
2.853000000000000203e+00,-5.599012152313052049e-01
2.854000000000000092e+00,-5.677735228846153559e-01
2.854999999999999982e+00,-6.022737812655292178e-01
2.855999999999999872e+00,-6.002303584034353046e-01
2.857000000000000206e+00,-5.773097928307594495e-01
2.858000000000000096e+00,-5.463375868200538443e-01
2.858999999999999986e+00,-5.152354636655467335e-01
2.859999999999999876e+00,-4.765996421563092889e-01
2.861000000000000210e+00,-4.881016735392087469e-01
2.862000000000000099e+00,-4.445779757993126857e-01
2.862999999999999989e+00,-3.870408758090474466e-01
2.863999999999999879e+00,-3.862211810313172511e-01
2.865000000000000213e+00,-4.388513359279117010e-01
2.866000000000000103e+00,-4.324228307636523994e-01
2.866999999999999993e+00,-4.308804560931212557e-01
2.867999999999999883e+00,-4.423900442983579318e-01
2.869000000000000217e+00,-4.816420370167147635e-01
2.870000000000000107e+00,-5.313105754876980003e-01
2.870999999999999996e+00,-4.896987332169349116e-01
2.871999999999999886e+00,-5.571649516153056592e-01
2.873000000000000220e+00,-5.826115684377700665e-01
2.874000000000000110e+00,-5.879823688177934216e-01
2.875000000000000000e+00,-5.713144725354848408e-01
2.875999999999999890e+00,-5.957445470878157678e-01
2.877000000000000224e+00,-5.724117952317269165e-01
2.878000000000000114e+00,-5.505081451121188740e-01
2.879000000000000004e+00,-4.998793476568621497e-01
2.879999999999999893e+00,-5.014324519030630700e-01
2.881000000000000227e+00,-4.790625585354759131e-01
2.882000000000000117e+00,-4.279746057608306842e-01
2.883000000000000007e+00,-4.611614553620756451e-01
2.883999999999999897e+00,-3.774333192847919016e-01
2.885000000000000231e+00,-4.099583691882764391e-01
2.886000000000000121e+00,-4.036665907355248550e-01
2.887000000000000011e+00,-4.150862960815338010e-01
2.887999999999999901e+00,-4.259422535213872041e-01
2.889000000000000234e+00,-4.520438958152496189e-01
2.890000000000000124e+00,-5.171594929793803530e-01
2.891000000000000014e+00,-5.094680713026298324e-01
2.891999999999999904e+00,-5.977479191660756142e-01
2.893000000000000238e+00,-6.015704295917825295e-01
2.894000000000000128e+00,-5.962571070236351023e-01
2.895000000000000018e+00,-6.156973143448056796e-01
2.895999999999999908e+00,-5.905438589969141949e-01
2.897000000000000242e+00,-5.736303563593065924e-01
2.898000000000000131e+00,-5.486080697255780736e-01
2.899000000000000021e+00,-5.282197874921028546e-01
2.899999999999999911e+00,-4.954055603323878620e-01
2.901000000000000245e+00,-4.411650285566113272e-01
2.902000000000000135e+00,-4.664992042126913652e-01
2.903000000000000025e+00,-4.370653703069472540e-01
2.903999999999999915e+00,-3.984959097498413927e-01
2.905000000000000249e+00,-3.768579560572745679e-01
2.906000000000000139e+00,-4.245927630971309541e-01
2.907000000000000028e+00,-3.899774951770345055e-01
2.907999999999999918e+00,-4.170458920995457341e-01
2.909000000000000252e+00,-4.763914069524864403e-01
2.910000000000000142e+00,-4.978896878437628071e-01
2.911000000000000032e+00,-5.063904361940443355e-01
2.911999999999999922e+00,-5.038279711310428288e-01
2.913000000000000256e+00,-5.624754047137741075e-01
2.914000000000000146e+00,-6.157853837115955242e-01
2.915000000000000036e+00,-5.903210015493393081e-01
2.915999999999999925e+00,-5.582096748710596579e-01
2.917000000000000259e+00,-5.980224186499251138e-01
2.918000000000000149e+00,-4.981843339512079805e-01
2.919000000000000039e+00,-5.152291836847333606e-01
2.919999999999999929e+00,-4.968863746282848326e-01
2.921000000000000263e+00,-4.181549744575431271e-01
2.922000000000000153e+00,-3.979073434679957222e-01
2.923000000000000043e+00,-4.037417524421210713e-01
2.923999999999999932e+00,-3.490184387940426514e-01
2.925000000000000266e+00,-4.026763616849697858e-01
2.926000000000000156e+00,-4.079936664439468008e-01
2.927000000000000046e+00,-3.978256834030121092e-01
2.927999999999999936e+00,-4.102964402806488220e-01
2.929000000000000270e+00,-4.174649276735719061e-01
2.930000000000000160e+00,-4.722457571957284772e-01
2.931000000000000050e+00,-4.688388887696973706e-01
2.931999999999999940e+00,-5.220038539180139603e-01
2.933000000000000274e+00,-5.417750792326908593e-01
2.934000000000000163e+00,-5.738844485867087286e-01
2.935000000000000053e+00,-5.375202755863783821e-01
2.935999999999999943e+00,-5.412298344516686122e-01
2.937000000000000277e+00,-5.442356492394410106e-01
2.938000000000000167e+00,-5.280984371005861266e-01
2.939000000000000057e+00,-5.049064819525858061e-01
2.939999999999999947e+00,-4.703907359407787370e-01
2.941000000000000281e+00,-4.045897549400987447e-01
2.942000000000000171e+00,-3.976537237698686278e-01
2.943000000000000060e+00,-3.513946652330106613e-01
2.943999999999999950e+00,-3.446449822705463517e-01
2.944999999999999840e+00,-3.104179463128790006e-01
2.946000000000000174e+00,-3.492495164100279381e-01
2.947000000000000064e+00,-3.192078761606740867e-01
2.947999999999999954e+00,-3.585312157371897124e-01
2.948999999999999844e+00,-4.001969997397321621e-01
2.950000000000000178e+00,-3.913534638886285721e-01
2.951000000000000068e+00,-4.709775803106371894e-01
2.951999999999999957e+00,-4.998611933892953552e-01
2.952999999999999847e+00,-5.041652348801221040e-01
2.954000000000000181e+00,-5.080592363156489766e-01
2.955000000000000071e+00,-5.021069706790171061e-01
2.955999999999999961e+00,-5.244542212366103406e-01
2.956999999999999851e+00,-4.897314547419373554e-01
2.958000000000000185e+00,-4.489141189851139080e-01
2.959000000000000075e+00,-4.562732772870818909e-01
2.959999999999999964e+00,-4.232962286159636656e-01
2.960999999999999854e+00,-3.713122357928786976e-01
2.962000000000000188e+00,-3.690921777211437216e-01
2.963000000000000078e+00,-3.230836315585392526e-01
2.963999999999999968e+00,-3.101982769330898226e-01
2.964999999999999858e+00,-2.489088733443287349e-01
2.966000000000000192e+00,-3.253895744826260095e-01
2.967000000000000082e+00,-3.145662978337701587e-01
2.967999999999999972e+00,-3.374897700388508892e-01
2.968999999999999861e+00,-3.443709875508134677e-01
2.970000000000000195e+00,-3.640902361304763635e-01
2.971000000000000085e+00,-4.010597587928889096e-01
2.971999999999999975e+00,-4.752136661542462615e-01
2.972999999999999865e+00,-4.174169444556734554e-01
2.974000000000000199e+00,-4.495586645904933176e-01
2.975000000000000089e+00,-5.007420235448306611e-01
2.975999999999999979e+00,-4.786889539517489855e-01
2.976999999999999869e+00,-4.510013792432570057e-01
2.978000000000000203e+00,-4.033033139678384726e-01
2.979000000000000092e+00,-4.137983915459162443e-01
2.979999999999999982e+00,-3.600131193744178226e-01
2.980999999999999872e+00,-3.333580760864144343e-01
2.982000000000000206e+00,-2.910716178105854923e-01
2.983000000000000096e+00,-2.766284140989878626e-01
2.983999999999999986e+00,-2.540541345386162497e-01
2.984999999999999876e+00,-2.368550060319383477e-01
2.986000000000000210e+00,-2.421131062604092721e-01
2.987000000000000099e+00,-2.468626980783579783e-01
2.987999999999999989e+00,-3.286033648201766022e-01
2.988999999999999879e+00,-2.775630868395186357e-01
2.990000000000000213e+00,-3.319950393287879886e-01
2.991000000000000103e+00,-3.758832828476035282e-01
2.991999999999999993e+00,-3.862762475943384288e-01
2.992999999999999883e+00,-4.137777807776840677e-01
2.994000000000000217e+00,-4.170449899793785553e-01
2.995000000000000107e+00,-3.933986700640701439e-01
2.995999999999999996e+00,-3.799501921188226938e-01
2.996999999999999886e+00,-3.509801637047774148e-01
2.998000000000000220e+00,-3.596333395125660415e-01
2.999000000000000110e+00,-3.586105892671638817e-01
3.000000000000000000e+00,-2.804411572877836267e-01
3.000999999999999890e+00,-2.444280269767667435e-01
3.002000000000000224e+00,-2.307736625274227626e-01
3.003000000000000114e+00,-1.811549592486462190e-01
3.004000000000000004e+00,-2.176484502355991169e-01
3.004999999999999893e+00,-2.218734038289885413e-01
3.006000000000000227e+00,-1.681863869138234824e-01
3.007000000000000117e+00,-1.836467078827253019e-01
3.008000000000000007e+00,-1.918564710480895885e-01
3.008999999999999897e+00,-2.459736609209167701e-01
3.010000000000000231e+00,-2.589274972560958177e-01
3.011000000000000121e+00,-2.749389499198623965e-01
3.012000000000000011e+00,-3.056932466553815009e-01
3.012999999999999901e+00,-3.124271877416265886e-01
3.014000000000000234e+00,-3.506202828917657222e-01
3.015000000000000124e+00,-3.234788902853742432e-01
3.016000000000000014e+00,-3.518349279526670204e-01
3.016999999999999904e+00,-3.007607508322032164e-01
3.018000000000000238e+00,-2.942686836207530909e-01
3.019000000000000128e+00,-2.549873235116261738e-01
3.020000000000000018e+00,-1.909040403333909230e-01
3.020999999999999908e+00,-1.887472482295796117e-01
3.022000000000000242e+00,-1.557607284218303079e-01
3.023000000000000131e+00,-1.315411540662427270e-01
3.024000000000000021e+00,-8.036550912423878756e-02
3.024999999999999911e+00,-7.318890364772642765e-02
3.026000000000000245e+00,-1.019146049829346562e-01
3.027000000000000135e+00,-1.162949319737264509e-01
3.028000000000000025e+00,-1.214165970413179085e-01
3.028999999999999915e+00,-1.196703950346354184e-01
3.030000000000000249e+00,-1.843609442156193823e-01
3.031000000000000139e+00,-2.402113380661585196e-01
3.032000000000000028e+00,-2.473700559632106277e-01
3.032999999999999918e+00,-2.422996135929858796e-01
3.034000000000000252e+00,-2.919256581801447648e-01
3.035000000000000142e+00,-2.711998932059818679e-01
3.036000000000000032e+00,-2.755809427706653048e-01
3.036999999999999922e+00,-2.419160131641184264e-01
3.038000000000000256e+00,-2.377099899494798940e-01
3.039000000000000146e+00,-1.784829450739395251e-01
3.040000000000000036e+00,-1.485585536628577230e-01
3.040999999999999925e+00,-1.077822175041610736e-01
3.042000000000000259e+00,-4.250927144792118750e-02
3.043000000000000149e+00,-2.500075896894889127e-02
3.044000000000000039e+00,-4.511943074564858658e-02
3.044999999999999929e+00,-1.150123649722745167e-02
3.046000000000000263e+00,-3.940641157398186434e-03
3.047000000000000153e+00,-5.350248238847205018e-02
3.048000000000000043e+00,-6.552349626082173972e-02
3.048999999999999932e+00,-1.197388166210049121e-01
3.050000000000000266e+00,-1.173398841878708215e-01
3.051000000000000156e+00,-1.526486041288277473e-01
3.052000000000000046e+00,-1.735537588348207982e-01
3.052999999999999936e+00,-1.795212112525940151e-01
3.054000000000000270e+00,-1.718691677151875652e-01
3.055000000000000160e+00,-1.856142337287682298e-01
3.056000000000000050e+00,-1.704761114665126476e-01
3.056999999999999940e+00,-1.679154979386549562e-01
3.058000000000000274e+00,-1.411209883945941934e-01
3.059000000000000163e+00,-1.142627112388258648e-01
3.060000000000000053e+00,-6.897541358936387645e-02
3.060999999999999943e+00,5.803033643407003866e-03
3.062000000000000277e+00,-9.761771501022233066e-03
3.063000000000000167e+00,-2.386411420550714479e-02
3.064000000000000057e+00,1.324275338106305211e-02
3.064999999999999947e+00,5.325939050207780662e-02
3.066000000000000281e+00,4.531678027727034652e-02
3.067000000000000171e+00,2.435545522455237477e-02
3.068000000000000060e+00,2.682230056678764490e-02
3.068999999999999950e+00,-7.534913558054703864e-03
3.070000000000000284e+00,5.644863786337002420e-03
3.071000000000000174e+00,-6.636466365787999089e-02
3.072000000000000064e+00,-7.430001770611793788e-02
3.072999999999999954e+00,-8.386562250300721999e-02
3.073999999999999844e+00,-1.339773187423995426e-01
3.075000000000000178e+00,-5.893963873594403741e-02
3.076000000000000068e+00,-8.732749766413749892e-02
3.076999999999999957e+00,-1.203084132315059562e-01
3.077999999999999847e+00,-1.933866238420579170e-02
3.079000000000000181e+00,-3.165052106744631333e-02
3.080000000000000071e+00,-3.339592579696484126e-02
3.080999999999999961e+00,2.550714071720319373e-02
3.081999999999999851e+00,5.657410792054848314e-02
3.083000000000000185e+00,9.291936624574423376e-02
3.084000000000000075e+00,1.411183881628931547e-01
3.084999999999999964e+00,1.224391685388307727e-01
3.085999999999999854e+00,1.189445612352195841e-01
3.087000000000000188e+00,1.505839145024517878e-01
3.088000000000000078e+00,8.750375858084460945e-02
3.088999999999999968e+00,1.127632947533679930e-01
3.089999999999999858e+00,4.659931037961504569e-02
3.091000000000000192e+00,7.268837318857439278e-02
3.092000000000000082e+00,2.926983621909340361e-02
3.092999999999999972e+00,-1.982300435262805000e-02
3.093999999999999861e+00,-2.187428572957558770e-02
3.095000000000000195e+00,-3.456479661326559982e-02
3.096000000000000085e+00,2.239708309580146217e-03
3.096999999999999975e+00,4.624352849316606950e-02
3.097999999999999865e+00,5.985367943712854855e-02
3.099000000000000199e+00,7.140683632609998166e-02
3.100000000000000089e+00,9.122435481031708482e-02
3.100999999999999979e+00,1.737157932331902521e-01
3.101999999999999869e+00,1.387140818861867797e-01
3.103000000000000203e+00,1.677130542569868210e-01
3.104000000000000092e+00,1.881942895748956457e-01
3.104999999999999982e+00,1.873611271894493613e-01
3.105999999999999872e+00,1.891256825267744746e-01
3.107000000000000206e+00,1.912289213814268862e-01
3.108000000000000096e+00,1.910481059299726225e-01
3.108999999999999986e+00,1.303786897057835070e-01
3.109999999999999876e+00,1.187204080113317267e-01
3.111000000000000210e+00,6.750743146947905948e-02
3.112000000000000099e+00,6.533236663096689267e-02
3.112999999999999989e+00,6.280785014890039042e-02
3.113999999999999879e+00,4.633746769417246281e-02
3.115000000000000213e+00,3.626844733826026235e-02
3.116000000000000103e+00,6.420303134879011553e-02
3.116999999999999993e+00,7.505526683259428067e-02
3.117999999999999883e+00,1.080485928969660003e-01
3.119000000000000217e+00,1.556087112618618207e-01
3.120000000000000107e+00,1.620792786517777362e-01
3.120999999999999996e+00,2.233774281854303267e-01
3.121999999999999886e+00,2.439028181945107066e-01
3.123000000000000220e+00,2.774470809335936039e-01
3.124000000000000110e+00,2.902222166505736278e-01
3.125000000000000000e+00,3.291380446844414109e-01
3.125999999999999890e+00,2.913553944423371012e-01
3.127000000000000224e+00,2.904377868607607160e-01
3.128000000000000114e+00,2.578093453419037506e-01
3.129000000000000004e+00,2.655037244279724318e-01
3.129999999999999893e+00,2.000994964516714103e-01
3.131000000000000227e+00,1.513642410917319936e-01
3.132000000000000117e+00,1.733879951412352627e-01
3.133000000000000007e+00,1.505786671386985520e-01
3.133999999999999897e+00,1.339963159912079260e-01
3.135000000000000231e+00,8.426165764807935776e-02
3.136000000000000121e+00,1.447764349572438214e-01
3.137000000000000011e+00,1.279739848385508805e-01
3.137999999999999901e+00,2.094539265689192575e-01
3.139000000000000234e+00,2.320671812609183815e-01
3.140000000000000124e+00,2.251702403669023633e-01
3.141000000000000014e+00,2.851573246864533284e-01
3.141999999999999904e+00,3.028621674265346009e-01
3.143000000000000238e+00,3.358433988745759824e-01
3.144000000000000128e+00,3.525112696176810889e-01
3.145000000000000018e+00,3.929194330281432501e-01
3.145999999999999908e+00,3.628832221682357639e-01
3.147000000000000242e+00,3.547260653133841868e-01
3.148000000000000131e+00,3.193048632094402928e-01
3.149000000000000021e+00,3.191882271584058350e-01
3.149999999999999911e+00,3.071698490284016092e-01
3.151000000000000245e+00,2.539146363686416996e-01
3.152000000000000135e+00,2.090353158235304654e-01
3.153000000000000025e+00,2.108148372564466189e-01
3.153999999999999915e+00,1.607905930999391497e-01
3.155000000000000249e+00,1.914940587846356290e-01
3.156000000000000139e+00,1.737672078988940771e-01
3.157000000000000028e+00,2.444076593080158344e-01
3.157999999999999918e+00,2.769973367498581029e-01
3.159000000000000252e+00,2.849013484977885313e-01
3.160000000000000142e+00,3.279803994392164745e-01
3.161000000000000032e+00,3.536614374580113740e-01
3.161999999999999922e+00,3.840660377778523094e-01
3.163000000000000256e+00,4.190076064076522222e-01
3.164000000000000146e+00,4.065934365896854419e-01
3.165000000000000036e+00,4.572075457313763414e-01
3.165999999999999925e+00,4.441785992198418742e-01
3.167000000000000259e+00,4.432666682551760773e-01
3.168000000000000149e+00,4.086043636675378288e-01
3.169000000000000039e+00,4.104032095354268606e-01
3.169999999999999929e+00,3.436682749349512234e-01
3.171000000000000263e+00,3.542646823868652040e-01
3.172000000000000153e+00,2.694711831595807405e-01
3.173000000000000043e+00,2.885478722981076327e-01
3.173999999999999932e+00,2.818580948446179901e-01
3.175000000000000266e+00,2.581236017839677599e-01
3.176000000000000156e+00,2.627863933375439442e-01
3.177000000000000046e+00,2.813327359157931085e-01
3.177999999999999936e+00,3.004508528745298834e-01
3.179000000000000270e+00,3.575091907487100151e-01
3.180000000000000160e+00,3.960182005907075253e-01
3.181000000000000050e+00,4.295707053597221381e-01
3.181999999999999940e+00,4.005091540707131914e-01
3.183000000000000274e+00,4.775982206581946277e-01
3.184000000000000163e+00,4.812930819085191603e-01
3.185000000000000053e+00,4.516805925886707707e-01
3.185999999999999943e+00,4.764355320866372479e-01
3.187000000000000277e+00,4.552007358474216003e-01
3.188000000000000167e+00,4.371099161656033516e-01
3.189000000000000057e+00,4.174310047631239473e-01
3.189999999999999947e+00,3.996253109452329033e-01
3.191000000000000281e+00,4.027197503319540628e-01
3.192000000000000171e+00,3.423294928175635299e-01
3.193000000000000060e+00,3.340062302066760802e-01
3.193999999999999950e+00,3.026377904376427175e-01
3.195000000000000284e+00,2.748877073533452231e-01
3.196000000000000174e+00,3.224456205997177083e-01
3.197000000000000064e+00,3.241706293947523299e-01
3.197999999999999954e+00,3.447255224854857691e-01
3.199000000000000288e+00,3.751146929791285278e-01
3.200000000000000178e+00,4.226906868893341995e-01
3.201000000000000068e+00,4.363291034526600720e-01
3.201999999999999957e+00,4.757337412603099280e-01
3.202999999999999847e+00,4.870522353088917455e-01
3.204000000000000181e+00,5.160393201846260602e-01
3.205000000000000071e+00,5.382004020410581235e-01
3.205999999999999961e+00,5.419050394509857815e-01
3.206999999999999851e+00,5.217274644411121765e-01
3.208000000000000185e+00,4.958477368320263756e-01
3.209000000000000075e+00,4.907727797765047417e-01
3.209999999999999964e+00,4.146829748945533023e-01
3.210999999999999854e+00,4.049311524190494782e-01
3.212000000000000188e+00,3.829291700805946275e-01
3.213000000000000078e+00,4.031911564446518104e-01
3.213999999999999968e+00,3.495702761141151749e-01
3.214999999999999858e+00,3.362357346985270778e-01
3.216000000000000192e+00,3.495552148565035933e-01
3.217000000000000082e+00,3.652138216467134546e-01
3.217999999999999972e+00,3.877536236341989628e-01
3.218999999999999861e+00,4.640603784606038285e-01
3.220000000000000195e+00,4.687211356648817717e-01
3.221000000000000085e+00,4.746082951559761898e-01
3.221999999999999975e+00,5.062709378304708352e-01
3.222999999999999865e+00,5.819006193386146997e-01
3.224000000000000199e+00,5.488483408512658812e-01
3.225000000000000089e+00,5.724948946086383383e-01
3.225999999999999979e+00,5.347999499787003952e-01
3.226999999999999869e+00,5.431752603563324566e-01
3.228000000000000203e+00,5.152593101518747609e-01
3.229000000000000092e+00,5.365667445607431585e-01
3.229999999999999982e+00,4.856936891331743444e-01
3.230999999999999872e+00,4.990673003387700035e-01
3.232000000000000206e+00,4.251859827691764071e-01
3.233000000000000096e+00,4.150502736762969325e-01
3.233999999999999986e+00,3.920893171721284709e-01
3.234999999999999876e+00,3.856034576719231666e-01
3.236000000000000210e+00,3.841834720858522956e-01
3.237000000000000099e+00,3.946075637893036170e-01
3.237999999999999989e+00,4.420709713728084855e-01
3.238999999999999879e+00,4.381595741841518565e-01
3.240000000000000213e+00,4.877574197518523835e-01
3.241000000000000103e+00,5.422195009286076006e-01
3.241999999999999993e+00,5.530429583917891856e-01
3.242999999999999883e+00,5.354486938568896459e-01
3.244000000000000217e+00,5.692482837561742004e-01
3.245000000000000107e+00,6.094463722291425523e-01
3.245999999999999996e+00,5.888604118557296818e-01
3.246999999999999886e+00,5.701506529664900347e-01
3.248000000000000220e+00,5.654593590107346301e-01
3.249000000000000110e+00,5.342280415764288914e-01
3.250000000000000000e+00,4.597355513583154529e-01
3.250999999999999890e+00,4.502048366311969252e-01
3.252000000000000224e+00,4.752109608934445006e-01
3.253000000000000114e+00,3.706746581897981674e-01
3.254000000000000004e+00,4.023023581438281981e-01
3.254999999999999893e+00,3.997272433862854024e-01
3.256000000000000227e+00,4.272047695395971290e-01
3.257000000000000117e+00,4.203923292169006731e-01
3.258000000000000007e+00,4.548888977490269658e-01
3.258999999999999897e+00,4.383765020143287061e-01
3.260000000000000231e+00,4.782442691861650275e-01
3.261000000000000121e+00,5.429400780349179501e-01
3.262000000000000011e+00,5.502468043073960313e-01
3.262999999999999901e+00,5.846455688971724518e-01
3.264000000000000234e+00,5.991365700964780272e-01
3.265000000000000124e+00,6.025019685039021411e-01
3.266000000000000014e+00,6.066122257295425424e-01
3.266999999999999904e+00,5.699550149569738711e-01
3.268000000000000238e+00,5.435180044708877167e-01
3.269000000000000128e+00,5.089525858137272651e-01
3.270000000000000018e+00,5.217514338391950890e-01
3.270999999999999908e+00,4.505655330957393234e-01
3.272000000000000242e+00,4.459854742168837261e-01
3.273000000000000131e+00,4.406479967373858608e-01
3.274000000000000021e+00,4.234136279475495535e-01
3.274999999999999911e+00,4.127443998440963879e-01
3.276000000000000245e+00,4.433726960145785156e-01
3.277000000000000135e+00,4.290717557434046703e-01
3.278000000000000025e+00,4.243619176339610277e-01
3.278999999999999915e+00,4.616535718294721979e-01
3.280000000000000249e+00,4.851670589550894919e-01
3.281000000000000139e+00,5.572622218271652272e-01
3.282000000000000028e+00,5.346064476007843513e-01
3.282999999999999918e+00,5.854748745650987241e-01
3.284000000000000252e+00,5.729385733773120215e-01
3.285000000000000142e+00,6.223521124465872800e-01
3.286000000000000032e+00,5.884417333920919368e-01
3.286999999999999922e+00,5.779746819808242453e-01
3.288000000000000256e+00,5.377265356543844410e-01
3.289000000000000146e+00,5.545466112564176875e-01
3.290000000000000036e+00,4.977122133073389465e-01
3.290999999999999925e+00,5.039325075682216104e-01
3.292000000000000259e+00,4.109841691344136572e-01
3.293000000000000149e+00,4.006799871240799282e-01
3.294000000000000039e+00,4.095077761856493748e-01
3.294999999999999929e+00,3.508598654070275158e-01
3.296000000000000263e+00,3.813245938082455155e-01
3.297000000000000153e+00,4.200200373792184472e-01
3.298000000000000043e+00,4.535270442025101656e-01
3.298999999999999932e+00,4.427731866016162421e-01
3.300000000000000266e+00,4.738783220143690800e-01
3.301000000000000156e+00,5.149979153531546450e-01
3.302000000000000046e+00,5.480550304174431897e-01
3.302999999999999936e+00,5.302584541263664075e-01
3.304000000000000270e+00,5.838777079860131280e-01
3.305000000000000160e+00,5.854338874899952527e-01
3.306000000000000050e+00,5.743716619485591535e-01
3.306999999999999940e+00,5.715339432404773490e-01
3.308000000000000274e+00,5.213126104865718480e-01
3.309000000000000163e+00,5.065112999244241188e-01
3.310000000000000053e+00,4.953698365767336687e-01
3.310999999999999943e+00,4.576879275757698706e-01
3.312000000000000277e+00,4.176953311013065773e-01
3.313000000000000167e+00,3.730976295912017404e-01
3.314000000000000057e+00,3.591679819415914965e-01
3.314999999999999947e+00,3.841050473116850439e-01
3.316000000000000281e+00,3.585677013897123344e-01
3.317000000000000171e+00,3.529157107423882000e-01
3.318000000000000060e+00,3.947938194341085727e-01
3.318999999999999950e+00,4.469959442528317339e-01
3.320000000000000284e+00,4.572797874374849858e-01
3.321000000000000174e+00,4.803858649656263524e-01
3.322000000000000064e+00,4.921128664030961497e-01
3.322999999999999954e+00,5.215657809428005942e-01
3.324000000000000288e+00,5.331446569552121817e-01
3.325000000000000178e+00,5.457822703101630202e-01
3.326000000000000068e+00,5.148799038608988798e-01
3.326999999999999957e+00,5.008370625057286807e-01
3.328000000000000291e+00,4.953272868885713609e-01
3.329000000000000181e+00,4.732567120796160043e-01
3.330000000000000071e+00,4.384965386032640411e-01
3.330999999999999961e+00,3.884011007121473402e-01
3.331999999999999851e+00,3.518886394011870311e-01
3.333000000000000185e+00,1.390614234938533311e+00
3.334000000000000075e+00,6.301561676008078372e-01
3.334999999999999964e+00,-1.836784717381952647e-01
3.335999999999999854e+00,3.537137027062401406e-01
3.337000000000000188e+00,3.486822325746207207e-01
3.338000000000000078e+00,3.589878303698965656e-01
3.338999999999999968e+00,3.783685089283831404e-01
3.339999999999999858e+00,3.888638011290997398e-01
3.341000000000000192e+00,4.470083864459761802e-01
3.342000000000000082e+00,4.501264903564957676e-01
3.342999999999999972e+00,4.919269763428720799e-01
3.343999999999999861e+00,4.857148639759832909e-01
3.345000000000000195e+00,5.251785610163469675e-01
3.346000000000000085e+00,5.122090410340899291e-01
3.346999999999999975e+00,5.268333579583227566e-01
3.347999999999999865e+00,4.593518441230550753e-01
3.349000000000000199e+00,4.126540914119556924e-01
3.350000000000000089e+00,3.879527077835452920e-01
3.350999999999999979e+00,3.526393457916220942e-01
3.351999999999999869e+00,3.403512150150147519e-01
3.353000000000000203e+00,2.802155828806220939e-01
3.354000000000000092e+00,3.294778523239856316e-01
3.354999999999999982e+00,2.943129233613677176e-01
3.355999999999999872e+00,2.712270395522044519e-01
3.357000000000000206e+00,2.771299071920740875e-01
3.358000000000000096e+00,2.964063258755579300e-01
3.358999999999999986e+00,3.298578659381846689e-01
3.359999999999999876e+00,3.675831297573242118e-01
3.361000000000000210e+00,4.063936542050349821e-01
3.362000000000000099e+00,4.243623826894059037e-01
3.362999999999999989e+00,4.240681175234171096e-01
3.363999999999999879e+00,4.674323521616252641e-01
3.365000000000000213e+00,4.694588310923563101e-01
3.366000000000000103e+00,4.719789591534646056e-01
3.366999999999999993e+00,4.632099554376086781e-01
3.367999999999999883e+00,3.704163800863590206e-01
3.369000000000000217e+00,3.510074216619920584e-01
3.370000000000000107e+00,3.467223726295059483e-01
3.370999999999999996e+00,3.496504309941663169e-01
3.371999999999999886e+00,2.634606175467283373e-01
3.373000000000000220e+00,2.455164290336179223e-01
3.374000000000000110e+00,2.037741315790485563e-01
3.375000000000000000e+00,2.187035246035436142e-01
3.375999999999999890e+00,2.556421053817333200e-01
3.377000000000000224e+00,2.266335732549812076e-01
3.378000000000000114e+00,2.559982105645728367e-01
3.379000000000000004e+00,2.773800742171695921e-01
3.379999999999999893e+00,3.117909069604274941e-01
3.381000000000000227e+00,3.664122357529179252e-01
3.382000000000000117e+00,3.479921469843771931e-01
3.383000000000000007e+00,3.862654883100240522e-01
3.383999999999999897e+00,3.861949586847308047e-01
3.385000000000000231e+00,4.056352749521939804e-01
3.386000000000000121e+00,3.699812604591793952e-01
3.387000000000000011e+00,3.810060378581730522e-01
3.387999999999999901e+00,3.459608053341711731e-01
3.389000000000000234e+00,3.182377900310767727e-01
3.390000000000000124e+00,2.766258550243815284e-01
3.391000000000000014e+00,2.044316376134976965e-01
3.391999999999999904e+00,2.098400516364822832e-01
3.393000000000000238e+00,1.744834302498325940e-01
3.394000000000000128e+00,1.457204649453244794e-01
3.395000000000000018e+00,1.886907182761784207e-01
3.395999999999999908e+00,1.320875192470952475e-01
3.397000000000000242e+00,1.396040280683016332e-01
3.398000000000000131e+00,2.224608589920688273e-01
3.399000000000000021e+00,2.228903891130665227e-01
3.399999999999999911e+00,2.389159529984447583e-01
3.401000000000000245e+00,2.942001680705454980e-01
3.402000000000000135e+00,2.949796867722073723e-01
3.403000000000000025e+00,3.046758641913341892e-01
3.403999999999999915e+00,3.258680066171161238e-01
3.405000000000000249e+00,3.321150457616481866e-01
3.406000000000000139e+00,3.200630328330111296e-01
3.407000000000000028e+00,3.043972923031342814e-01
3.407999999999999918e+00,2.496150234520698175e-01
3.409000000000000252e+00,2.468968102859875058e-01
3.410000000000000142e+00,2.130279199266525703e-01
3.411000000000000032e+00,1.603344205098503616e-01
3.411999999999999922e+00,1.515370208330232837e-01
3.413000000000000256e+00,1.121119324122304833e-01
3.414000000000000146e+00,8.586553370267517582e-02
3.415000000000000036e+00,7.945041279562539693e-02
3.415999999999999925e+00,7.037695088574683067e-02
3.417000000000000259e+00,1.194832385016145887e-01
3.418000000000000149e+00,1.102369498684149518e-01
3.419000000000000039e+00,1.475363836786886540e-01
3.419999999999999929e+00,1.863319462865668519e-01
3.421000000000000263e+00,1.996227095010035812e-01
3.422000000000000153e+00,2.005115069101051917e-01
3.423000000000000043e+00,2.469428253040367449e-01
3.423999999999999932e+00,2.627203074538747019e-01
3.425000000000000266e+00,1.772801582090722250e-01
3.426000000000000156e+00,2.324384631213083363e-01
3.427000000000000046e+00,2.188398679857978535e-01
3.427999999999999936e+00,1.513790247786195309e-01
3.429000000000000270e+00,1.900587361983595014e-01
3.430000000000000160e+00,1.362872811929053685e-01
3.431000000000000050e+00,7.944415043693123235e-02
3.431999999999999940e+00,4.166830787685305015e-02
3.433000000000000274e+00,5.074789368279906954e-02
3.434000000000000163e+00,4.092547018623937660e-03
3.435000000000000053e+00,2.202291287019669808e-02
3.435999999999999943e+00,-7.410503327178255550e-03
3.437000000000000277e+00,4.854173340939386960e-02
3.438000000000000167e+00,4.834478699550117525e-02
3.439000000000000057e+00,8.073687898481082814e-02
3.439999999999999947e+00,7.031204567142623763e-02
3.441000000000000281e+00,8.449687321327742362e-02
3.442000000000000171e+00,1.116852906955074914e-01
3.443000000000000060e+00,1.443171803163201261e-01
3.443999999999999950e+00,1.606794630839573079e-01
3.445000000000000284e+00,1.857856829983224045e-01
3.446000000000000174e+00,1.629440695663614824e-01
3.447000000000000064e+00,1.450904375333836038e-01
3.447999999999999954e+00,9.554963456204815242e-02
3.449000000000000288e+00,7.415845316189913217e-02
3.450000000000000178e+00,4.395597873681604539e-02
3.451000000000000068e+00,2.851690518986407796e-02
3.451999999999999957e+00,-5.454025130165294361e-02
3.453000000000000291e+00,-8.404049557182860508e-02
3.454000000000000181e+00,-3.051686973753812981e-02
3.455000000000000071e+00,-5.086915510854585903e-02
3.455999999999999961e+00,-6.214782778319530299e-02
3.456999999999999851e+00,-3.930844494841519154e-02
3.458000000000000185e+00,-2.202979258980297672e-02
3.459000000000000075e+00,5.240226558614530239e-03
3.459999999999999964e+00,-2.479966897799602485e-02
3.460999999999999854e+00,7.430385144412368637e-02
3.462000000000000188e+00,4.474844469221713611e-02
3.463000000000000078e+00,6.355291948031699389e-02
3.463999999999999968e+00,1.108315705796864559e-01
3.464999999999999858e+00,8.089305959001238944e-02
3.466000000000000192e+00,6.973943718041206163e-02
3.467000000000000082e+00,5.357924731988875089e-02
3.467999999999999972e+00,1.528335492066561219e-02
3.468999999999999861e+00,4.899143520519479850e-03
3.470000000000000195e+00,-2.082085518837909974e-02
3.471000000000000085e+00,-7.174883238567666965e-02
3.471999999999999975e+00,-8.116915865083745851e-02
3.472999999999999865e+00,-1.111118121347176579e-01
3.474000000000000199e+00,-1.716427713032393221e-01
3.475000000000000089e+00,-1.883221846453612680e-01
3.475999999999999979e+00,-1.668101584355271838e-01
3.476999999999999869e+00,-1.241952099961537159e-01
3.478000000000000203e+00,-9.807635130479555596e-02
3.479000000000000092e+00,-1.151375096271344961e-01
3.479999999999999982e+00,-6.183646593846556239e-02
3.480999999999999872e+00,-4.401941396490097191e-02
3.482000000000000206e+00,-1.973339481192357137e-02
3.483000000000000096e+00,-2.071180270175242144e-02
3.483999999999999986e+00,2.830642232490060417e-02
3.484999999999999876e+00,1.384795384201836788e-02
3.486000000000000210e+00,3.276742746464373496e-02
3.487000000000000099e+00,-4.547213663895409430e-02
3.487999999999999989e+00,-5.482568719238876953e-02
3.488999999999999879e+00,-4.608476414868895032e-02
3.490000000000000213e+00,-1.109591134517391581e-01
3.491000000000000103e+00,-1.370459027799817986e-01
3.491999999999999993e+00,-1.670504021201361655e-01
3.492999999999999883e+00,-1.797514830499138960e-01
3.494000000000000217e+00,-2.563251152592900262e-01
3.495000000000000107e+00,-2.540772799921829916e-01
3.495999999999999996e+00,-2.325204162588084544e-01
3.496999999999999886e+00,-2.490004307254878035e-01
3.498000000000000220e+00,-2.361505573558280446e-01
3.499000000000000110e+00,-1.847253985581835678e-01
3.500000000000000000e+00,-1.425443711869342767e-01
3.500999999999999890e+00,-1.397615785035529468e-01
3.502000000000000224e+00,-5.374998107225179012e-02
3.503000000000000114e+00,-7.685615610522075758e-02
3.504000000000000004e+00,-6.263688265230230034e-02
3.504999999999999893e+00,-7.866386594302207658e-02
3.506000000000000227e+00,-7.094806711160829560e-02
3.507000000000000117e+00,-1.383675939411558309e-01
3.508000000000000007e+00,-1.475641095469549802e-01
3.508999999999999897e+00,-1.561288826784500983e-01
3.510000000000000231e+00,-2.128908811826059899e-01
3.511000000000000121e+00,-2.290662707889525584e-01
3.512000000000000011e+00,-2.255638912016086073e-01
3.512999999999999901e+00,-2.988415500651180334e-01
3.514000000000000234e+00,-3.121593301335480741e-01
3.515000000000000124e+00,-3.086898523743673017e-01
3.516000000000000014e+00,-3.264800771753120223e-01
3.516999999999999904e+00,-2.870951000118450724e-01
3.518000000000000238e+00,-3.116397236187459785e-01
3.519000000000000128e+00,-2.394767054196659806e-01
3.520000000000000018e+00,-2.549546316312083505e-01
3.520999999999999908e+00,-1.766536727676922547e-01
3.522000000000000242e+00,-1.908663073824131973e-01
3.523000000000000131e+00,-1.453408734837998706e-01
3.524000000000000021e+00,-1.518543281857757110e-01
3.524999999999999911e+00,-1.404601946510936616e-01
3.526000000000000245e+00,-1.610625927684000702e-01
3.527000000000000135e+00,-2.244473385195417947e-01
3.528000000000000025e+00,-2.279657012351301582e-01
3.528999999999999915e+00,-2.221233319448432664e-01
3.530000000000000249e+00,-2.659211016450335197e-01
3.531000000000000139e+00,-3.181303634861289975e-01
3.532000000000000028e+00,-3.320983156603516950e-01
3.532999999999999918e+00,-3.622670167890010284e-01
3.534000000000000252e+00,-3.811810097141644649e-01
3.535000000000000142e+00,-3.591677675700873928e-01
3.536000000000000032e+00,-3.992926061639915924e-01
3.536999999999999922e+00,-3.879456302519384003e-01
3.538000000000000256e+00,-3.529093178079377724e-01
3.539000000000000146e+00,-3.264044093636226940e-01
3.540000000000000036e+00,-2.996295679138473722e-01
3.540999999999999925e+00,-2.331617850832233829e-01
3.542000000000000259e+00,-2.030305763646662043e-01
3.543000000000000149e+00,-2.340632414450700693e-01
3.544000000000000039e+00,-2.464512161426425374e-01
3.544999999999999929e+00,-2.165068531257616502e-01
3.546000000000000263e+00,-1.823438675979053292e-01
3.547000000000000153e+00,-2.299732488545432330e-01
3.548000000000000043e+00,-2.466044135483111133e-01
3.548999999999999932e+00,-2.488058816253177763e-01
3.550000000000000266e+00,-3.363450254165534226e-01
3.551000000000000156e+00,-3.580723855991119198e-01
3.552000000000000046e+00,-4.156171151884335280e-01
3.552999999999999936e+00,-4.288374030469269682e-01
3.554000000000000270e+00,-4.552770006885760168e-01
3.555000000000000160e+00,-4.354247066665531962e-01
3.556000000000000050e+00,-4.365313660809581053e-01
3.556999999999999940e+00,-4.301054289276750042e-01
3.558000000000000274e+00,-4.307030448304329795e-01
3.559000000000000163e+00,-3.959594330205942203e-01
3.560000000000000053e+00,-3.418156049995555446e-01
3.560999999999999943e+00,-3.266892874191956175e-01
3.562000000000000277e+00,-3.130041853547740893e-01
3.563000000000000167e+00,-3.274957648342572969e-01
3.564000000000000057e+00,-2.968419282329418096e-01
3.564999999999999947e+00,-2.651794978672321612e-01
3.566000000000000281e+00,-2.989320819826480347e-01
3.567000000000000171e+00,-3.086082463476095272e-01
3.568000000000000060e+00,-2.903068834459049397e-01
3.568999999999999950e+00,-3.444417592143629303e-01
3.570000000000000284e+00,-3.750756956083819427e-01
3.571000000000000174e+00,-4.091919530698682195e-01
3.572000000000000064e+00,-4.818347682033009560e-01
3.572999999999999954e+00,-4.902765561124251548e-01
3.574000000000000288e+00,-4.700833726430764248e-01
3.575000000000000178e+00,-5.219065973669061442e-01
3.576000000000000068e+00,-5.146219560679828886e-01
3.576999999999999957e+00,-5.081294537566106717e-01
3.578000000000000291e+00,-4.204143627943660588e-01
3.579000000000000181e+00,-4.551624760576911122e-01
3.580000000000000071e+00,-4.217754676436891170e-01
3.580999999999999961e+00,-3.689137420502593967e-01
3.582000000000000295e+00,-3.484311030469412485e-01
3.583000000000000185e+00,-3.139839495676186587e-01
3.584000000000000075e+00,-3.462336978412826061e-01
3.584999999999999964e+00,-3.154886046778260233e-01
3.585999999999999854e+00,-3.290915974835787461e-01
3.587000000000000188e+00,-3.416711824919527740e-01
3.588000000000000078e+00,-3.694302820338502547e-01
3.588999999999999968e+00,-3.857447967615764695e-01
3.589999999999999858e+00,-4.096738043119211858e-01
3.591000000000000192e+00,-4.823345541373821321e-01
3.592000000000000082e+00,-4.930724292417046906e-01
3.592999999999999972e+00,-4.920897371868819814e-01
3.593999999999999861e+00,-5.755831955033440250e-01
3.595000000000000195e+00,-5.228502237534294883e-01
3.596000000000000085e+00,-5.390077784707441033e-01
3.596999999999999975e+00,-5.125253861607790284e-01
3.597999999999999865e+00,-5.033780090505525218e-01
3.599000000000000199e+00,-4.943690671391258173e-01
3.600000000000000089e+00,-4.578646369236419877e-01
3.600999999999999979e+00,-4.158733882931242576e-01
3.601999999999999869e+00,-3.845908445484169103e-01
3.603000000000000203e+00,-3.842599270433896264e-01
3.604000000000000092e+00,-3.836033531825369103e-01
3.604999999999999982e+00,-3.295157114289124500e-01
3.605999999999999872e+00,-3.599573637456941477e-01
3.607000000000000206e+00,-3.726663973535298546e-01
3.608000000000000096e+00,-3.925144556945257546e-01
3.608999999999999986e+00,-4.303384314305288005e-01
3.609999999999999876e+00,-4.676952184310957383e-01
3.611000000000000210e+00,-4.893693303601760469e-01
3.612000000000000099e+00,-5.298555628570735809e-01
3.612999999999999989e+00,-5.455051919029154650e-01
3.613999999999999879e+00,-5.694783862035849298e-01
3.615000000000000213e+00,-5.815319905109085363e-01
3.616000000000000103e+00,-5.761860795481900110e-01
3.616999999999999993e+00,-5.425698091354451691e-01
3.617999999999999883e+00,-5.722557122167687416e-01
3.619000000000000217e+00,-5.019796913021191687e-01
3.620000000000000107e+00,-4.967962100810821569e-01
3.620999999999999996e+00,-4.257703560338529925e-01
3.621999999999999886e+00,-3.808962676655105462e-01
3.623000000000000220e+00,-4.466611513870246131e-01
3.624000000000000110e+00,-3.921597176774558324e-01
3.625000000000000000e+00,-3.737036191217829595e-01
3.625999999999999890e+00,-4.052248155651412831e-01
3.627000000000000224e+00,-4.078010021741836910e-01
3.628000000000000114e+00,-4.164584734734217975e-01
3.629000000000000004e+00,-4.671932716284983300e-01
3.629999999999999893e+00,-4.867829580018935287e-01
3.631000000000000227e+00,-5.121415237308436508e-01
3.632000000000000117e+00,-5.490215245777124720e-01
3.633000000000000007e+00,-5.823489686099510010e-01
3.633999999999999897e+00,-5.887181953044680061e-01
3.635000000000000231e+00,-6.069536092754745926e-01
3.636000000000000121e+00,-5.971693441041059369e-01
3.637000000000000011e+00,-5.960799857811146518e-01
3.637999999999999901e+00,-5.691950683745721218e-01
3.639000000000000234e+00,-5.373937784471078949e-01
3.640000000000000124e+00,-4.540963321916097750e-01
3.641000000000000014e+00,-4.401914763096210770e-01
3.641999999999999904e+00,-4.396099265981348037e-01
3.643000000000000238e+00,-4.088841805333645052e-01
3.644000000000000128e+00,-3.982422267564124096e-01
3.645000000000000018e+00,-4.043069731277322276e-01
3.645999999999999908e+00,-4.210805989312111364e-01
3.647000000000000242e+00,-4.362515164913787213e-01
3.648000000000000131e+00,-4.459955100041512743e-01
3.649000000000000021e+00,-5.073002208954475734e-01
3.649999999999999911e+00,-4.965792372259651977e-01
3.651000000000000245e+00,-5.177814832620630803e-01
3.652000000000000135e+00,-5.785192767881673914e-01
3.653000000000000025e+00,-5.769806040074716424e-01
3.653999999999999915e+00,-5.560322337180454433e-01
3.655000000000000249e+00,-6.079674789142318625e-01
3.656000000000000139e+00,-6.032619440461159943e-01
3.657000000000000028e+00,-5.643298346958812717e-01
3.657999999999999918e+00,-5.587580806191655425e-01
3.659000000000000252e+00,-5.410999721200639989e-01
3.660000000000000142e+00,-5.066228434310948714e-01
3.661000000000000032e+00,-4.477684415440293941e-01
3.661999999999999922e+00,-4.613461148373905751e-01
3.663000000000000256e+00,-4.203265237446076052e-01
3.664000000000000146e+00,-4.031598060957652940e-01
3.665000000000000036e+00,-3.919181842365649926e-01
3.665999999999999925e+00,-4.015249719605087919e-01
3.667000000000000259e+00,-4.008025861273079027e-01
3.668000000000000149e+00,-4.241298432208195357e-01
3.669000000000000039e+00,-4.320218334480270261e-01
3.669999999999999929e+00,-5.020107751026440246e-01
3.671000000000000263e+00,-4.591715460624287704e-01
3.672000000000000153e+00,-5.774729775518283592e-01
3.673000000000000043e+00,-5.853266950034754501e-01
3.673999999999999932e+00,-5.971388340964712826e-01
3.675000000000000266e+00,-5.772011040333393517e-01
3.676000000000000156e+00,-5.922380776436015903e-01
3.677000000000000046e+00,-5.555644736472690193e-01
3.677999999999999936e+00,-5.451551496046370682e-01
3.679000000000000270e+00,-5.090324574141530389e-01
3.680000000000000160e+00,-5.002225545021796727e-01
3.681000000000000050e+00,-4.198952361727834037e-01
3.681999999999999940e+00,-4.364615165472455760e-01
3.683000000000000274e+00,-4.226469322103477699e-01
3.684000000000000163e+00,-3.898061306790221447e-01
3.685000000000000053e+00,-3.748747180048775940e-01
3.685999999999999943e+00,-3.801875358841147468e-01
3.687000000000000277e+00,-3.705902763211748607e-01
3.688000000000000167e+00,-4.165634417189106320e-01
3.689000000000000057e+00,-4.330161385301729560e-01
3.689999999999999947e+00,-5.056201567486826587e-01
3.691000000000000281e+00,-5.122011440627801671e-01
3.692000000000000171e+00,-5.427331130787934610e-01
3.693000000000000060e+00,-5.540161215119925320e-01
3.693999999999999950e+00,-5.961575944579936559e-01
3.695000000000000284e+00,-6.032173907086385567e-01
3.696000000000000174e+00,-6.054882505974468199e-01
3.697000000000000064e+00,-5.632365253128842619e-01
3.697999999999999954e+00,-5.229142150747476681e-01
3.699000000000000288e+00,-5.162570770567463940e-01
3.700000000000000178e+00,-4.444138336516841870e-01
3.701000000000000068e+00,-4.410169817343769227e-01
3.701999999999999957e+00,-3.929858969421729520e-01
3.703000000000000291e+00,-4.110977780067353038e-01
3.704000000000000181e+00,-3.613888995284317840e-01
3.705000000000000071e+00,-3.413306003057078319e-01
3.705999999999999961e+00,-3.743311735635561077e-01
3.707000000000000295e+00,-3.967656761046925440e-01
3.708000000000000185e+00,-4.020568799220522460e-01
3.709000000000000075e+00,-4.187729108703086567e-01
3.709999999999999964e+00,-4.467905566435535492e-01
3.711000000000000298e+00,-4.744705309359302792e-01
3.712000000000000188e+00,-4.992189172222850635e-01
3.713000000000000078e+00,-5.049786254711076117e-01
3.713999999999999968e+00,-5.495349258659865122e-01
3.714999999999999858e+00,-5.157272072738761093e-01
3.716000000000000192e+00,-5.111269651308176787e-01
3.717000000000000082e+00,-5.247230529281217137e-01
3.717999999999999972e+00,-4.644872079224798278e-01
3.718999999999999861e+00,-4.727419395108810041e-01
3.720000000000000195e+00,-4.225461020833024550e-01
3.721000000000000085e+00,-3.749488245397304409e-01
3.721999999999999975e+00,-3.882842959991976706e-01
3.722999999999999865e+00,-3.334897455415141154e-01
3.724000000000000199e+00,-3.195399074291807029e-01
3.725000000000000089e+00,-3.093532987224695274e-01
3.725999999999999979e+00,-3.329478901001792224e-01
3.726999999999999869e+00,-3.184262077337000063e-01
3.728000000000000203e+00,-3.768869476247210248e-01
3.729000000000000092e+00,-3.441206019757150347e-01
3.729999999999999982e+00,-4.141261490142374435e-01
3.730999999999999872e+00,-4.500734927121064488e-01
3.732000000000000206e+00,-4.585571527449799345e-01
3.733000000000000096e+00,-4.896536024856034119e-01
3.733999999999999986e+00,-4.841633649602278822e-01
3.734999999999999876e+00,-4.944744260130914393e-01
3.736000000000000210e+00,-5.054019416738824155e-01
3.737000000000000099e+00,-4.796001399906359985e-01
3.737999999999999989e+00,-4.537027703165409931e-01
3.738999999999999879e+00,-3.984625385528784425e-01
3.740000000000000213e+00,-3.912727810388381133e-01
3.741000000000000103e+00,-3.282093802039778296e-01
3.741999999999999993e+00,-3.127214379075566320e-01
3.742999999999999883e+00,-3.553858929096890829e-01
3.744000000000000217e+00,-2.643075352458172933e-01
3.745000000000000107e+00,-2.755792171209104913e-01
3.745999999999999996e+00,-2.722031891262527425e-01
3.746999999999999886e+00,-3.005653649294291463e-01
3.748000000000000220e+00,-2.944831693924898630e-01
3.749000000000000110e+00,-3.130387948963546663e-01
3.750000000000000000e+00,-3.851168738087154542e-01
3.750999999999999890e+00,-3.968677496264379490e-01
3.752000000000000224e+00,-4.104725112781522633e-01
3.753000000000000114e+00,-4.248659164347970973e-01
3.754000000000000004e+00,-4.682064741539389008e-01
3.754999999999999893e+00,-4.476214104998866850e-01
3.756000000000000227e+00,-4.282743994743051230e-01
3.757000000000000117e+00,-4.159934124523490540e-01
3.758000000000000007e+00,-3.922397358519252308e-01
3.758999999999999897e+00,-3.627970966265524067e-01
3.760000000000000231e+00,-2.991710843274792975e-01
3.761000000000000121e+00,-2.732310261978450061e-01
3.762000000000000011e+00,-2.481191681070586963e-01
3.762999999999999901e+00,-2.166895725370129866e-01
3.764000000000000234e+00,-2.150630376126595189e-01
3.765000000000000124e+00,-2.100986595828738535e-01
3.766000000000000014e+00,-1.968010030479341865e-01
3.766999999999999904e+00,-2.340680441284152258e-01
3.768000000000000238e+00,-2.410140897931418447e-01
3.769000000000000128e+00,-2.653758048936722957e-01
3.770000000000000018e+00,-2.755590769957081965e-01
3.770999999999999908e+00,-3.054947250795223557e-01
3.772000000000000242e+00,-3.409926329640475817e-01
3.773000000000000131e+00,-3.728117017516879295e-01
3.774000000000000021e+00,-3.802595915557756556e-01
3.774999999999999911e+00,-3.791969630043946493e-01
3.776000000000000245e+00,-3.899658615560262498e-01
3.777000000000000135e+00,-3.825281440324186932e-01
3.778000000000000025e+00,-3.281834380130381201e-01
3.778999999999999915e+00,-2.715567287546079012e-01
3.780000000000000249e+00,-2.630898700345308816e-01
3.781000000000000139e+00,-2.422545319652408546e-01
3.782000000000000028e+00,-1.776142488695534594e-01
3.782999999999999918e+00,-1.447596719822361877e-01
3.784000000000000252e+00,-1.546209803891911705e-01
3.785000000000000142e+00,-1.658105111677799226e-01
3.786000000000000032e+00,-1.469653730201711250e-01
3.786999999999999922e+00,-1.563576386098332605e-01
3.788000000000000256e+00,-1.927602859381643552e-01
3.789000000000000146e+00,-1.897102994827020717e-01
3.790000000000000036e+00,-2.701909313567587012e-01
3.790999999999999925e+00,-2.354696993693723983e-01
3.792000000000000259e+00,-2.962030996687584627e-01
3.793000000000000149e+00,-2.976837702365980887e-01
3.794000000000000039e+00,-2.704518463354113056e-01
3.794999999999999929e+00,-2.751782474391147870e-01
3.796000000000000263e+00,-2.851190139186308148e-01
3.797000000000000153e+00,-2.749541546322996632e-01
3.798000000000000043e+00,-2.517665384008340168e-01
3.798999999999999932e+00,-2.207789380987848493e-01
3.800000000000000266e+00,-1.499776859351755198e-01
3.801000000000000156e+00,-1.441784391422088196e-01
3.802000000000000046e+00,-1.142059855905185606e-01
3.802999999999999936e+00,-7.964451516567516709e-02
3.804000000000000270e+00,-8.523278586471005891e-02
3.805000000000000160e+00,-4.947508332112257601e-02
3.806000000000000050e+00,-5.454545250675649215e-02
3.806999999999999940e+00,-7.201082624224770801e-02
3.808000000000000274e+00,-5.443631924971831237e-02
3.809000000000000163e+00,-1.473931479865804584e-01
3.810000000000000053e+00,-1.441649032854172008e-01
3.810999999999999943e+00,-1.828477576501569279e-01
3.812000000000000277e+00,-2.206360219469969131e-01
3.813000000000000167e+00,-2.228455499169693377e-01
3.814000000000000057e+00,-2.317928704837647347e-01
3.814999999999999947e+00,-1.885406320664765323e-01
3.816000000000000281e+00,-1.552093830985021850e-01
3.817000000000000171e+00,-2.707904625744610994e-01
3.818000000000000060e+00,-1.614183859294339718e-01
3.818999999999999950e+00,-1.402517179685092152e-01
3.820000000000000284e+00,-1.044804326368258124e-01
3.821000000000000174e+00,-3.478002309133727127e-02
3.822000000000000064e+00,-3.184077376503564177e-02
3.822999999999999954e+00,7.149503789488753647e-03
3.824000000000000288e+00,-2.588575472413373602e-02
3.825000000000000178e+00,3.028900257300162768e-02
3.826000000000000068e+00,3.753358458199185232e-04
3.826999999999999957e+00,-1.104259978826835353e-03
3.828000000000000291e+00,-3.744982940973932278e-02
3.829000000000000181e+00,-4.236224682017659948e-02
3.830000000000000071e+00,-4.086455821902190699e-02
3.830999999999999961e+00,-1.049445692998639823e-01
3.832000000000000295e+00,-1.215055552652755388e-01
3.833000000000000185e+00,-1.167268320310597685e-01
3.834000000000000075e+00,-1.286741368317921297e-01
3.834999999999999964e+00,-1.309904205412601719e-01
3.836000000000000298e+00,-1.816203477702914570e-01
3.837000000000000188e+00,-9.504263054411085654e-02
3.838000000000000078e+00,-6.967369384291838275e-02
3.838999999999999968e+00,-5.936395365048535711e-02
3.839999999999999858e+00,-3.920468864408740289e-02
3.841000000000000192e+00,5.476797398852421839e-03
3.842000000000000082e+00,3.100626589905729202e-02
3.842999999999999972e+00,7.117167575074982711e-02
3.843999999999999861e+00,3.610168891433706423e-02
3.845000000000000195e+00,1.021537710829504009e-01
3.846000000000000085e+00,7.563133313403291869e-02
3.846999999999999975e+00,1.003343819028757328e-01
3.847999999999999865e+00,7.215017010450500146e-02
3.849000000000000199e+00,6.451415107002171634e-02
3.850000000000000089e+00,1.511802719555102592e-02
3.850999999999999979e+00,9.442091376345072840e-03
3.851999999999999869e+00,-4.807853226116523548e-02
3.853000000000000203e+00,-4.972817068731845425e-02
3.854000000000000092e+00,-6.272250889270135354e-02
3.854999999999999982e+00,-9.075079397691251937e-02
3.855999999999999872e+00,-4.957802565397682881e-02
3.857000000000000206e+00,-1.583095675664250579e-02
3.858000000000000096e+00,-3.495445650169403534e-02
3.858999999999999986e+00,2.426139726606291180e-02
3.859999999999999876e+00,5.996028772382627076e-02
3.861000000000000210e+00,7.896679913306810239e-02
3.862000000000000099e+00,1.131126458403122759e-01
3.862999999999999989e+00,1.420825415080775589e-01
3.863999999999999879e+00,1.894511882282811088e-01
3.865000000000000213e+00,1.702038584404348964e-01
3.866000000000000103e+00,2.118119271781895852e-01
3.866999999999999993e+00,1.574503129781009148e-01
3.867999999999999883e+00,1.897720270513565122e-01
3.869000000000000217e+00,7.212803641926728015e-02
3.870000000000000107e+00,1.016194492985872944e-01
3.870999999999999996e+00,6.851522487153859087e-02
3.871999999999999886e+00,4.700466207151079295e-02
3.873000000000000220e+00,4.398413977420073673e-02
3.874000000000000110e+00,2.679159115807239200e-03
3.875000000000000000e+00,1.382386105411535782e-02
3.875999999999999890e+00,1.228802790653482635e-02
3.877000000000000224e+00,6.126870492617397801e-03
3.878000000000000114e+00,6.604747959039952709e-02
3.879000000000000004e+00,8.078552660791273043e-02
3.879999999999999893e+00,1.043227202671114240e-01
3.881000000000000227e+00,1.502666489343035261e-01
3.882000000000000117e+00,2.011593672125911725e-01
3.883000000000000007e+00,1.990364745736720176e-01
3.883999999999999897e+00,2.223668207329105861e-01
3.885000000000000231e+00,2.604021954036260800e-01
3.886000000000000121e+00,2.715638044563172260e-01
3.887000000000000011e+00,2.757696639075064016e-01
3.887999999999999901e+00,2.153907656035595197e-01
3.889000000000000234e+00,2.103397138512212716e-01
3.890000000000000124e+00,1.661346742161936285e-01
3.891000000000000014e+00,1.420294967999042035e-01
3.891999999999999904e+00,1.136207734655254875e-01
3.893000000000000238e+00,1.178760942930398292e-01
3.894000000000000128e+00,6.677835971097990930e-02
3.895000000000000018e+00,1.081567714043213668e-01
3.895999999999999908e+00,9.117339444509142687e-02
3.897000000000000242e+00,1.485747412758768315e-01
3.898000000000000131e+00,1.796881999502522032e-01
3.899000000000000021e+00,1.856835008790785613e-01
3.899999999999999911e+00,2.435410588517323005e-01
3.901000000000000245e+00,2.504026675396247015e-01
3.902000000000000135e+00,2.670184839998572257e-01
3.903000000000000025e+00,3.032497212772105044e-01
3.903999999999999915e+00,3.244677941227963602e-01
3.905000000000000249e+00,3.377594665159195375e-01
3.906000000000000139e+00,3.331376911611494407e-01
3.907000000000000028e+00,3.239559039098974802e-01
3.907999999999999918e+00,3.073164603099483028e-01
3.909000000000000252e+00,2.454707904047830902e-01
3.910000000000000142e+00,2.558465669763969053e-01
3.911000000000000032e+00,2.273139128053732749e-01
3.911999999999999922e+00,2.064604656680543715e-01
3.913000000000000256e+00,1.622030787837535071e-01
3.914000000000000146e+00,1.486943726287424661e-01
3.915000000000000036e+00,1.600656048010661026e-01
3.915999999999999925e+00,1.614898457534325038e-01
3.917000000000000259e+00,1.788205182273903127e-01
3.918000000000000149e+00,2.273660469154737129e-01
3.919000000000000039e+00,2.754381125476560443e-01
3.919999999999999929e+00,2.536316797871001061e-01
3.921000000000000263e+00,2.959071613563671321e-01
3.922000000000000153e+00,3.569955149879048273e-01
3.923000000000000043e+00,3.562464045192817452e-01
3.923999999999999932e+00,3.861236042479695429e-01
3.925000000000000266e+00,3.921411391978257832e-01
3.926000000000000156e+00,3.968467036279930138e-01
3.927000000000000046e+00,4.098763511411375182e-01
3.927999999999999936e+00,3.556213517417892711e-01
3.929000000000000270e+00,3.396406866860445795e-01
3.930000000000000160e+00,3.190836216392320401e-01
3.931000000000000050e+00,3.022709920150657426e-01
3.931999999999999940e+00,2.465528156633731982e-01
3.933000000000000274e+00,2.157806780365702504e-01
3.934000000000000163e+00,2.676963796298659770e-01
3.935000000000000053e+00,1.989841321026236953e-01
3.935999999999999943e+00,2.074329742926387388e-01
3.937000000000000277e+00,2.524884681739283376e-01
3.938000000000000167e+00,2.379260886158129917e-01
3.939000000000000057e+00,3.288949858887975641e-01
3.939999999999999947e+00,3.582756199471673342e-01
3.941000000000000281e+00,4.259734568835913393e-01
3.942000000000000171e+00,4.252633726161042516e-01
3.943000000000000060e+00,4.357041707059143842e-01
3.943999999999999950e+00,4.561670191660495699e-01
3.945000000000000284e+00,4.432024030533260328e-01
3.946000000000000174e+00,4.645824722299165543e-01
3.947000000000000064e+00,4.381110809692220220e-01
3.947999999999999954e+00,4.668514106595389457e-01
3.949000000000000288e+00,3.829061801154674538e-01
3.950000000000000178e+00,3.823821708387168949e-01
3.951000000000000068e+00,3.398519557198847463e-01
3.951999999999999957e+00,3.630043519595794188e-01
3.953000000000000291e+00,3.101906163929277205e-01
3.954000000000000181e+00,2.710316096140364950e-01
3.955000000000000071e+00,3.020670144187515005e-01
3.955999999999999961e+00,2.974736815922767730e-01
3.957000000000000295e+00,3.193378300835433281e-01
3.958000000000000185e+00,3.186338631372979124e-01
3.959000000000000075e+00,3.608947679524729946e-01
3.959999999999999964e+00,3.842468597790845153e-01
3.961000000000000298e+00,4.246518677974737699e-01
3.962000000000000188e+00,4.790269911003828818e-01
3.963000000000000078e+00,4.849110402971476552e-01
3.963999999999999968e+00,4.953068832738748428e-01
3.965000000000000302e+00,4.941606502772123433e-01
3.966000000000000192e+00,5.093383015377821454e-01
3.967000000000000082e+00,4.614787427861297697e-01
3.967999999999999972e+00,4.749456509628037226e-01
3.968999999999999861e+00,4.541435620498615600e-01
3.970000000000000195e+00,4.422643350116940431e-01
3.971000000000000085e+00,4.293282206076522445e-01
3.971999999999999975e+00,3.663288871067156838e-01
3.972999999999999865e+00,3.724102398870650088e-01
3.974000000000000199e+00,3.348744422097018059e-01
3.975000000000000089e+00,3.347048469535197635e-01
3.975999999999999979e+00,3.757977713873384418e-01
3.976999999999999869e+00,3.663035869446928938e-01
3.978000000000000203e+00,3.815556009315849151e-01
3.979000000000000092e+00,3.799650785035503242e-01
3.979999999999999982e+00,4.263406770047142857e-01
3.980999999999999872e+00,4.781669304623182848e-01
3.982000000000000206e+00,4.919026955084360719e-01
3.983000000000000096e+00,5.370715538110886200e-01
3.983999999999999986e+00,5.370891511330531110e-01
3.984999999999999876e+00,5.616687312749525374e-01
3.986000000000000210e+00,5.511984538852063853e-01
3.987000000000000099e+00,5.025254212788849983e-01
3.987999999999999989e+00,5.106543873252272769e-01
3.988999999999999879e+00,4.844295920519453014e-01
3.990000000000000213e+00,4.542211774333144159e-01
3.991000000000000103e+00,3.982991092964461299e-01
3.991999999999999993e+00,4.220995403754416175e-01
3.992999999999999883e+00,3.717784824876811944e-01
3.994000000000000217e+00,3.683886142956705467e-01
3.995000000000000107e+00,3.515686266419915107e-01
3.995999999999999996e+00,3.645338386114005402e-01
3.996999999999999886e+00,4.066020878954042517e-01
3.998000000000000220e+00,4.110614149539116302e-01
3.999000000000000110e+00,4.415398877502188513e-01
4.000000000000000000e+00,4.744414354916473564e-01
4.001000000000000334e+00,5.207982188472771723e-01
4.001999999999999780e+00,5.345046965806085071e-01
4.003000000000000114e+00,5.300783882302593231e-01
4.004000000000000448e+00,6.055939076570385771e-01
4.004999999999999893e+00,6.100018991882110164e-01
4.006000000000000227e+00,5.873912478969948170e-01
4.006999999999999673e+00,5.743612655232008812e-01
4.008000000000000007e+00,5.619099058227179366e-01
4.009000000000000341e+00,4.957386480762060454e-01
4.009999999999999787e+00,4.932103420902699820e-01
4.011000000000000121e+00,4.461809402072133834e-01
4.012000000000000455e+00,4.125235567854099172e-01
4.012999999999999901e+00,3.803644444087014298e-01
4.014000000000000234e+00,4.375653910597868679e-01
4.014999999999999680e+00,4.180326602957369353e-01
4.016000000000000014e+00,4.372808715920555311e-01
4.017000000000000348e+00,4.481695047572054058e-01
4.017999999999999794e+00,4.443350859111112605e-01
4.019000000000000128e+00,4.600888410524966998e-01
4.020000000000000462e+00,4.917302771532134353e-01
4.020999999999999908e+00,5.318058036060605565e-01
4.022000000000000242e+00,5.441059240389480856e-01
4.022999999999999687e+00,5.883983162344985640e-01
4.024000000000000021e+00,5.912879305655165396e-01
4.025000000000000355e+00,5.999581966376892339e-01
4.025999999999999801e+00,5.999895603155036561e-01
4.027000000000000135e+00,5.813828845677364576e-01
4.028000000000000469e+00,5.620262135640612389e-01
4.028999999999999915e+00,5.428487974861608834e-01
4.030000000000000249e+00,4.879060483115510438e-01
4.030999999999999694e+00,4.750823429117685404e-01
4.032000000000000028e+00,4.616999173519755750e-01
4.033000000000000362e+00,4.217469142432483942e-01
4.033999999999999808e+00,3.900754941545693799e-01
4.035000000000000142e+00,4.065502530905842349e-01
4.036000000000000476e+00,4.075678622977483290e-01
4.036999999999999922e+00,4.186135361172739211e-01
4.038000000000000256e+00,4.646974774491098858e-01
4.038999999999999702e+00,4.621615202129773503e-01
4.040000000000000036e+00,4.881525556941912480e-01
4.041000000000000369e+00,5.087467396608401637e-01
4.041999999999999815e+00,5.468526255751557930e-01
4.043000000000000149e+00,5.553555704213860578e-01
4.044000000000000483e+00,5.955206565577202404e-01
4.044999999999999929e+00,6.228677538633189403e-01
4.046000000000000263e+00,6.378899638250439263e-01
4.046999999999999709e+00,5.715445042987903346e-01
4.048000000000000043e+00,5.537000604225299494e-01
4.049000000000000377e+00,5.049719412146881359e-01
4.049999999999999822e+00,5.224183914502822379e-01
4.051000000000000156e+00,4.808710833540955631e-01
4.052000000000000490e+00,4.422932041790338387e-01
4.052999999999999936e+00,4.170259137797685534e-01
4.054000000000000270e+00,4.089086776655341815e-01
4.054999999999999716e+00,4.228351317498872941e-01
4.056000000000000050e+00,4.044023487329596600e-01
4.057000000000000384e+00,4.223711965534966972e-01
4.057999999999999829e+00,4.083235541127766544e-01
4.059000000000000163e+00,4.682296512570750524e-01
4.060000000000000497e+00,4.479636556741025122e-01
4.060999999999999943e+00,5.426444288186211828e-01
4.062000000000000277e+00,5.631922212354320001e-01
4.062999999999999723e+00,5.866025358229751685e-01
4.064000000000000057e+00,5.997831935666951830e-01
4.065000000000000391e+00,5.409770861786387108e-01
4.065999999999999837e+00,5.620708794899287319e-01
4.067000000000000171e+00,5.755607994467170085e-01
4.068000000000000504e+00,5.418184985387377584e-01
4.068999999999999950e+00,5.197632885380210066e-01
4.070000000000000284e+00,4.682333570203822126e-01
4.070999999999999730e+00,4.405227307955293381e-01
4.072000000000000064e+00,4.079763822735976153e-01
4.073000000000000398e+00,3.862024068720833481e-01
4.073999999999999844e+00,3.949137362697580644e-01
4.075000000000000178e+00,3.901748638364948008e-01
4.076000000000000512e+00,3.958627919290313435e-01
4.076999999999999957e+00,4.101254929700350327e-01
4.078000000000000291e+00,3.977663653726410398e-01
4.078999999999999737e+00,4.418089788283604546e-01
4.080000000000000071e+00,4.593594482686537694e-01
4.081000000000000405e+00,4.854854939538459924e-01
4.081999999999999851e+00,5.363494783015156919e-01
4.083000000000000185e+00,5.612069715589897978e-01
4.084000000000000519e+00,5.696094551498094294e-01
4.084999999999999964e+00,5.582766134021052151e-01
4.086000000000000298e+00,5.638220710958889992e-01
4.086999999999999744e+00,5.739064301322114314e-01
4.088000000000000078e+00,5.449178129770564372e-01
4.089000000000000412e+00,5.016742551071519118e-01
4.089999999999999858e+00,4.618222898386120656e-01
4.091000000000000192e+00,3.912016413049430597e-01
4.092000000000000526e+00,3.906075906483472138e-01
4.092999999999999972e+00,3.688216726711461280e-01
4.094000000000000306e+00,3.408552177045933163e-01
4.094999999999999751e+00,3.388387535822692254e-01
4.096000000000000085e+00,3.644052336587164098e-01
4.097000000000000419e+00,3.331373783683513334e-01
4.097999999999999865e+00,3.769148603012476562e-01
4.099000000000000199e+00,4.837702177077631838e-01
4.099999999999999645e+00,4.438800033010824042e-01
4.100999999999999979e+00,4.455089383516872559e-01
4.102000000000000313e+00,4.926439477960268265e-01
4.102999999999999758e+00,4.788163793179597283e-01
4.104000000000000092e+00,5.687033304178941151e-01
4.105000000000000426e+00,5.276576232823138035e-01
4.105999999999999872e+00,5.142002382998980270e-01
4.107000000000000206e+00,5.177465373859154729e-01
4.107999999999999652e+00,5.080766860026543208e-01
4.108999999999999986e+00,4.558687656797849042e-01
4.110000000000000320e+00,4.345483627272181404e-01
4.110999999999999766e+00,3.929851008681155555e-01
4.112000000000000099e+00,3.691209340444107645e-01
4.113000000000000433e+00,3.186142328425897174e-01
4.113999999999999879e+00,3.065609965896570754e-01
4.115000000000000213e+00,2.808710236645821645e-01
4.115999999999999659e+00,2.829487654164117849e-01
4.116999999999999993e+00,3.339867174633091018e-01
4.118000000000000327e+00,3.388017951957014162e-01
4.118999999999999773e+00,3.617557245980106972e-01
4.120000000000000107e+00,3.684558862055777873e-01
4.121000000000000441e+00,4.217448088077094814e-01
4.121999999999999886e+00,4.506437527365154128e-01
4.123000000000000220e+00,4.906751628475020666e-01
4.123999999999999666e+00,4.746797259495702526e-01
4.125000000000000000e+00,4.962380563908329600e-01
4.126000000000000334e+00,4.574480303023443217e-01
4.126999999999999780e+00,4.344443619334348861e-01
4.128000000000000114e+00,4.325729469466957355e-01
4.129000000000000448e+00,4.242511001648555657e-01
4.129999999999999893e+00,3.529104937123945795e-01
4.131000000000000227e+00,3.721992416107441914e-01
4.131999999999999673e+00,3.103560743580009440e-01
4.133000000000000007e+00,2.778617747371487923e-01
4.134000000000000341e+00,2.831466280725791762e-01
4.134999999999999787e+00,2.468753492836214536e-01
4.136000000000000121e+00,2.487470074574006929e-01
4.137000000000000455e+00,2.788306077262475702e-01
4.137999999999999901e+00,2.669112473703351696e-01
4.139000000000000234e+00,3.177987577910571515e-01
4.139999999999999680e+00,3.380567397310583755e-01
4.141000000000000014e+00,3.756629835998752109e-01
4.142000000000000348e+00,4.049752252149029785e-01
4.142999999999999794e+00,3.793259618724651450e-01
4.144000000000000128e+00,4.341510143225881801e-01
4.145000000000000462e+00,4.005785072157266313e-01
4.145999999999999908e+00,4.068527762965890027e-01
4.147000000000000242e+00,3.793459410037723356e-01
4.147999999999999687e+00,3.922568617041564121e-01
4.149000000000000021e+00,3.669359641731237409e-01
4.150000000000000355e+00,2.668170524657445530e-01
4.150999999999999801e+00,2.761963043087471981e-01
4.152000000000000135e+00,2.136337297488051512e-01
4.153000000000000469e+00,2.398631111566215945e-01
4.153999999999999915e+00,2.227440551994779860e-01
4.155000000000000249e+00,1.769711254384732924e-01
4.155999999999999694e+00,1.571885862504245890e-01
4.157000000000000028e+00,1.919459838294775844e-01
4.158000000000000362e+00,2.492730465465540224e-01
4.158999999999999808e+00,2.481842136685996347e-01
4.160000000000000142e+00,2.937708966909252095e-01
4.161000000000000476e+00,3.018390605027826967e-01
4.161999999999999922e+00,3.554272329847616430e-01
4.163000000000000256e+00,3.355931537860780689e-01
4.163999999999999702e+00,3.322848635148010210e-01
4.165000000000000036e+00,3.456851693593711028e-01
4.166000000000000369e+00,1.353317588194627996e+00
4.166999999999999815e+00,6.608858537280585255e-01
4.168000000000000149e+00,-1.571270455620546180e-01
4.169000000000000483e+00,2.746856855931523733e-01
4.169999999999999929e+00,2.292895775024139104e-01
4.171000000000000263e+00,2.202510614649101361e-01
4.171999999999999709e+00,1.721626190486736929e-01
4.173000000000000043e+00,1.919422530646209268e-01
4.174000000000000377e+00,8.838874587138001448e-02
4.174999999999999822e+00,1.139825395841006783e-01
4.176000000000000156e+00,9.715943097582392662e-02
4.177000000000000490e+00,1.383508976784225686e-01
4.177999999999999936e+00,1.496578122099356811e-01
4.179000000000000270e+00,1.529332055722565920e-01
4.179999999999999716e+00,2.058646244622013566e-01
4.181000000000000050e+00,2.286044148951474064e-01
4.182000000000000384e+00,2.777011925531056025e-01
4.182999999999999829e+00,2.554252489603636156e-01
4.184000000000000163e+00,2.808030096472731163e-01
4.185000000000000497e+00,2.713878893201741027e-01
4.185999999999999943e+00,2.824310830804123151e-01
4.187000000000000277e+00,2.752645771498713478e-01
4.187999999999999723e+00,2.498121440780344815e-01
4.189000000000000057e+00,2.020542845817902833e-01
4.190000000000000391e+00,1.566795201461013698e-01
4.190999999999999837e+00,1.415742030096329707e-01
4.192000000000000171e+00,1.584367839944057221e-01
4.193000000000000504e+00,5.029256873665569061e-02
4.193999999999999950e+00,5.032122184893314532e-02
4.195000000000000284e+00,6.039660050941245140e-02
4.195999999999999730e+00,3.431265507106716350e-02
4.197000000000000064e+00,8.719923090237430285e-02
4.198000000000000398e+00,7.452498035159989265e-02
4.198999999999999844e+00,4.884812494528247701e-02
4.200000000000000178e+00,1.273999084684506733e-01
4.201000000000000512e+00,1.550209890991466055e-01
4.201999999999999957e+00,1.751162447401955480e-01
4.203000000000000291e+00,2.038700878168186459e-01
4.203999999999999737e+00,1.869554059987171835e-01
4.205000000000000071e+00,2.120035636287469771e-01
4.206000000000000405e+00,2.350155971176943193e-01
4.206999999999999851e+00,1.697971278713296672e-01
4.208000000000000185e+00,1.458371780580217658e-01
4.209000000000000519e+00,1.114515825128752774e-01
4.209999999999999964e+00,8.003040592530788477e-02
4.211000000000000298e+00,3.119162494502874389e-02
4.211999999999999744e+00,-6.928272213886539632e-03
4.213000000000000078e+00,2.392382128523309892e-02
4.214000000000000412e+00,-2.557764247442757821e-02
4.214999999999999858e+00,-1.711850903095252230e-02
4.216000000000000192e+00,-1.834825258403005588e-02
4.217000000000000526e+00,-2.949448954321624849e-02
4.217999999999999972e+00,-2.309031561087044465e-02
4.219000000000000306e+00,7.074450371943005744e-02
4.219999999999999751e+00,7.412595714434143390e-02
4.221000000000000085e+00,6.549048222015678433e-02
4.222000000000000419e+00,8.117691959661454959e-02
4.222999999999999865e+00,1.145063438104710618e-01
4.224000000000000199e+00,1.071805716440342310e-01
4.224999999999999645e+00,1.393782948368669783e-01
4.225999999999999979e+00,1.199347551756183017e-01
4.227000000000000313e+00,1.016001709524974039e-01
4.227999999999999758e+00,8.416704761215765274e-02
4.229000000000000092e+00,1.519566279274869869e-02
4.230000000000000426e+00,-1.785777784568147453e-02
4.230999999999999872e+00,-1.919099876889669709e-02
4.232000000000000206e+00,-4.022557068615582182e-02
4.232999999999999652e+00,-5.814772436121427163e-02
4.233999999999999986e+00,-1.115620445087488477e-01
4.235000000000000320e+00,-8.922541465381379766e-02
4.235999999999999766e+00,-1.300822756320477169e-01
4.237000000000000099e+00,-1.265978480456205202e-01
4.238000000000000433e+00,-1.147775203971807823e-01
4.238999999999999879e+00,-3.777677371583279542e-02
4.240000000000000213e+00,-2.664243302262403815e-02
4.240999999999999659e+00,-6.102362188699535228e-03
4.241999999999999993e+00,-2.049314006137345490e-02
4.243000000000000327e+00,4.542691964914319369e-02
4.243999999999999773e+00,3.820634255786965056e-02
4.245000000000000107e+00,6.588416810018646319e-02
4.246000000000000441e+00,4.212040357980952748e-02
4.246999999999999886e+00,1.623495374370406696e-02
4.248000000000000220e+00,1.719881928999349163e-03
4.248999999999999666e+00,-7.410120837272185512e-02
4.250000000000000000e+00,-8.258819140970638517e-02
4.251000000000000334e+00,-1.126834716961177263e-01
4.251999999999999780e+00,-1.496860228432507767e-01
4.253000000000000114e+00,-1.661056378918106535e-01
4.254000000000000448e+00,-1.809891045272086774e-01
4.254999999999999893e+00,-1.592200844945348415e-01
4.256000000000000227e+00,-1.910625718479384838e-01
4.256999999999999673e+00,-2.023367196655819766e-01
4.258000000000000007e+00,-1.451962483055166120e-01
4.259000000000000341e+00,-1.489631781283743683e-01
4.259999999999999787e+00,-1.262996905463600328e-01
4.261000000000000121e+00,-9.853790886978755492e-02
4.262000000000000455e+00,-7.843210552092358401e-02
4.262999999999999901e+00,-1.564433269646196834e-02
4.264000000000000234e+00,-4.369260227670468399e-02
4.264999999999999680e+00,-3.803265873159883403e-02
4.266000000000000014e+00,-2.824090830654771289e-02
4.267000000000000348e+00,-5.981006925480042424e-02
4.267999999999999794e+00,-8.481282722134944607e-02
4.269000000000000128e+00,-9.069747657145518782e-02
4.270000000000000462e+00,-1.492490604475820715e-01
4.270999999999999908e+00,-2.287183176426969278e-01
4.272000000000000242e+00,-2.249496979864537560e-01
4.272999999999999687e+00,-2.777141716711508668e-01
4.274000000000000021e+00,-2.681481972052279783e-01
4.275000000000000355e+00,-3.164820411331924488e-01
4.275999999999999801e+00,-2.850593186631394937e-01
4.277000000000000135e+00,-2.718690417268254667e-01
4.278000000000000469e+00,-2.069247722142739387e-01
4.278999999999999915e+00,-2.195530714529086991e-01
4.280000000000000249e+00,-1.710951668943613557e-01
4.280999999999999694e+00,-1.518463627257303772e-01
4.282000000000000028e+00,-1.432435546867005804e-01
4.283000000000000362e+00,-1.059023561904986477e-01
4.283999999999999808e+00,-1.263586458443394234e-01
4.285000000000000142e+00,-1.208485095990379510e-01
4.286000000000000476e+00,-1.092271000535853520e-01
4.286999999999999922e+00,-1.506093863057371973e-01
4.288000000000000256e+00,-1.535872520659169738e-01
4.288999999999999702e+00,-1.704654709702094206e-01
4.290000000000000036e+00,-2.420903616127613178e-01
4.291000000000000369e+00,-2.553890456169065626e-01
4.291999999999999815e+00,-2.807946900181402805e-01
4.293000000000000149e+00,-2.915395585475745177e-01
4.294000000000000483e+00,-3.235123079257878898e-01
4.294999999999999929e+00,-3.778528563206210444e-01
4.296000000000000263e+00,-3.665701393935391628e-01
4.296999999999999709e+00,-3.378146879680739567e-01
4.298000000000000043e+00,-2.906826905921875981e-01
4.299000000000000377e+00,-3.098286970520945927e-01
4.299999999999999822e+00,-3.143767444241223896e-01
4.301000000000000156e+00,-2.372819325556786985e-01
4.302000000000000490e+00,-2.023087549915063843e-01
4.302999999999999936e+00,-2.042072288275655900e-01
4.304000000000000270e+00,-2.104259515447218232e-01
4.304999999999999716e+00,-1.746147786839961913e-01
4.306000000000000050e+00,-2.005145531163536610e-01
4.307000000000000384e+00,-2.023902743362004930e-01
4.307999999999999829e+00,-2.459872455122743551e-01
4.309000000000000163e+00,-2.600095624709248265e-01
4.310000000000000497e+00,-2.859320533886668403e-01
4.310999999999999943e+00,-3.555947722547267431e-01
4.312000000000000277e+00,-3.562127898095235889e-01
4.312999999999999723e+00,-3.927539050359689643e-01
4.314000000000000057e+00,-4.018858914969833940e-01
4.315000000000000391e+00,-4.132298566708844101e-01
4.315999999999999837e+00,-3.825959589996826282e-01
4.317000000000000171e+00,-4.143552464970861049e-01
4.318000000000000504e+00,-3.493735614113714916e-01
4.318999999999999950e+00,-3.663648541809153558e-01
4.320000000000000284e+00,-3.245672351314950466e-01
4.320999999999999730e+00,-2.950409411320522035e-01
4.322000000000000064e+00,-2.402982422242412319e-01
4.323000000000000398e+00,-2.606662957117023560e-01
4.323999999999999844e+00,-2.467008111639343859e-01
4.325000000000000178e+00,-2.544514316077371996e-01
4.326000000000000512e+00,-2.716108074473640999e-01
4.326999999999999957e+00,-2.675949970765406638e-01
4.328000000000000291e+00,-3.076311060896607108e-01
4.328999999999999737e+00,-3.177754233633104941e-01
4.330000000000000071e+00,-3.678834829743708457e-01
4.331000000000000405e+00,-3.747781907634947784e-01
4.331999999999999851e+00,-3.751600041760614901e-01
4.333000000000000185e+00,-4.742206928366772822e-01
4.334000000000000519e+00,-4.997494592532590874e-01
4.334999999999999964e+00,-4.383276853991314725e-01
4.336000000000000298e+00,-4.891189500390910050e-01
4.336999999999999744e+00,-4.215406569557940686e-01
4.338000000000000078e+00,-4.544164521609918572e-01
4.339000000000000412e+00,-3.941675191157249514e-01
4.339999999999999858e+00,-4.162536028795351117e-01
4.341000000000000192e+00,-3.481197844799761021e-01
4.342000000000000526e+00,-3.627021855266168160e-01
4.342999999999999972e+00,-3.247149066879210233e-01
4.344000000000000306e+00,-3.112263043693865860e-01
4.344999999999999751e+00,-3.053155131451109616e-01
4.346000000000000085e+00,-2.830811284043177611e-01
4.347000000000000419e+00,-3.344744823689920210e-01
4.347999999999999865e+00,-3.281797441576105867e-01
4.349000000000000199e+00,-3.885534570198679871e-01
4.350000000000000533e+00,-4.071800103071191446e-01
4.350999999999999979e+00,-4.535047540009849998e-01
4.352000000000000313e+00,-4.807726448101518057e-01
4.352999999999999758e+00,-5.113551125829308708e-01
4.354000000000000092e+00,-5.237434454158507169e-01
4.355000000000000426e+00,-5.917659613089389925e-01
4.355999999999999872e+00,-5.281439838628917416e-01
4.357000000000000206e+00,-5.212881899901037341e-01
4.357999999999999652e+00,-4.806434904102062644e-01
4.358999999999999986e+00,-4.357728742105368425e-01
4.360000000000000320e+00,-4.696268227448636146e-01
4.360999999999999766e+00,-4.009159705856083500e-01
4.362000000000000099e+00,-4.248370920827543862e-01
4.363000000000000433e+00,-3.915768482742033041e-01
4.363999999999999879e+00,-3.440619946220751513e-01
4.365000000000000213e+00,-3.498066741314254102e-01
4.365999999999999659e+00,-3.805555608570967419e-01
4.366999999999999993e+00,-3.472120753153434825e-01
4.368000000000000327e+00,-4.235017376184661009e-01
4.368999999999999773e+00,-4.352499608167056944e-01
4.370000000000000107e+00,-4.302122182564951935e-01
4.371000000000000441e+00,-4.845679589737904580e-01
4.371999999999999886e+00,-5.425296546895178595e-01
4.373000000000000220e+00,-5.452608289976335065e-01
4.373999999999999666e+00,-5.442103862876699338e-01
4.375000000000000000e+00,-5.611303202768863629e-01
4.376000000000000334e+00,-5.511898283558369638e-01
4.376999999999999780e+00,-5.078345916728068676e-01
4.378000000000000114e+00,-5.044551161120574001e-01
4.379000000000000448e+00,-4.661012004230192796e-01
4.379999999999999893e+00,-4.742116232048281810e-01
4.381000000000000227e+00,-4.463378150573002467e-01
4.381999999999999673e+00,-4.237584439565245109e-01
4.383000000000000007e+00,-3.934845018667132432e-01
4.384000000000000341e+00,-3.866542447702230323e-01
4.384999999999999787e+00,-3.688788488525086562e-01
4.386000000000000121e+00,-3.893682228511881060e-01
4.387000000000000455e+00,-4.383408916784619080e-01
4.387999999999999901e+00,-4.336063306826338781e-01
4.389000000000000234e+00,-4.607842218327258266e-01
4.389999999999999680e+00,-4.690951089158552634e-01
4.391000000000000014e+00,-5.649052701009424915e-01
4.392000000000000348e+00,-5.553273011001361725e-01
4.392999999999999794e+00,-5.620374931963877385e-01
4.394000000000000128e+00,-6.046973690545370816e-01
4.395000000000000462e+00,-5.999989198313288030e-01
4.395999999999999908e+00,-6.156495764024201289e-01
4.397000000000000242e+00,-5.731038128190760750e-01
4.397999999999999687e+00,-5.854040012578310970e-01
4.399000000000000021e+00,-5.397131584861040166e-01
4.400000000000000355e+00,-4.867032208711434826e-01
4.400999999999999801e+00,-4.295147493022513641e-01
4.402000000000000135e+00,-4.350008783772156828e-01
4.403000000000000469e+00,-3.887169408813939131e-01
4.403999999999999915e+00,-4.397478899716740219e-01
4.405000000000000249e+00,-4.023131221405544800e-01
4.405999999999999694e+00,-3.963263921704565096e-01
4.407000000000000028e+00,-4.076244604284580131e-01
4.408000000000000362e+00,-4.563373730928246275e-01
4.408999999999999808e+00,-4.540219159901587309e-01
4.410000000000000142e+00,-4.991354972248169819e-01
4.411000000000000476e+00,-5.412245678369401736e-01
4.411999999999999922e+00,-5.695277441667647711e-01
4.413000000000000256e+00,-5.957513686546151987e-01
4.413999999999999702e+00,-5.842709356665581888e-01
4.415000000000000036e+00,-6.103367541538401442e-01
4.416000000000000369e+00,-6.150127433009138223e-01
4.416999999999999815e+00,-5.661004852091173767e-01
4.418000000000000149e+00,-5.447144697315018380e-01
4.419000000000000483e+00,-5.730026866071266101e-01
4.419999999999999929e+00,-4.926921761464674865e-01
4.421000000000000263e+00,-4.572164289105039026e-01
4.421999999999999709e+00,-4.449556438744001197e-01
4.423000000000000043e+00,-4.049118433639313785e-01
4.424000000000000377e+00,-4.210907446864508574e-01
4.424999999999999822e+00,-3.924731391526091739e-01
4.426000000000000156e+00,-4.243922696710720199e-01
4.427000000000000490e+00,-3.976503630989788873e-01
4.427999999999999936e+00,-4.307270341364999311e-01
4.429000000000000270e+00,-4.674806586471804137e-01
4.429999999999999716e+00,-4.764835997998618233e-01
4.431000000000000050e+00,-5.312062554129389769e-01
4.432000000000000384e+00,-5.475986753874678703e-01
4.432999999999999829e+00,-5.809821360470194263e-01
4.434000000000000163e+00,-5.746947841095588760e-01
4.435000000000000497e+00,-5.829235030836593667e-01
4.435999999999999943e+00,-5.872967834213850269e-01
4.437000000000000277e+00,-5.546071142573294477e-01
4.437999999999999723e+00,-5.468044925089334818e-01
4.439000000000000057e+00,-5.273715277486101805e-01
4.440000000000000391e+00,-4.969556330646150988e-01
4.440999999999999837e+00,-4.456030158567118593e-01
4.442000000000000171e+00,-4.423372055009449633e-01
4.443000000000000504e+00,-3.885287215777232239e-01
4.443999999999999950e+00,-4.050425392396832525e-01
4.445000000000000284e+00,-3.552185035123834878e-01
4.445999999999999730e+00,-3.981418669743952421e-01
4.447000000000000064e+00,-4.046303523588168360e-01
4.448000000000000398e+00,-4.844121607024166054e-01
4.448999999999999844e+00,-4.527216833840084775e-01
4.450000000000000178e+00,-5.123066054625867727e-01
4.451000000000000512e+00,-5.183305674066487345e-01
4.451999999999999957e+00,-5.493576392401436914e-01
4.453000000000000291e+00,-5.452392453833783126e-01
4.453999999999999737e+00,-5.524696376681189625e-01
4.455000000000000071e+00,-6.318726617975602977e-01
4.456000000000000405e+00,-5.982883299554682122e-01
4.456999999999999851e+00,-5.535233623916658852e-01
4.458000000000000185e+00,-5.262789947360655418e-01
4.459000000000000519e+00,-5.369846141327204725e-01
4.459999999999999964e+00,-4.776861485308815936e-01
4.461000000000000298e+00,-4.480913914330788561e-01
4.461999999999999744e+00,-4.184908955632183347e-01
4.463000000000000078e+00,-4.009606057665362489e-01
4.464000000000000412e+00,-3.852392184324450741e-01
4.464999999999999858e+00,-3.382262673740557002e-01
4.466000000000000192e+00,-3.641319444543124617e-01
4.467000000000000526e+00,-3.846859161325962839e-01
4.467999999999999972e+00,-4.415380132647765965e-01
4.469000000000000306e+00,-3.980561883373448517e-01
4.469999999999999751e+00,-4.328902604519337394e-01
4.471000000000000085e+00,-4.965048975041643775e-01
4.472000000000000419e+00,-5.379061328298306854e-01
4.472999999999999865e+00,-5.513624660673183131e-01
4.474000000000000199e+00,-5.470083158467982098e-01
4.475000000000000533e+00,-5.168258094338101793e-01
4.475999999999999979e+00,-5.548735527644075294e-01
4.477000000000000313e+00,-5.434909172561621649e-01
4.477999999999999758e+00,-5.259990721046822193e-01
4.479000000000000092e+00,-4.543695834178886894e-01
4.480000000000000426e+00,-4.649070880772907532e-01
4.480999999999999872e+00,-4.187861703209153630e-01
4.482000000000000206e+00,-4.240823389933351395e-01
4.482999999999999652e+00,-3.487277385679119490e-01
4.483999999999999986e+00,-3.532896746115725684e-01
4.485000000000000320e+00,-3.322790251891682978e-01
4.485999999999999766e+00,-3.517969177031623484e-01
4.487000000000000099e+00,-3.646650942479812141e-01
4.488000000000000433e+00,-3.493298984923736694e-01
4.488999999999999879e+00,-4.279516384629472592e-01
4.490000000000000213e+00,-4.452565953944569443e-01
4.490999999999999659e+00,-4.467167716016959833e-01
4.491999999999999993e+00,-4.634212954610292812e-01
4.493000000000000327e+00,-5.079027924840888719e-01
4.493999999999999773e+00,-4.701117270754399668e-01
4.495000000000000107e+00,-5.304388864747286991e-01
4.496000000000000441e+00,-4.940195840262260885e-01
4.496999999999999886e+00,-4.920819008061569355e-01
4.498000000000000220e+00,-4.616683754263519179e-01
4.498999999999999666e+00,-4.118531863234581869e-01
4.500000000000000000e+00,-4.073704378339046972e-01
4.501000000000000334e+00,-3.787509565823386493e-01
4.501999999999999780e+00,-3.500748700298575988e-01
4.503000000000000114e+00,-2.779058200266619205e-01
4.504000000000000448e+00,-3.126994349118980554e-01
4.504999999999999893e+00,-3.107449963949842076e-01
4.506000000000000227e+00,-2.940064420073166263e-01
4.506999999999999673e+00,-3.109449957506552065e-01
4.508000000000000007e+00,-3.437319434372836935e-01
4.509000000000000341e+00,-3.525097784549415247e-01
4.509999999999999787e+00,-3.784744702421641849e-01
4.511000000000000121e+00,-4.110524794692748118e-01
4.512000000000000455e+00,-4.467824327192389533e-01
4.512999999999999901e+00,-4.530969637466386035e-01
4.514000000000000234e+00,-4.737606492464910835e-01
4.514999999999999680e+00,-4.690178478105833104e-01
4.516000000000000014e+00,-4.762247863628037425e-01
4.517000000000000348e+00,-4.192949907153812883e-01
4.517999999999999794e+00,-4.378940759630914892e-01
4.519000000000000128e+00,-3.766765258564373497e-01
4.520000000000000462e+00,-3.538025050789072035e-01
4.520999999999999908e+00,-3.138277941209557942e-01
4.522000000000000242e+00,-2.621766172721812227e-01
4.522999999999999687e+00,-2.977977226860635263e-01
4.524000000000000021e+00,-2.547606735031437974e-01
4.525000000000000355e+00,-2.515176483004660790e-01
4.525999999999999801e+00,-2.338115122728007256e-01
4.527000000000000135e+00,-2.521363948549272260e-01
4.528000000000000469e+00,-2.601299662965916304e-01
4.528999999999999915e+00,-2.741787117008902541e-01
4.530000000000000249e+00,-3.152707337620378469e-01
4.530999999999999694e+00,-3.181140454636042225e-01
4.532000000000000028e+00,-3.626596727581837820e-01
4.533000000000000362e+00,-3.916528727460272807e-01
4.533999999999999808e+00,-4.132870202006031501e-01
4.535000000000000142e+00,-3.983136561289146726e-01
4.536000000000000476e+00,-3.899507817442876001e-01
4.536999999999999922e+00,-3.719521482203219098e-01
4.538000000000000256e+00,-3.709489393113543088e-01
4.538999999999999702e+00,-3.804190867385039976e-01
4.540000000000000036e+00,-2.791323324576870935e-01
4.541000000000000369e+00,-2.270063187855987930e-01
4.541999999999999815e+00,-2.173568306684386664e-01
4.543000000000000149e+00,-2.160438484302914797e-01
4.544000000000000483e+00,-1.956148306402932802e-01
4.544999999999999929e+00,-1.740752202744212662e-01
4.546000000000000263e+00,-1.977496561584014545e-01
4.546999999999999709e+00,-1.874042885791597501e-01
4.548000000000000043e+00,-1.879989761476091037e-01
4.549000000000000377e+00,-2.212980120392523675e-01
4.549999999999999822e+00,-2.658496953346061731e-01
4.551000000000000156e+00,-2.487478936435481014e-01
4.552000000000000490e+00,-2.753543379640001620e-01
4.552999999999999936e+00,-3.235917590914323960e-01
4.554000000000000270e+00,-3.453897711276099902e-01
4.554999999999999716e+00,-3.494245226611483734e-01
4.556000000000000050e+00,-3.086949074312453356e-01
4.557000000000000384e+00,-3.246110605826476037e-01
4.557999999999999829e+00,-2.705998628334413958e-01
4.559000000000000163e+00,-2.723166617133189749e-01
4.560000000000000497e+00,-2.287440628010938559e-01
4.560999999999999943e+00,-1.736265232638032896e-01
4.562000000000000277e+00,-1.597088158780513578e-01
4.562999999999999723e+00,-1.038704637132372155e-01
4.564000000000000057e+00,-1.189414766361750059e-01
4.565000000000000391e+00,-1.137166528048107195e-01
4.565999999999999837e+00,-1.118586563995508654e-01
4.567000000000000171e+00,-1.240041904118315969e-01
4.568000000000000504e+00,-1.369882530364062156e-01
4.568999999999999950e+00,-1.714665542023721678e-01
4.570000000000000284e+00,-1.972937978350470245e-01
4.570999999999999730e+00,-2.056103382963074544e-01
4.572000000000000064e+00,-2.160484251462043426e-01
4.573000000000000398e+00,-2.798748513612036026e-01
4.573999999999999844e+00,-2.413206577660119700e-01
4.575000000000000178e+00,-2.699962417973784667e-01
4.576000000000000512e+00,-2.519189328333173439e-01
4.576999999999999957e+00,-2.814233670425402289e-01
4.578000000000000291e+00,-1.845587933141239756e-01
4.578999999999999737e+00,-1.849034029861033324e-01
4.580000000000000071e+00,-1.334880498191792220e-01
4.581000000000000405e+00,-9.107913125095715157e-02
4.581999999999999851e+00,-6.388003848749920777e-02
4.583000000000000185e+00,-1.173600954407776065e-02
4.584000000000000519e+00,-4.714886141698056143e-02
4.584999999999999964e+00,-5.722620031619654601e-02
4.586000000000000298e+00,-3.884664271741014585e-03
4.586999999999999744e+00,-3.257816510374156316e-02
4.588000000000000078e+00,-2.590854261886806759e-02
4.589000000000000412e+00,-7.041729450088918263e-02
4.589999999999999858e+00,-1.120871634354784208e-01
4.591000000000000192e+00,-1.778201649098460069e-01
4.592000000000000526e+00,-1.203660042205856873e-01
4.592999999999999972e+00,-1.882724684281900096e-01
4.594000000000000306e+00,-1.332226072528093497e-01
4.594999999999999751e+00,-1.923054497540675201e-01
4.596000000000000085e+00,-1.863034222768155668e-01
4.597000000000000419e+00,-1.525718210966837129e-01
4.597999999999999865e+00,-1.714521648435876622e-01
4.599000000000000199e+00,-8.417548794505823329e-02
4.600000000000000533e+00,-6.055236366616962435e-02
4.600999999999999979e+00,4.301889299922763421e-03
4.602000000000000313e+00,-1.119075000839599848e-02
4.602999999999999758e+00,6.056089285217020751e-02
4.604000000000000092e+00,5.163146583370751413e-02
4.605000000000000426e+00,6.066989331328578872e-02
4.605999999999999872e+00,5.798859395500383096e-02
4.607000000000000206e+00,4.190654579144131170e-02
4.608000000000000540e+00,2.002734560167768185e-02
4.608999999999999986e+00,-2.706807987339826527e-03
4.610000000000000320e+00,-5.868146023525653426e-02
4.610999999999999766e+00,-9.143822655040374781e-02
4.612000000000000099e+00,-8.789840637236348564e-02
4.613000000000000433e+00,-7.002184431031946432e-02
4.613999999999999879e+00,-1.059533953245286042e-01
4.615000000000000213e+00,-1.274646513265942638e-01
4.615999999999999659e+00,-9.659624294253604804e-02
4.616999999999999993e+00,-9.596462755067755590e-02
4.618000000000000327e+00,-2.423815839226706875e-02
4.618999999999999773e+00,-3.594492315876830768e-02
4.620000000000000107e+00,4.004502957680195624e-03
4.621000000000000441e+00,1.570743875716914401e-02
4.621999999999999886e+00,7.243654811757786749e-02
4.623000000000000220e+00,1.124102388927977758e-01
4.623999999999999666e+00,8.941880093162177245e-02
4.625000000000000000e+00,1.391541297838445879e-01
4.626000000000000334e+00,1.665480325214356294e-01
4.626999999999999780e+00,1.418242255347739178e-01
4.628000000000000114e+00,5.775003929829125582e-02
4.629000000000000448e+00,1.043882382387669033e-01
4.629999999999999893e+00,4.406474017354611999e-02
4.631000000000000227e+00,2.763993307401030330e-02
4.631999999999999673e+00,-2.945509056596887221e-02
4.633000000000000007e+00,5.387230555281508071e-03
4.634000000000000341e+00,2.012036953237074377e-02
4.634999999999999787e+00,-3.296054110313745289e-02
4.636000000000000121e+00,-1.266314776320301427e-02
4.637000000000000455e+00,3.998549134467768718e-02
4.637999999999999901e+00,5.474606338407766309e-02
4.639000000000000234e+00,8.090673385073356150e-02
4.639999999999999680e+00,9.426435296069499148e-02
4.641000000000000014e+00,1.792293900678944563e-01
4.642000000000000348e+00,2.267756825622397887e-01
4.642999999999999794e+00,1.661766998436488563e-01
4.644000000000000128e+00,2.209086245535303861e-01
4.645000000000000462e+00,2.281104600188197939e-01
4.645999999999999908e+00,2.263984750184779293e-01
4.647000000000000242e+00,2.071711411033410055e-01
4.647999999999999687e+00,2.218048568404836496e-01
4.649000000000000021e+00,1.908491379352082462e-01
4.650000000000000355e+00,1.451203244291097705e-01
4.650999999999999801e+00,1.393981122256099381e-01
4.652000000000000135e+00,6.028266904683000221e-02
4.653000000000000469e+00,7.976397450192927729e-02
4.653999999999999915e+00,5.334248992612694584e-02
4.655000000000000249e+00,8.429591382462553462e-02
4.655999999999999694e+00,6.332327562563259959e-02
4.657000000000000028e+00,7.467616571670651626e-02
4.658000000000000362e+00,1.155336971972515947e-01
4.658999999999999808e+00,1.373893523879849976e-01
4.660000000000000142e+00,1.882076336286905016e-01
4.661000000000000476e+00,2.435502745070365904e-01
4.661999999999999922e+00,2.526151184981405562e-01
4.663000000000000256e+00,2.745125332093279469e-01
4.663999999999999702e+00,3.004431193607513539e-01
4.665000000000000036e+00,3.002904007355572391e-01
4.666000000000000369e+00,2.989334318561810422e-01
4.666999999999999815e+00,2.357232116397794119e-01
4.668000000000000149e+00,2.641869153633241152e-01
4.669000000000000483e+00,2.619793395414639625e-01
4.669999999999999929e+00,2.317879180939581285e-01
4.671000000000000263e+00,2.183353975094363963e-01
4.671999999999999709e+00,1.832969558788573872e-01
4.673000000000000043e+00,1.012706641606635205e-01
4.674000000000000377e+00,1.654031050268882641e-01
4.674999999999999822e+00,1.238407386996532022e-01
4.676000000000000156e+00,9.627702658681637493e-02
4.677000000000000490e+00,1.310665350297468279e-01
4.677999999999999936e+00,2.065225207079547098e-01
4.679000000000000270e+00,1.999268755353445781e-01
4.679999999999999716e+00,2.620376475335321476e-01
4.681000000000000050e+00,2.985517869966431426e-01
4.682000000000000384e+00,3.199993603909855877e-01
4.682999999999999829e+00,3.270007226422298463e-01
4.684000000000000163e+00,3.938254945247028904e-01
4.685000000000000497e+00,3.486930902018262612e-01
4.685999999999999943e+00,3.824538463890130302e-01
4.687000000000000277e+00,3.495279894332510295e-01
4.687999999999999723e+00,3.477156405449989274e-01
4.689000000000000057e+00,3.067933855893349993e-01
4.690000000000000391e+00,2.564781824680318345e-01
4.690999999999999837e+00,2.621330851078300661e-01
4.692000000000000171e+00,2.563733402426147112e-01
4.693000000000000504e+00,2.068805296638506486e-01
4.693999999999999950e+00,2.041446539943174709e-01
4.695000000000000284e+00,1.872737537363819704e-01
4.695999999999999730e+00,1.944572379591843481e-01
4.697000000000000064e+00,2.376905925541032416e-01
4.698000000000000398e+00,2.850386282234720903e-01
4.698999999999999844e+00,3.289306996183128384e-01
4.700000000000000178e+00,3.294083386654538259e-01
4.701000000000000512e+00,3.641326262224065524e-01
4.701999999999999957e+00,3.646291736245440562e-01
4.703000000000000291e+00,4.273143399243763962e-01
4.703999999999999737e+00,4.399581881656993709e-01
4.705000000000000071e+00,4.567752821111233930e-01
4.706000000000000405e+00,4.306994086881190120e-01
4.706999999999999851e+00,4.208698178894098030e-01
4.708000000000000185e+00,3.970036127825206096e-01
4.709000000000000519e+00,3.706756298320720844e-01
4.709999999999999964e+00,3.330818359718492050e-01
4.711000000000000298e+00,3.149418884817930531e-01
4.711999999999999744e+00,2.909667235945051500e-01
4.713000000000000078e+00,2.587741677724342826e-01
4.714000000000000412e+00,3.056177205995580515e-01
4.714999999999999858e+00,2.746873982381091706e-01
4.716000000000000192e+00,2.686389849253258411e-01
4.717000000000000526e+00,2.780390450921908507e-01
4.717999999999999972e+00,3.449672498889209127e-01
4.719000000000000306e+00,3.432009128611661630e-01
4.719999999999999751e+00,3.682021747614865892e-01
4.721000000000000085e+00,4.247022234823262798e-01
4.722000000000000419e+00,4.352962890415326136e-01
4.722999999999999865e+00,4.800804859488588816e-01
4.724000000000000199e+00,5.190043388821292680e-01
4.725000000000000533e+00,5.142427929100241712e-01
4.725999999999999979e+00,4.946731679644258972e-01
4.727000000000000313e+00,4.911074872692184901e-01
4.727999999999999758e+00,4.793548720615151693e-01
4.729000000000000092e+00,4.075947715249489400e-01
4.730000000000000426e+00,3.789323391754232939e-01
4.730999999999999872e+00,3.980886474687195253e-01
4.732000000000000206e+00,3.500082164590199718e-01
4.733000000000000540e+00,3.187344860542570268e-01
4.733999999999999986e+00,3.371064546099338810e-01
4.735000000000000320e+00,3.299554184620676622e-01
4.735999999999999766e+00,2.973832738968963385e-01
4.737000000000000099e+00,3.018382794967415794e-01
4.738000000000000433e+00,3.720243707127428578e-01
4.738999999999999879e+00,3.554121371666716933e-01
4.740000000000000213e+00,4.315788543322803261e-01
4.740999999999999659e+00,5.048460914507684194e-01
4.741999999999999993e+00,5.028614726137392577e-01
4.743000000000000327e+00,5.185604459545052336e-01
4.743999999999999773e+00,4.806997952770639126e-01
4.745000000000000107e+00,5.572541430823026998e-01
4.746000000000000441e+00,5.479793959157289729e-01
4.746999999999999886e+00,5.512244691882778325e-01
4.748000000000000220e+00,4.678031555930358132e-01
4.748999999999999666e+00,4.611952775055033760e-01
4.750000000000000000e+00,4.278403278701598533e-01
4.751000000000000334e+00,4.005483135988522347e-01
4.751999999999999780e+00,4.031883107667654231e-01
4.753000000000000114e+00,3.363425790007863458e-01
4.754000000000000448e+00,3.835359098334666372e-01
4.754999999999999893e+00,3.496933126280292736e-01
4.756000000000000227e+00,3.508157766468172900e-01
4.756999999999999673e+00,3.773084293217828233e-01
4.758000000000000007e+00,4.106423394200287014e-01
4.759000000000000341e+00,4.375843674996279797e-01
4.759999999999999787e+00,4.590116324629928135e-01
4.761000000000000121e+00,4.861406171668043452e-01
4.762000000000000455e+00,5.636657314450467249e-01
4.762999999999999901e+00,5.453234786705923876e-01
4.764000000000000234e+00,5.546934281298420144e-01
4.764999999999999680e+00,5.510579407113121997e-01
4.766000000000000014e+00,5.584394258763811791e-01
4.767000000000000348e+00,5.167774191652176885e-01
4.767999999999999794e+00,5.180358418419995781e-01
4.769000000000000128e+00,5.105720546312618735e-01
4.770000000000000462e+00,4.819983821189763873e-01
4.770999999999999908e+00,4.568784123514531559e-01
4.772000000000000242e+00,4.332170224388525170e-01
4.772999999999999687e+00,3.696115981995467537e-01
4.774000000000000021e+00,3.700282696699133678e-01
4.775000000000000355e+00,4.092599924416721047e-01
4.775999999999999801e+00,4.074812349110051302e-01
4.777000000000000135e+00,4.065090459296520908e-01
4.778000000000000469e+00,4.309107745138182621e-01
4.778999999999999915e+00,4.354161904966494800e-01
4.780000000000000249e+00,4.820836930479630578e-01
4.780999999999999694e+00,5.056199634001378174e-01
4.782000000000000028e+00,5.276821565447702422e-01
4.783000000000000362e+00,5.624681826634119197e-01
4.783999999999999808e+00,5.963982013651040193e-01
4.785000000000000142e+00,5.754873302056563444e-01
4.786000000000000476e+00,5.940565725006310416e-01
4.786999999999999922e+00,5.606791085997612223e-01
4.788000000000000256e+00,5.121443273776776772e-01
4.788999999999999702e+00,5.152592340199474430e-01
4.790000000000000036e+00,5.006736216207686718e-01
4.791000000000000369e+00,4.455863564899623652e-01
4.791999999999999815e+00,4.266894170444520684e-01
4.793000000000000149e+00,4.091618470275477093e-01
4.794000000000000483e+00,4.362275942789023420e-01
4.794999999999999929e+00,3.973387046059163596e-01
4.796000000000000263e+00,4.147404073611352660e-01
4.796999999999999709e+00,4.041045523704003828e-01
4.798000000000000043e+00,4.456147365231085677e-01
4.799000000000000377e+00,4.573495144314821403e-01
4.799999999999999822e+00,4.916384937255353083e-01
4.801000000000000156e+00,5.496584409658014092e-01
4.802000000000000490e+00,5.895040455171258742e-01
4.802999999999999936e+00,5.677029094533813103e-01
4.804000000000000270e+00,6.136359988742269289e-01
4.804999999999999716e+00,5.984394290586824150e-01
4.806000000000000050e+00,5.898041250474626018e-01
4.807000000000000384e+00,5.755436530962132480e-01
4.807999999999999829e+00,5.952328309979553200e-01
4.809000000000000163e+00,5.378578826007505143e-01
4.810000000000000497e+00,5.428090620245563658e-01
4.810999999999999943e+00,4.578983529795231378e-01
4.812000000000000277e+00,4.660079990706752495e-01
4.812999999999999723e+00,4.012209802441671358e-01
4.814000000000000057e+00,4.118988915476829993e-01
4.815000000000000391e+00,3.872772817936600553e-01
4.815999999999999837e+00,4.238606728517304023e-01
4.817000000000000171e+00,4.089531761018189160e-01
4.818000000000000504e+00,4.699686594555262942e-01
4.818999999999999950e+00,4.536812642565530851e-01
4.820000000000000284e+00,5.220810935072474068e-01
4.820999999999999730e+00,5.427562151601846852e-01
4.822000000000000064e+00,5.298657498005766575e-01
4.823000000000000398e+00,5.864914317406327848e-01
4.823999999999999844e+00,6.038800059397900766e-01
4.825000000000000178e+00,5.872438757105404861e-01
4.826000000000000512e+00,5.812633987481048425e-01
4.826999999999999957e+00,5.481117611200032602e-01
4.828000000000000291e+00,5.222933093096703283e-01
4.828999999999999737e+00,5.328554363384567782e-01
4.830000000000000071e+00,4.891186533645312529e-01
4.831000000000000405e+00,4.922618473364104297e-01
4.831999999999999851e+00,4.350567821704285354e-01
4.833000000000000185e+00,4.437411845551214595e-01
4.834000000000000519e+00,3.798933269919210209e-01
4.834999999999999964e+00,4.035243678627570274e-01
4.836000000000000298e+00,4.341944479611754559e-01
4.836999999999999744e+00,3.754728937721963922e-01
4.838000000000000078e+00,4.468871063080052664e-01
4.839000000000000412e+00,4.330608056634071001e-01
4.839999999999999858e+00,4.906096388266957820e-01
4.841000000000000192e+00,4.686049092675775851e-01
4.842000000000000526e+00,5.263196404173077214e-01
4.842999999999999972e+00,5.558777826495419072e-01
4.844000000000000306e+00,5.517110024284346270e-01
4.844999999999999751e+00,5.314758757254663957e-01
4.846000000000000085e+00,5.761939499022279421e-01
4.847000000000000419e+00,5.587587670640821180e-01
4.847999999999999865e+00,5.409150913307414488e-01
4.849000000000000199e+00,5.268530815190294314e-01
4.850000000000000533e+00,4.751639545619172900e-01
4.850999999999999979e+00,4.260679202858723702e-01
4.852000000000000313e+00,4.087766078733588992e-01
4.852999999999999758e+00,3.998884211806051914e-01
4.854000000000000092e+00,3.765182065295016312e-01
4.855000000000000426e+00,3.648868478681072114e-01
4.855999999999999872e+00,3.809335177548058282e-01
4.857000000000000206e+00,3.691365575277772981e-01
4.858000000000000540e+00,4.118631614854623146e-01
4.858999999999999986e+00,4.133290185610251077e-01
4.860000000000000320e+00,4.636605029235978948e-01
4.860999999999999766e+00,4.841553904327549063e-01
4.862000000000000099e+00,5.124615212126268915e-01
4.863000000000000433e+00,5.172008931742633209e-01
4.863999999999999879e+00,5.181366446334562115e-01
4.865000000000000213e+00,5.573439835391521546e-01
4.865999999999999659e+00,5.589062300042081377e-01
4.866999999999999993e+00,4.908416435304472358e-01
4.868000000000000327e+00,4.582517404221163049e-01
4.868999999999999773e+00,5.290219978266337275e-01
4.870000000000000107e+00,4.492414395019911355e-01
4.871000000000000441e+00,4.222411384618005581e-01
4.871999999999999886e+00,4.069338652783083266e-01
4.873000000000000220e+00,3.451441560299777223e-01
4.873999999999999666e+00,3.540796910483298143e-01
4.875000000000000000e+00,3.282613276726550344e-01
4.876000000000000334e+00,3.074837270151368762e-01
4.876999999999999780e+00,3.212086415704800135e-01
4.878000000000000114e+00,3.890157874924500270e-01
4.879000000000000448e+00,3.937462650779086637e-01
4.879999999999999893e+00,4.324376180035698902e-01
4.881000000000000227e+00,4.278989310398402246e-01
4.881999999999999673e+00,4.651834928119581436e-01
4.883000000000000007e+00,4.822529406974793154e-01
4.884000000000000341e+00,4.891722888590885887e-01
4.884999999999999787e+00,5.327658984099359341e-01
4.886000000000000121e+00,5.108008870972337023e-01
4.887000000000000455e+00,5.005377687185711411e-01
4.887999999999999901e+00,4.387482742837155447e-01
4.889000000000000234e+00,4.107173918868281537e-01
4.889999999999999680e+00,3.999271786823827557e-01
4.891000000000000014e+00,3.625482901849404471e-01
4.892000000000000348e+00,3.227926208372385863e-01
4.892999999999999794e+00,3.536528384352014553e-01
4.894000000000000128e+00,3.011127963677714403e-01
4.895000000000000462e+00,2.946086139515554647e-01
4.895999999999999908e+00,3.046149152786671865e-01
4.897000000000000242e+00,2.896915129795888943e-01
4.897999999999999687e+00,3.415240737853010855e-01
4.899000000000000021e+00,3.170632751795954274e-01
4.900000000000000355e+00,3.417903558786996032e-01
4.900999999999999801e+00,3.932729929631658683e-01
4.902000000000000135e+00,4.004535454212337919e-01
4.903000000000000469e+00,4.650995164155222183e-01
4.903999999999999915e+00,4.452014586025602183e-01
4.905000000000000249e+00,4.569463721908108012e-01
4.905999999999999694e+00,4.462595898022675422e-01
4.907000000000000028e+00,4.406669890526976330e-01
4.908000000000000362e+00,4.202544068644195607e-01
4.908999999999999808e+00,3.614844129352627333e-01
4.910000000000000142e+00,2.939129488759019693e-01
4.911000000000000476e+00,2.771000393252807670e-01
4.911999999999999922e+00,2.553187301237314077e-01
4.913000000000000256e+00,2.431588225866884168e-01
4.913999999999999702e+00,2.015484532051997346e-01
4.915000000000000036e+00,2.012102177271972991e-01
4.916000000000000369e+00,2.633519482816613078e-01
4.916999999999999815e+00,2.296436326408450301e-01
4.918000000000000149e+00,2.555194337801357518e-01
4.919000000000000483e+00,2.529889081356197500e-01
4.919999999999999929e+00,3.217478573105322370e-01
4.921000000000000263e+00,3.697947946297128752e-01
4.921999999999999709e+00,3.477161044243862187e-01
4.923000000000000043e+00,3.632418824070386965e-01
4.924000000000000377e+00,3.922375035011668176e-01
4.924999999999999822e+00,4.378191391173706926e-01
4.926000000000000156e+00,3.684605703817437350e-01
4.927000000000000490e+00,3.597832211378192979e-01
4.927999999999999936e+00,3.646220488859603370e-01
4.929000000000000270e+00,3.053778153747093160e-01
4.929999999999999716e+00,2.770134989968512373e-01
4.931000000000000050e+00,2.221577820549429094e-01
4.932000000000000384e+00,2.294875737505996660e-01
4.932999999999999829e+00,1.894452141174455539e-01
4.934000000000000163e+00,1.759495522189941930e-01
4.935000000000000497e+00,1.640244158756813120e-01
4.935999999999999943e+00,1.596799533908342394e-01
4.937000000000000277e+00,1.655287201542510744e-01
4.937999999999999723e+00,1.867625874388439966e-01
4.939000000000000057e+00,2.403150640804993521e-01
4.940000000000000391e+00,2.392433220058398091e-01
4.940999999999999837e+00,2.530923252692744430e-01
4.942000000000000171e+00,2.717532403860786205e-01
4.943000000000000504e+00,3.049243797283026081e-01
4.943999999999999950e+00,2.671036442648507814e-01
4.945000000000000284e+00,3.348630773010677908e-01
4.945999999999999730e+00,3.354334432028340807e-01
4.947000000000000064e+00,2.957063841835707585e-01
4.948000000000000398e+00,2.494024315603332598e-01
4.948999999999999844e+00,2.135115487061184647e-01
4.950000000000000178e+00,1.852777914785589952e-01
4.951000000000000512e+00,1.616147594147951672e-01
4.951999999999999957e+00,1.394745180993700595e-01
4.953000000000000291e+00,9.756672919904806063e-02
4.953999999999999737e+00,6.947036802457220994e-02
4.955000000000000071e+00,8.909777947287644828e-02
4.956000000000000405e+00,8.659692804842750169e-02
4.956999999999999851e+00,1.011748882837857910e-01
4.958000000000000185e+00,1.465871840759400691e-01
4.959000000000000519e+00,1.631405690931232999e-01
4.959999999999999964e+00,1.629875587792348479e-01
4.961000000000000298e+00,1.937358208835757711e-01
4.961999999999999744e+00,2.188475455000027103e-01
4.963000000000000078e+00,2.091565991276322922e-01
4.964000000000000412e+00,2.484788594720998556e-01
4.964999999999999858e+00,2.248334695883531242e-01
4.966000000000000192e+00,2.414580621240644265e-01
4.967000000000000526e+00,1.988091291046394371e-01
4.967999999999999972e+00,2.170561970589653944e-01
4.969000000000000306e+00,1.384387242909659310e-01
4.969999999999999751e+00,9.694804104231234676e-02
4.971000000000000085e+00,6.424391049766398076e-02
4.972000000000000419e+00,3.435650660010437091e-02
4.972999999999999865e+00,3.648463432579958365e-02
4.974000000000000199e+00,1.243632018926685290e-02
4.975000000000000533e+00,-1.922124870060668012e-02
4.975999999999999979e+00,2.648665922716356147e-03
4.977000000000000313e+00,3.868383156346358320e-02
4.977999999999999758e+00,3.953927246979867249e-02
4.979000000000000092e+00,5.459433110661809224e-02
4.980000000000000426e+00,9.578986677381973180e-02
4.980999999999999872e+00,1.178748210195058460e-01
4.982000000000000206e+00,1.007067914180991286e-01
4.983000000000000540e+00,1.307306129601684130e-01
4.983999999999999986e+00,1.133094848261265858e-01
4.985000000000000320e+00,1.615243624035879733e-01
4.985999999999999766e+00,1.671363559264783250e-01
4.987000000000000099e+00,1.684390741916564627e-01
4.988000000000000433e+00,8.938421442195404465e-02
4.988999999999999879e+00,6.574916469005701036e-02
4.990000000000000213e+00,3.505509201054718416e-02
4.991000000000000547e+00,-2.143160068525941722e-02
4.991999999999999993e+00,-2.158140430844106977e-02
4.993000000000000327e+00,-4.429312422803548949e-02
4.993999999999999773e+00,-7.169059612245599900e-02
4.995000000000000107e+00,-4.758098505365937481e-02
4.996000000000000441e+00,-1.023859006226211232e-01
4.996999999999999886e+00,-5.539442403812694371e-02
4.998000000000000220e+00,-1.457603660959869846e-02
4.998999999999999666e+00,9.498336135000289282e-01
5.000000000000000000e+00,3.283482340217400153e-01
5.001000000000000334e+00,-4.530190036471888892e-01
5.001999999999999780e+00,4.107746987449518300e-02
5.003000000000000114e+00,4.903681090137103349e-02
5.004000000000000448e+00,6.242545200466937533e-02
5.004999999999999893e+00,9.482227788346668518e-02
5.006000000000000227e+00,4.962272217241209954e-02
5.006999999999999673e+00,3.570554428071609498e-04
5.008000000000000007e+00,2.164209993784783209e-02
5.009000000000000341e+00,-1.643594016002965230e-02
5.009999999999999787e+00,-5.237581880040560051e-02
5.011000000000000121e+00,-4.188919041206971838e-02
5.012000000000000455e+00,-1.136501357081652341e-01
5.012999999999999901e+00,-1.442401335837319443e-01
5.014000000000000234e+00,-1.283335204935119322e-01
5.014999999999999680e+00,-1.475797700346345442e-01
5.016000000000000014e+00,-1.553227508436266224e-01
5.017000000000000348e+00,-1.685074732468380965e-01
5.017999999999999794e+00,-1.151015407743673780e-01
5.019000000000000128e+00,-1.289213397482419365e-01
5.020000000000000462e+00,-8.632853595654675638e-02
5.020999999999999908e+00,-2.504189735311032616e-02
5.022000000000000242e+00,-3.355380593924789379e-03
5.022999999999999687e+00,-3.114364629878463298e-02
5.024000000000000021e+00,-6.575216868155070449e-03
5.025000000000000355e+00,2.689182013752008937e-02
5.025999999999999801e+00,6.299704627775168375e-03
5.027000000000000135e+00,-4.557430590015358607e-02
5.028000000000000469e+00,-6.493221210565516821e-02
5.028999999999999915e+00,-8.801872486041852073e-02
5.030000000000000249e+00,-1.151869866106053769e-01
5.030999999999999694e+00,-1.504436056670914734e-01
5.032000000000000028e+00,-1.961420670196512284e-01
5.033000000000000362e+00,-2.229346503198848251e-01
5.033999999999999808e+00,-2.172966540880532094e-01
5.035000000000000142e+00,-2.209128923875114392e-01
5.036000000000000476e+00,-2.213243353886758802e-01
5.036999999999999922e+00,-2.218840688973587327e-01
5.038000000000000256e+00,-1.778153278334201337e-01
5.038999999999999702e+00,-1.849926765683213015e-01
5.040000000000000036e+00,-2.010825540636162201e-01
5.041000000000000369e+00,-1.434502718832072199e-01
5.041999999999999815e+00,-1.289980435848683826e-01
5.043000000000000149e+00,-1.031229623968783898e-01
5.044000000000000483e+00,-8.836362030297632841e-02
5.044999999999999929e+00,-8.856030724243260654e-02
5.046000000000000263e+00,-8.134217706402470383e-02
5.046999999999999709e+00,-9.994636538433648854e-02
5.048000000000000043e+00,-1.314207968018155925e-01
5.049000000000000377e+00,-1.511176323766320884e-01
5.049999999999999822e+00,-1.998158689852210790e-01
5.051000000000000156e+00,-2.554114680725843023e-01
5.052000000000000490e+00,-2.670775235398856196e-01
5.052999999999999936e+00,-3.102910234693861957e-01
5.054000000000000270e+00,-2.933312951974497151e-01
5.054999999999999716e+00,-3.218395566076818204e-01
5.056000000000000050e+00,-3.177868129342233394e-01
5.057000000000000384e+00,-2.817224841898680610e-01
5.057999999999999829e+00,-3.032593275081743034e-01
5.059000000000000163e+00,-2.491771287726490813e-01
5.060000000000000497e+00,-2.520247972045808749e-01
5.060999999999999943e+00,-1.947242287979923936e-01
5.062000000000000277e+00,-1.925427011720649006e-01
5.062999999999999723e+00,-1.748660111382488169e-01
5.064000000000000057e+00,-1.869615685825515849e-01
5.065000000000000391e+00,-1.617553229057941133e-01
5.065999999999999837e+00,-1.823726333818640466e-01
5.067000000000000171e+00,-1.882744043598138517e-01
5.068000000000000504e+00,-2.267999007863650274e-01
5.068999999999999950e+00,-2.315944781322392121e-01
5.070000000000000284e+00,-2.707349997526534158e-01
5.070999999999999730e+00,-3.174756203008047839e-01
5.072000000000000064e+00,-2.969435345397508641e-01
5.073000000000000398e+00,-3.336374178616264286e-01
5.073999999999999844e+00,-3.721482504926091894e-01
5.075000000000000178e+00,-4.110670718859389394e-01
5.076000000000000512e+00,-3.982514028304119380e-01
5.076999999999999957e+00,-3.687242139875858693e-01
5.078000000000000291e+00,-3.461412130985338509e-01
5.078999999999999737e+00,-3.141917000794519077e-01
5.080000000000000071e+00,-3.099189432136669198e-01
5.081000000000000405e+00,-2.686235134647914635e-01
5.081999999999999851e+00,-2.529044180577460499e-01
5.083000000000000185e+00,-2.258209552215468818e-01
5.084000000000000519e+00,-2.437158526810498937e-01
5.084999999999999964e+00,-2.158524824485325289e-01
5.086000000000000298e+00,-2.466601470782214256e-01
5.086999999999999744e+00,-2.635247343134579645e-01
5.088000000000000078e+00,-2.768608402522600986e-01
5.089000000000000412e+00,-3.069196055836801440e-01
5.089999999999999858e+00,-3.290281210495212272e-01
5.091000000000000192e+00,-3.532266535376195060e-01
5.092000000000000526e+00,-3.748722912237082427e-01
5.092999999999999972e+00,-4.095034021427552684e-01
5.094000000000000306e+00,-4.367314221001341590e-01
5.094999999999999751e+00,-4.346145654909353562e-01
5.096000000000000085e+00,-4.657712366503508061e-01
5.097000000000000419e+00,-4.417444161522813273e-01
5.097999999999999865e+00,-4.616749831316949160e-01
5.099000000000000199e+00,-3.914372116507209842e-01
5.100000000000000533e+00,-3.489538298866610710e-01
5.100999999999999979e+00,-3.366317316820769401e-01
5.102000000000000313e+00,-2.898505624884217258e-01
5.102999999999999758e+00,-3.067677144539482370e-01
5.104000000000000092e+00,-2.984425927698344805e-01
5.105000000000000426e+00,-2.981723514024533506e-01
5.105999999999999872e+00,-2.824358016181081621e-01
5.107000000000000206e+00,-2.780392933520592358e-01
5.108000000000000540e+00,-3.240535468421721910e-01
5.108999999999999986e+00,-3.358612322945058737e-01
5.110000000000000320e+00,-3.906587920552582194e-01
5.110999999999999766e+00,-4.400076879109547923e-01
5.112000000000000099e+00,-4.672981877763325298e-01
5.113000000000000433e+00,-5.317659827183065513e-01
5.113999999999999879e+00,-4.722086544157904076e-01
5.115000000000000213e+00,-5.419410985379445878e-01
5.116000000000000547e+00,-5.210482735693029444e-01
5.116999999999999993e+00,-4.785373963704280809e-01
5.118000000000000327e+00,-4.452437414036797270e-01
5.118999999999999773e+00,-4.546591074649251607e-01
5.120000000000000107e+00,-4.043873512008068216e-01
5.121000000000000441e+00,-3.763296090643314384e-01
5.121999999999999886e+00,-3.738218989475331488e-01
5.123000000000000220e+00,-3.336138106224221800e-01
5.123999999999999666e+00,-3.010649251455764230e-01
5.125000000000000000e+00,-3.034393141538912486e-01
5.126000000000000334e+00,-3.511722698542154575e-01
5.126999999999999780e+00,-3.648994106310071706e-01
5.128000000000000114e+00,-3.815596338010539545e-01
5.129000000000000448e+00,-3.904027746583148550e-01
5.129999999999999893e+00,-4.763139593505709146e-01
5.131000000000000227e+00,-4.615498796897153366e-01
5.131999999999999673e+00,-4.932984153402589778e-01
5.133000000000000007e+00,-4.946107598338502775e-01
5.134000000000000341e+00,-5.539242624076398114e-01
5.134999999999999787e+00,-5.550882829233289018e-01
5.136000000000000121e+00,-5.382404158707632114e-01
5.137000000000000455e+00,-4.996094984336142408e-01
5.137999999999999901e+00,-4.927627544351705913e-01
5.139000000000000234e+00,-4.526876459796225771e-01
5.139999999999999680e+00,-4.769046513947260979e-01
5.141000000000000014e+00,-3.945333940160720143e-01
5.142000000000000348e+00,-4.200885717923308338e-01
5.142999999999999794e+00,-3.956605016991572299e-01
5.144000000000000128e+00,-3.715232904694853455e-01
5.145000000000000462e+00,-3.698068745133484825e-01
5.145999999999999908e+00,-3.764402747346783373e-01
5.147000000000000242e+00,-4.007465281761981579e-01
5.147999999999999687e+00,-3.715373595020873276e-01
5.149000000000000021e+00,-4.516148649682021898e-01
5.150000000000000355e+00,-4.977554476292177510e-01
5.150999999999999801e+00,-4.862197388328864944e-01
5.152000000000000135e+00,-4.826645065174124949e-01
5.153000000000000469e+00,-5.514139237032507079e-01
5.153999999999999915e+00,-5.814144495562187931e-01
5.155000000000000249e+00,-5.636448726279530419e-01
5.155999999999999694e+00,-5.951947414607926534e-01
5.157000000000000028e+00,-5.648669807320538805e-01
5.158000000000000362e+00,-5.309971956319976538e-01
5.158999999999999808e+00,-5.229174738414251733e-01
5.160000000000000142e+00,-4.604161266910309913e-01
5.161000000000000476e+00,-4.406944041997196138e-01
5.161999999999999922e+00,-4.331385543274773320e-01
5.163000000000000256e+00,-3.894987117483558747e-01
5.163999999999999702e+00,-3.763960405383522390e-01
5.165000000000000036e+00,-3.903385867682658272e-01
5.166000000000000369e+00,-3.690567703448685566e-01
5.166999999999999815e+00,-3.907831915935053857e-01
5.168000000000000149e+00,-4.361382649859592009e-01
5.169000000000000483e+00,-4.560832248386633703e-01
5.169999999999999929e+00,-4.540452195166668758e-01
5.171000000000000263e+00,-5.177743161815383521e-01
5.171999999999999709e+00,-5.699055415540729141e-01
5.173000000000000043e+00,-6.002376778547401370e-01
5.174000000000000377e+00,-6.174126453505019985e-01
5.174999999999999822e+00,-5.918717781518193499e-01
5.176000000000000156e+00,-5.776721906983037780e-01
5.177000000000000490e+00,-5.791226534301457951e-01
5.177999999999999936e+00,-5.500111331582153706e-01
5.179000000000000270e+00,-5.448526990186411956e-01
5.179999999999999716e+00,-4.618442990350575261e-01
5.181000000000000050e+00,-4.776176466370319895e-01
5.182000000000000384e+00,-4.475866978419175135e-01
5.182999999999999829e+00,-4.226742077550642018e-01
5.184000000000000163e+00,-4.067562753474492920e-01
5.185000000000000497e+00,-3.808253468847931922e-01
5.185999999999999943e+00,-4.075664919094870164e-01
5.187000000000000277e+00,-4.192649967596530636e-01
5.187999999999999723e+00,-4.735704514281526833e-01
5.189000000000000057e+00,-4.568972213310495412e-01
5.190000000000000391e+00,-5.042544870378400379e-01
5.190999999999999837e+00,-5.408419517929485831e-01
5.192000000000000171e+00,-5.790082801868616791e-01
5.193000000000000504e+00,-5.809407296076932736e-01
5.193999999999999950e+00,-5.736983725553082003e-01
5.195000000000000284e+00,-6.362336664232308703e-01
5.195999999999999730e+00,-5.910097465077907009e-01
5.197000000000000064e+00,-6.062794148650165749e-01
5.198000000000000398e+00,-5.608300677723306871e-01
5.198999999999999844e+00,-5.400221738537374083e-01
5.200000000000000178e+00,-4.804063008619115505e-01
5.201000000000000512e+00,-4.538473265678631963e-01
5.201999999999999957e+00,-4.106027385453596135e-01
5.203000000000000291e+00,-4.211365671637868902e-01
5.203999999999999737e+00,-4.108244849799135290e-01
5.205000000000000071e+00,-3.598428540267686326e-01
5.206000000000000405e+00,-4.555673494285688019e-01
5.206999999999999851e+00,-3.966971946306507846e-01
5.208000000000000185e+00,-4.442368677033056712e-01
5.209000000000000519e+00,-4.949817592559117019e-01
5.209999999999999964e+00,-5.029086103993497536e-01
5.211000000000000298e+00,-5.484466290140630473e-01
5.211999999999999744e+00,-5.641242558435870524e-01
5.213000000000000078e+00,-5.859796097755737287e-01
5.214000000000000412e+00,-5.969939842702515209e-01
5.214999999999999858e+00,-5.750115330281999615e-01
5.216000000000000192e+00,-6.109709118583601661e-01
5.217000000000000526e+00,-5.749850089648425033e-01
5.217999999999999972e+00,-5.418589024975125623e-01
5.219000000000000306e+00,-5.458584293491047790e-01
5.219999999999999751e+00,-4.791389932908713956e-01
5.221000000000000085e+00,-4.399288688900923061e-01
5.222000000000000419e+00,-4.299380696161543280e-01
5.222999999999999865e+00,-4.172082515129228453e-01
5.224000000000000199e+00,-4.239540394260543632e-01
5.225000000000000533e+00,-3.776950152298107488e-01
5.225999999999999979e+00,-3.525447718874096248e-01
5.227000000000000313e+00,-3.690246696084015787e-01
5.227999999999999758e+00,-4.332342496308501101e-01
5.229000000000000092e+00,-4.408509092611177516e-01
5.230000000000000426e+00,-4.784518220704265801e-01
5.230999999999999872e+00,-5.024964331298384934e-01
5.232000000000000206e+00,-5.903277209039918816e-01
5.233000000000000540e+00,-5.427417129344135338e-01
5.233999999999999986e+00,-5.291545384605017555e-01
5.235000000000000320e+00,-5.705051837285796124e-01
5.235999999999999766e+00,-5.482977530882339190e-01
5.237000000000000099e+00,-5.319806287885400220e-01
5.238000000000000433e+00,-5.163707041792773289e-01
5.238999999999999879e+00,-4.935816180685637655e-01
5.240000000000000213e+00,-5.025597261597608556e-01
5.241000000000000547e+00,-4.121047392337644499e-01
5.241999999999999993e+00,-4.133030930880844944e-01
5.243000000000000327e+00,-3.872956283503313779e-01
5.243999999999999773e+00,-3.675643236712120010e-01
5.245000000000000107e+00,-3.580341235488084806e-01
5.246000000000000441e+00,-3.550985948060477737e-01
5.246999999999999886e+00,-3.884550729071687969e-01
5.248000000000000220e+00,-4.038791465510139789e-01
5.248999999999999666e+00,-4.558012087185092098e-01
5.250000000000000000e+00,-4.483665814943846306e-01
5.251000000000000334e+00,-4.808617398860449144e-01
5.251999999999999780e+00,-4.519264710028901288e-01
5.253000000000000114e+00,-4.866733599194066340e-01
5.254000000000000448e+00,-5.070735366463310356e-01
5.254999999999999893e+00,-5.247821681783353398e-01
5.256000000000000227e+00,-5.058673289858476307e-01
5.256999999999999673e+00,-4.937385609211920601e-01
5.258000000000000007e+00,-4.585577583501637688e-01
5.259000000000000341e+00,-4.885510548202720571e-01
5.259999999999999787e+00,-4.081014991342264420e-01
5.261000000000000121e+00,-3.872962534341914953e-01
5.262000000000000455e+00,-3.503113537284672230e-01
5.262999999999999901e+00,-3.301461165574381962e-01
5.264000000000000234e+00,-3.207539398906748551e-01
5.264999999999999680e+00,-3.408450250154886341e-01
5.266000000000000014e+00,-2.950220730255317392e-01
5.267000000000000348e+00,-3.096774668500555383e-01
5.267999999999999794e+00,-3.347589840341239631e-01
5.269000000000000128e+00,-3.715728249092142832e-01
5.270000000000000462e+00,-4.248162118737960347e-01
5.270999999999999908e+00,-4.534503087239621921e-01
5.272000000000000242e+00,-4.126812506032776495e-01
5.272999999999999687e+00,-4.791745915199614458e-01
5.274000000000000021e+00,-4.990733368317857854e-01
5.275000000000000355e+00,-5.231282718640178908e-01
5.275999999999999801e+00,-4.893732616313535844e-01
5.277000000000000135e+00,-4.541431411141312324e-01
5.278000000000000469e+00,-4.229656241009422946e-01
5.278999999999999915e+00,-3.677563702483774843e-01
5.280000000000000249e+00,-3.896074716324004483e-01
5.280999999999999694e+00,-3.605826837233195303e-01
5.282000000000000028e+00,-3.353218759218832279e-01
5.283000000000000362e+00,-2.635889721371396099e-01
5.283999999999999808e+00,-2.867508006197916903e-01
5.285000000000000142e+00,-2.411872481961906678e-01
5.286000000000000476e+00,-2.285764732799076548e-01
5.286999999999999922e+00,-2.538737269949439268e-01
5.288000000000000256e+00,-2.764272416276462030e-01
5.288999999999999702e+00,-2.753846885130088462e-01
5.290000000000000036e+00,-3.428471526704461314e-01
5.291000000000000369e+00,-4.072273707151624067e-01
5.291999999999999815e+00,-3.946473074686019933e-01
5.293000000000000149e+00,-4.503588823940599672e-01
5.294000000000000483e+00,-4.619522593511807829e-01
5.294999999999999929e+00,-4.230375303558128186e-01
5.296000000000000263e+00,-4.561003747942635189e-01
5.296999999999999709e+00,-4.356299035455705182e-01
5.298000000000000043e+00,-3.717890134407428326e-01
5.299000000000000377e+00,-3.495891814892450600e-01
5.299999999999999822e+00,-3.219871416316024137e-01
5.301000000000000156e+00,-3.069994225603143168e-01
5.302000000000000490e+00,-2.603824093380235905e-01
5.302999999999999936e+00,-2.149256412566404872e-01
5.304000000000000270e+00,-1.762546928627519716e-01
5.304999999999999716e+00,-1.802959639988168383e-01
5.306000000000000050e+00,-1.559593947791248492e-01
5.307000000000000384e+00,-2.569857282091215778e-01
5.307999999999999829e+00,-2.506023418494972010e-01
5.309000000000000163e+00,-2.507440239348729949e-01
5.310000000000000497e+00,-2.647569253706188452e-01
5.310999999999999943e+00,-2.795482686721730836e-01
5.312000000000000277e+00,-3.071697846221599915e-01
5.312999999999999723e+00,-3.582684027442581409e-01
5.314000000000000057e+00,-3.824796627268542970e-01
5.315000000000000391e+00,-4.138805948608130780e-01
5.315999999999999837e+00,-3.228509775285900441e-01
5.317000000000000171e+00,-3.204940952641006091e-01
5.318000000000000504e+00,-3.164310797548259835e-01
5.318999999999999950e+00,-3.093559485149407484e-01
5.320000000000000284e+00,-2.428968435047849650e-01
5.320999999999999730e+00,-2.201029145296364287e-01
5.322000000000000064e+00,-1.706544537072967882e-01
5.323000000000000398e+00,-1.463485713688983114e-01
5.323999999999999844e+00,-1.423728748483062967e-01
5.325000000000000178e+00,-1.610404099944801326e-01
5.326000000000000512e+00,-1.054263718123781696e-01
5.326999999999999957e+00,-1.221688665173636806e-01
5.328000000000000291e+00,-1.213720082549813728e-01
5.328999999999999737e+00,-1.841014922242909524e-01
5.330000000000000071e+00,-1.976915781638546310e-01
5.331000000000000405e+00,-2.341337373907808050e-01
5.331999999999999851e+00,-2.667087582500214937e-01
5.333000000000000185e+00,-2.928001045743224839e-01
5.334000000000000519e+00,-2.786235192575241548e-01
5.334999999999999964e+00,-3.003413731401542996e-01
5.336000000000000298e+00,-2.934253774294266481e-01
5.336999999999999744e+00,-2.453393676670738432e-01
5.338000000000000078e+00,-2.218989063123508465e-01
5.339000000000000412e+00,-2.049876088549665298e-01
5.339999999999999858e+00,-1.988248149303952494e-01
5.341000000000000192e+00,-1.445775418374779242e-01
5.342000000000000526e+00,-1.296537471924701090e-01
5.342999999999999972e+00,-9.147971661242115804e-02
5.344000000000000306e+00,-7.931910880063949842e-02
5.344999999999999751e+00,-9.340427078389032522e-02
5.346000000000000085e+00,-6.406296546718852347e-02
5.347000000000000419e+00,-6.212081887053122475e-02
5.347999999999999865e+00,-8.086953156249068742e-02
5.349000000000000199e+00,-8.506465310621252884e-02
5.350000000000000533e+00,-1.432175151579563044e-01
5.350999999999999979e+00,-1.767508763378471126e-01
5.352000000000000313e+00,-1.941446081486442599e-01
5.352999999999999758e+00,-2.036869201573378030e-01
5.354000000000000092e+00,-2.140617100856782584e-01
5.355000000000000426e+00,-2.422142898563233171e-01
5.355999999999999872e+00,-2.544406425781862158e-01
5.357000000000000206e+00,-2.249288264153672945e-01
5.358000000000000540e+00,-1.592862064045500459e-01
5.358999999999999986e+00,-1.481684214713591408e-01
5.360000000000000320e+00,-1.376428855657514383e-01
5.360999999999999766e+00,-6.040967829017884067e-02
5.362000000000000099e+00,-4.431572929589412679e-02
5.363000000000000433e+00,1.092173383290272193e-02
5.363999999999999879e+00,2.185029493600221251e-02
5.365000000000000213e+00,2.906345928616210772e-02
5.366000000000000547e+00,2.971833857741185136e-02
5.366999999999999993e+00,2.995364585739925672e-02
5.368000000000000327e+00,1.454588710566696863e-02
5.368999999999999773e+00,-2.439172310209778566e-02
5.370000000000000107e+00,-6.675152563288273833e-02
5.371000000000000441e+00,-6.922678113715406700e-02
5.371999999999999886e+00,-9.667379726542413287e-02
5.373000000000000220e+00,-1.311874820295734767e-01
5.374000000000000554e+00,-1.392535684682512653e-01
5.375000000000000000e+00,-1.454685505527530676e-01
5.376000000000000334e+00,-1.264307210318397767e-01
5.376999999999999780e+00,-1.306301286034620701e-01
5.378000000000000114e+00,-1.101018093435299772e-01
5.379000000000000448e+00,-5.363403516787378783e-02
5.379999999999999893e+00,-2.269031407782923226e-02
5.381000000000000227e+00,1.878724113199708307e-02
5.381999999999999673e+00,1.268369262379693413e-02
5.383000000000000007e+00,8.488025087855141648e-02
5.384000000000000341e+00,1.117856415509416862e-01
5.384999999999999787e+00,1.012167142029729988e-01
5.386000000000000121e+00,8.266494951970114469e-02
5.387000000000000455e+00,8.334948998367605610e-02
5.387999999999999901e+00,1.002685979992876675e-01
5.389000000000000234e+00,6.188537838300627036e-02
5.389999999999999680e+00,1.018686795642482004e-02
5.391000000000000014e+00,-1.355722349645699029e-02
5.392000000000000348e+00,1.379528874533061250e-02
5.392999999999999794e+00,-3.399493825146811948e-02
5.394000000000000128e+00,-9.710180697671351446e-02
5.395000000000000462e+00,-3.476659587667318974e-02
5.395999999999999908e+00,-6.437871143554256548e-02
5.397000000000000242e+00,-4.355020057325839633e-02
5.397999999999999687e+00,2.071382731147815986e-02
5.399000000000000021e+00,3.453297636147480143e-02
5.400000000000000355e+00,4.415274095699590895e-02
5.400999999999999801e+00,1.123339510727385249e-01
5.402000000000000135e+00,1.153297306364447911e-01
5.403000000000000469e+00,1.828377931984495053e-01
5.403999999999999915e+00,2.116278288051213763e-01
5.405000000000000249e+00,1.527743025724200288e-01
5.405999999999999694e+00,1.919419883923046966e-01
5.407000000000000028e+00,1.733712923448888499e-01
5.408000000000000362e+00,1.674907912658912812e-01
5.408999999999999808e+00,1.038778936114812812e-01
5.410000000000000142e+00,7.771603865276351109e-02
5.411000000000000476e+00,8.240951941663059166e-02
5.411999999999999922e+00,3.321910134108852636e-02
5.413000000000000256e+00,9.562480547632576378e-03
5.413999999999999702e+00,3.771542495481142176e-02
5.415000000000000036e+00,3.073172714703759079e-02
5.416000000000000369e+00,4.116999388313991037e-02
5.416999999999999815e+00,7.676799610139281582e-02
5.418000000000000149e+00,4.248156243053759912e-02
5.419000000000000483e+00,9.846841627445976353e-02
5.419999999999999929e+00,1.585657239439672572e-01
5.421000000000000263e+00,1.723926995051377753e-01
5.421999999999999709e+00,1.923836032180921141e-01
5.423000000000000043e+00,2.340378420857353869e-01
5.424000000000000377e+00,2.488566549708559617e-01
5.424999999999999822e+00,2.993642547586440883e-01
5.426000000000000156e+00,2.455315710927879480e-01
5.427000000000000490e+00,2.394379551067861156e-01
5.427999999999999936e+00,2.203500069345320223e-01
5.429000000000000270e+00,2.200017255674204253e-01
5.429999999999999716e+00,1.817327471175425035e-01
5.431000000000000050e+00,1.459380584345568999e-01
5.432000000000000384e+00,1.535479958969240277e-01
5.432999999999999829e+00,8.296929143068811074e-02
5.434000000000000163e+00,3.351804596667895542e-02
5.435000000000000497e+00,9.739308526813905686e-02
5.435999999999999943e+00,9.746168227832574527e-02
5.437000000000000277e+00,1.195506462614255583e-01
5.437999999999999723e+00,1.435267550513047163e-01
5.439000000000000057e+00,2.074979546221162874e-01
5.440000000000000391e+00,2.117321051396192644e-01
5.440999999999999837e+00,2.685481879492452317e-01
5.442000000000000171e+00,2.713720177071350381e-01
5.443000000000000504e+00,3.213563750779369621e-01
5.443999999999999950e+00,3.128645208168292502e-01
5.445000000000000284e+00,3.568526102142191014e-01
5.445999999999999730e+00,3.555901108235123287e-01
5.447000000000000064e+00,3.399732360988000912e-01
5.448000000000000398e+00,3.041605044651995438e-01
5.448999999999999844e+00,2.839680903582870730e-01
5.450000000000000178e+00,2.732652492767936314e-01
5.451000000000000512e+00,2.126511409537302222e-01
5.451999999999999957e+00,1.719642419974331815e-01
5.453000000000000291e+00,1.932479283295771566e-01
5.453999999999999737e+00,1.856892721801028101e-01
5.455000000000000071e+00,2.175690001091876991e-01
5.456000000000000405e+00,2.103664893914274081e-01
5.456999999999999851e+00,1.932207707639386207e-01
5.458000000000000185e+00,2.596663210066663119e-01
5.459000000000000519e+00,2.594227107633471086e-01
5.459999999999999964e+00,2.625222253017243101e-01
5.461000000000000298e+00,3.372375661751189080e-01
5.461999999999999744e+00,3.951466702992759705e-01
5.463000000000000078e+00,3.502933434943846791e-01
5.464000000000000412e+00,4.238962923279309125e-01
5.464999999999999858e+00,4.244322500601793724e-01
5.466000000000000192e+00,4.327678353873142258e-01
5.467000000000000526e+00,3.650450174601874709e-01
5.467999999999999972e+00,3.886798040189983205e-01
5.469000000000000306e+00,3.720916805818672013e-01
5.469999999999999751e+00,3.333445717133377562e-01
5.471000000000000085e+00,2.705861471523194894e-01
5.472000000000000419e+00,2.769004842124024313e-01
5.472999999999999865e+00,2.715158477791151936e-01
5.474000000000000199e+00,2.264409013023165329e-01
5.475000000000000533e+00,2.296632090878769905e-01
5.475999999999999979e+00,2.299094164917967198e-01
5.477000000000000313e+00,2.796714911525761682e-01
5.477999999999999758e+00,2.893922893923948081e-01
5.479000000000000092e+00,3.361530740335425538e-01
5.480000000000000426e+00,3.540564722565311406e-01
5.480999999999999872e+00,3.717444534302621340e-01
5.482000000000000206e+00,4.337618687942214057e-01
5.483000000000000540e+00,4.354705451950417472e-01
5.483999999999999986e+00,4.822276481535411885e-01
5.485000000000000320e+00,4.634868255716004803e-01
5.485999999999999766e+00,4.821180649968120902e-01
5.487000000000000099e+00,4.563482124914461924e-01
5.488000000000000433e+00,4.432931900551660420e-01
5.488999999999999879e+00,4.183610971657478195e-01
5.490000000000000213e+00,4.074551392797081673e-01
5.491000000000000547e+00,3.691927600295901724e-01
5.491999999999999993e+00,3.351895224708371090e-01
5.493000000000000327e+00,3.217575828389559467e-01
5.493999999999999773e+00,3.055839839367607835e-01
5.495000000000000107e+00,3.220363844065137204e-01
5.496000000000000441e+00,3.341152819463503176e-01
5.496999999999999886e+00,3.458427798024890643e-01
5.498000000000000220e+00,3.437611159276020567e-01
5.499000000000000554e+00,3.347011847230056958e-01
5.500000000000000000e+00,3.634925604458704718e-01
5.501000000000000334e+00,4.166676765235983737e-01
5.501999999999999780e+00,4.831894501145156395e-01
5.503000000000000114e+00,4.849814230435745555e-01
5.504000000000000448e+00,5.228625560288471252e-01
5.504999999999999893e+00,5.303237632593118533e-01
5.506000000000000227e+00,4.789411738952564224e-01
5.506999999999999673e+00,4.449951477898363428e-01
5.508000000000000007e+00,4.450365547157691948e-01
5.509000000000000341e+00,4.595938270140402238e-01
5.509999999999999787e+00,4.595506994620620067e-01
5.511000000000000121e+00,3.796597659991429174e-01
5.512000000000000455e+00,3.672378097378233841e-01
5.512999999999999901e+00,3.330143281115570675e-01
5.514000000000000234e+00,3.451528233977232962e-01
5.514999999999999680e+00,3.250423166379866613e-01
5.516000000000000014e+00,3.569950164827007111e-01
5.517000000000000348e+00,3.562155944517435557e-01
5.517999999999999794e+00,3.955458467357724772e-01
5.519000000000000128e+00,4.059860468594413407e-01
5.520000000000000462e+00,4.640041545298931314e-01
5.520999999999999908e+00,4.889809360193546062e-01
5.522000000000000242e+00,4.928691605390724262e-01
5.522999999999999687e+00,5.392929014849610070e-01
5.524000000000000021e+00,5.543736817826090402e-01
5.525000000000000355e+00,5.538701531008251022e-01
5.525999999999999801e+00,5.581316542904236622e-01
5.527000000000000135e+00,5.124510112721754052e-01
5.528000000000000469e+00,4.944757699910443116e-01
5.528999999999999915e+00,5.334699087233714110e-01
5.530000000000000249e+00,4.261963971056412781e-01
5.530999999999999694e+00,3.903491452054417832e-01
5.532000000000000028e+00,4.080926786224458036e-01
5.533000000000000362e+00,4.182268447345811602e-01
5.533999999999999808e+00,3.935814934864432235e-01
5.535000000000000142e+00,3.948839697623517386e-01
5.536000000000000476e+00,3.905055380456608494e-01
5.536999999999999922e+00,4.097216017993764448e-01
5.538000000000000256e+00,4.372795344518501381e-01
5.538999999999999702e+00,4.659424405423088222e-01
5.540000000000000036e+00,4.681900516421986791e-01
5.541000000000000369e+00,5.265365331520723835e-01
5.541999999999999815e+00,5.215192295657367083e-01
5.543000000000000149e+00,5.882597985288942066e-01
5.544000000000000483e+00,5.910555285540696202e-01
5.544999999999999929e+00,5.431564162097023418e-01
5.546000000000000263e+00,6.098054425379477728e-01
5.546999999999999709e+00,5.518559425744984370e-01
5.548000000000000043e+00,5.420543105540069906e-01
5.549000000000000377e+00,4.765094782770090687e-01
5.549999999999999822e+00,4.779842911313944565e-01
5.551000000000000156e+00,4.502514865565249158e-01
5.552000000000000490e+00,4.186757244120255517e-01
5.552999999999999936e+00,3.942705775190087358e-01
5.554000000000000270e+00,4.205183373108375422e-01
5.554999999999999716e+00,4.082093913957988152e-01
5.556000000000000050e+00,3.959542713710781925e-01
5.557000000000000384e+00,4.224750000780773673e-01
5.557999999999999829e+00,4.433642252786862414e-01
5.559000000000000163e+00,4.373123443611274253e-01
5.560000000000000497e+00,4.796816059490260353e-01
5.560999999999999943e+00,5.146212738592964575e-01
5.562000000000000277e+00,5.500112036244141356e-01
5.562999999999999723e+00,5.936000910865415481e-01
5.564000000000000057e+00,6.380278748340016959e-01
5.565000000000000391e+00,6.086038652422781636e-01
5.565999999999999837e+00,5.842921661731533822e-01
5.567000000000000171e+00,5.422751666548835114e-01
5.568000000000000504e+00,5.953926493124616082e-01
5.568999999999999950e+00,5.141794881010518514e-01
5.570000000000000284e+00,5.359537925978399286e-01
5.570999999999999730e+00,4.605498775217041763e-01
5.572000000000000064e+00,4.507856532634296753e-01
5.573000000000000398e+00,4.001406163403170013e-01
5.573999999999999844e+00,3.811570790802719655e-01
5.575000000000000178e+00,4.118286786192847382e-01
5.576000000000000512e+00,4.126369092038219000e-01
5.576999999999999957e+00,4.222804009423464788e-01
5.578000000000000291e+00,4.560943370026693255e-01
5.578999999999999737e+00,4.850580260056676085e-01
5.580000000000000071e+00,5.087550820511617111e-01
5.581000000000000405e+00,5.316081399297497567e-01
5.581999999999999851e+00,5.659765104953241588e-01
5.583000000000000185e+00,5.690569513477203856e-01
5.584000000000000519e+00,5.956652871587417852e-01
5.584999999999999964e+00,5.813990021231633110e-01
5.586000000000000298e+00,6.304735025227816703e-01
5.586999999999999744e+00,5.709558122287701210e-01
5.588000000000000078e+00,5.761303102999912884e-01
5.589000000000000412e+00,5.276676571570436680e-01
5.589999999999999858e+00,4.682799317031494102e-01
5.591000000000000192e+00,4.788206044807779560e-01
5.592000000000000526e+00,4.505222175189191880e-01
5.592999999999999972e+00,4.020765109726031072e-01
5.594000000000000306e+00,4.501926785376087481e-01
5.594999999999999751e+00,4.235937598786713165e-01
5.596000000000000085e+00,4.144519020257917408e-01
5.597000000000000419e+00,3.946821162519382198e-01
5.597999999999999865e+00,4.160109205673070409e-01
5.599000000000000199e+00,4.554523839318248002e-01
5.600000000000000533e+00,5.245719198764824398e-01
5.600999999999999979e+00,5.086795570935304101e-01
5.602000000000000313e+00,5.460647150011592732e-01
5.602999999999999758e+00,5.360357555591283019e-01
5.604000000000000092e+00,5.959157228808830142e-01
5.605000000000000426e+00,5.700640588994210223e-01
5.605999999999999872e+00,5.952276313836399879e-01
5.607000000000000206e+00,5.513350724133982972e-01
5.608000000000000540e+00,5.384841720956342614e-01
5.608999999999999986e+00,4.636044421009140049e-01
5.610000000000000320e+00,5.050885552129558143e-01
5.610999999999999766e+00,4.547568703158586523e-01
5.612000000000000099e+00,4.464353799321178484e-01
5.613000000000000433e+00,3.867746536881667141e-01
5.613999999999999879e+00,3.841756110515343603e-01
5.615000000000000213e+00,3.861694166515460269e-01
5.616000000000000547e+00,3.873047547229361842e-01
5.616999999999999993e+00,4.011401360902604463e-01
5.618000000000000327e+00,4.221338228038982177e-01
5.618999999999999773e+00,4.297780615876188315e-01
5.620000000000000107e+00,4.590559896922928318e-01
5.621000000000000441e+00,5.093327744207187813e-01
5.621999999999999886e+00,5.118116024229798500e-01
5.623000000000000220e+00,5.698065915679750848e-01
5.624000000000000554e+00,5.794078219024922927e-01
5.625000000000000000e+00,5.637330419102376533e-01
5.626000000000000334e+00,5.523445498944095089e-01
5.626999999999999780e+00,5.032246166336526993e-01
5.628000000000000114e+00,5.208687415170041302e-01
5.629000000000000448e+00,4.775310939716219116e-01
5.629999999999999893e+00,4.586110957453889969e-01
5.631000000000000227e+00,4.366199802404677199e-01
5.631999999999999673e+00,3.482681212326055320e-01
5.633000000000000007e+00,3.870438846387153631e-01
5.634000000000000341e+00,3.497492623952682678e-01
5.634999999999999787e+00,3.239184975425963842e-01
5.636000000000000121e+00,3.236979419686654702e-01
5.637000000000000455e+00,3.306609000564371681e-01
5.637999999999999901e+00,3.695448184308528505e-01
5.639000000000000234e+00,3.876219132383664223e-01
5.639999999999999680e+00,4.343544830494401876e-01
5.641000000000000014e+00,4.438210540420716721e-01
5.642000000000000348e+00,4.803731214722849474e-01
5.642999999999999794e+00,5.151770931981297652e-01
5.644000000000000128e+00,5.060589457465290986e-01
5.645000000000000462e+00,4.810470489926120807e-01
5.645999999999999908e+00,5.187980816581897470e-01
5.647000000000000242e+00,4.824103759598580288e-01
5.647999999999999687e+00,4.868970149275009263e-01
5.649000000000000021e+00,4.537997774793237071e-01
5.650000000000000355e+00,4.405264289100709885e-01
5.650999999999999801e+00,3.664124334147870199e-01
5.652000000000000135e+00,3.701862584428378122e-01
5.653000000000000469e+00,3.627515842248575373e-01
5.653999999999999915e+00,3.094483349218689616e-01
5.655000000000000249e+00,2.975991326701948880e-01
5.655999999999999694e+00,2.938300203287129708e-01
5.657000000000000028e+00,3.409409747582209937e-01
5.658000000000000362e+00,3.104595444646736091e-01
5.658999999999999808e+00,3.439782850766443523e-01
5.660000000000000142e+00,3.669766968708713661e-01
5.661000000000000476e+00,4.182375360748898374e-01
5.661999999999999922e+00,4.387086559157348242e-01
5.663000000000000256e+00,4.641968319740107374e-01
5.663999999999999702e+00,4.851805789393515145e-01
5.665000000000000036e+00,4.873243850499469065e-01
5.666000000000000369e+00,4.369369588628278511e-01
5.666999999999999815e+00,4.596224720665555430e-01
5.668000000000000149e+00,4.212375635601888213e-01
5.669000000000000483e+00,3.598400659793247192e-01
5.669999999999999929e+00,3.560595500812369640e-01
5.671000000000000263e+00,3.196310291087952615e-01
5.671999999999999709e+00,2.833285747995706871e-01
5.673000000000000043e+00,2.788313417614877165e-01
5.674000000000000377e+00,2.291336364856619290e-01
5.674999999999999822e+00,2.395635165865299954e-01
5.676000000000000156e+00,2.236645911556673916e-01
5.677000000000000490e+00,2.730665282759596746e-01
5.677999999999999936e+00,3.021944813735335522e-01
5.679000000000000270e+00,2.991564138379783633e-01
5.679999999999999716e+00,3.518394968452294158e-01
5.681000000000000050e+00,3.672673096826979955e-01
5.682000000000000384e+00,3.908912964115273114e-01
5.682999999999999829e+00,3.799919019731801129e-01
5.684000000000000163e+00,4.093086450652378971e-01
5.685000000000000497e+00,4.262965164696491671e-01
5.685999999999999943e+00,4.079695789989466470e-01
5.687000000000000277e+00,3.550094439311937133e-01
5.687999999999999723e+00,3.798893739976196282e-01
5.689000000000000057e+00,3.226928376155180911e-01
5.690000000000000391e+00,3.218814170886950543e-01
5.690999999999999837e+00,3.067476728954423026e-01
5.692000000000000171e+00,2.474722839595955015e-01
5.693000000000000504e+00,1.988525189885090305e-01
5.693999999999999950e+00,2.189641336111126102e-01
5.695000000000000284e+00,1.910789863855027748e-01
5.695999999999999730e+00,1.765366387286023409e-01
5.697000000000000064e+00,1.575426844632549506e-01
5.698000000000000398e+00,1.809034457299970311e-01
5.698999999999999844e+00,2.275032272650418796e-01
5.700000000000000178e+00,2.795944627235851798e-01
5.701000000000000512e+00,3.284641424900733297e-01
5.701999999999999957e+00,3.411036281615056343e-01
5.703000000000000291e+00,3.077432058400199621e-01
5.703999999999999737e+00,3.852881393808444965e-01
5.705000000000000071e+00,3.316359298106718034e-01
5.706000000000000405e+00,3.653991735347474346e-01
5.706999999999999851e+00,3.243016875151325529e-01
5.708000000000000185e+00,2.881292471660653054e-01
5.709000000000000519e+00,2.632014967157834673e-01
5.709999999999999964e+00,2.079374216729090730e-01
5.711000000000000298e+00,1.872347250110509287e-01
5.711999999999999744e+00,1.598888140915832867e-01
5.713000000000000078e+00,1.612818635798135558e-01
5.714000000000000412e+00,1.398400440814100421e-01
5.714999999999999858e+00,1.720018184819474272e-01
5.716000000000000192e+00,1.195598959112649240e-01
5.717000000000000526e+00,1.158982814064100919e-01
5.717999999999999972e+00,1.405642529031305155e-01
5.719000000000000306e+00,1.817440165607728808e-01
5.719999999999999751e+00,1.659804086207239127e-01
5.721000000000000085e+00,2.207171084118837445e-01
5.722000000000000419e+00,2.521209553753238075e-01
5.722999999999999865e+00,2.565012724430517088e-01
5.724000000000000199e+00,2.740748816416422873e-01
5.725000000000000533e+00,2.966107727563352947e-01
5.725999999999999979e+00,2.482978223560621256e-01
5.727000000000000313e+00,2.427204401533404332e-01
5.727999999999999758e+00,2.456482751827731292e-01
5.729000000000000092e+00,1.892544000723433428e-01
5.730000000000000426e+00,1.712032420439465463e-01
5.730999999999999872e+00,1.371647894619552333e-01
5.732000000000000206e+00,9.255803612842705697e-02
5.733000000000000540e+00,7.636395384150077015e-02
5.733999999999999986e+00,3.832189408349852278e-02
5.735000000000000320e+00,2.406092445840410377e-02
5.735999999999999766e+00,3.747235066676096737e-02
5.737000000000000099e+00,4.905454923322116745e-02
5.738000000000000433e+00,7.207167409017342652e-02
5.738999999999999879e+00,9.619460770983839781e-02
5.740000000000000213e+00,9.083901829861602828e-02
5.741000000000000547e+00,1.439779390850534635e-01
5.741999999999999993e+00,1.688777073745465762e-01
5.743000000000000327e+00,1.951260046187803243e-01
5.743999999999999773e+00,1.702958223370334978e-01
5.745000000000000107e+00,1.946169186166871179e-01
5.746000000000000441e+00,2.001585386980539172e-01
5.746999999999999886e+00,1.893971711051938844e-01
5.748000000000000220e+00,9.872657188729673516e-02
5.749000000000000554e+00,1.229806324241162624e-01
5.750000000000000000e+00,6.226402890008881502e-02
5.751000000000000334e+00,6.630825273750279303e-02
5.751999999999999780e+00,2.957074399769292483e-02
5.753000000000000114e+00,-5.018270524914188180e-02
5.754000000000000448e+00,-3.856303323570201697e-02
5.754999999999999893e+00,-7.954379547070369871e-02
5.756000000000000227e+00,-4.535227262601498194e-02
5.757000000000000561e+00,-4.764339628774004465e-02
5.758000000000000007e+00,-8.214465325389518069e-03
5.759000000000000341e+00,7.327700702719042170e-03
5.759999999999999787e+00,4.855218209091412274e-02
5.761000000000000121e+00,3.745237471564366594e-02
5.762000000000000455e+00,6.912013273177788908e-02
5.762999999999999901e+00,1.399757966677906973e-01
5.764000000000000234e+00,1.134157703310927218e-01
5.764999999999999680e+00,1.562633778700653342e-01
5.766000000000000014e+00,8.636900051984623683e-02
5.767000000000000348e+00,1.048116142392322564e-01
5.767999999999999794e+00,7.819289951452257359e-02
5.769000000000000128e+00,2.921803784144483274e-02
5.770000000000000462e+00,-4.583938241257189822e-02
5.770999999999999908e+00,-5.567968520236932228e-02
5.772000000000000242e+00,-6.092342416840725722e-02
5.772999999999999687e+00,-1.086214588986909313e-01
5.774000000000000021e+00,-1.374467331251571223e-01
5.775000000000000355e+00,-1.203003929592652704e-01
5.775999999999999801e+00,-1.475479135036326939e-01
5.777000000000000135e+00,-1.516728206662775191e-01
5.778000000000000469e+00,-1.238865993381833008e-01
5.778999999999999915e+00,-8.201097347030519846e-02
5.780000000000000249e+00,-2.956950514501149180e-02
5.780999999999999694e+00,-3.474610830411091478e-02
5.782000000000000028e+00,2.797124592923035113e-02
5.783000000000000362e+00,4.142960792024150130e-02
5.783999999999999808e+00,-1.103842696490195396e-02
5.785000000000000142e+00,-3.144875057784823902e-03
5.786000000000000476e+00,5.284496926285785212e-02
5.786999999999999922e+00,3.590328901015168994e-03
5.788000000000000256e+00,-4.329843767632873819e-02
5.788999999999999702e+00,-6.066593846547503610e-02
5.790000000000000036e+00,-9.277712714525551685e-02
5.791000000000000369e+00,-1.301988292124452717e-01
5.791999999999999815e+00,-1.610883631849111264e-01
5.793000000000000149e+00,-1.813442505959872442e-01
5.794000000000000483e+00,-1.882256154627011124e-01
5.794999999999999929e+00,-2.185542178524180201e-01
5.796000000000000263e+00,-2.489344846066082195e-01
5.796999999999999709e+00,-1.824091258357947720e-01
5.798000000000000043e+00,-1.797144263547659770e-01
5.799000000000000377e+00,-1.587746575194166065e-01
5.799999999999999822e+00,-1.114636800411144130e-01
5.801000000000000156e+00,-8.271659488863716825e-02
5.802000000000000490e+00,-1.883390453513882068e-02
5.802999999999999936e+00,-3.670451801807113335e-02
5.804000000000000270e+00,-4.415178426723795346e-02
5.804999999999999716e+00,-6.543074644716745381e-02
5.806000000000000050e+00,-3.744882613360385470e-02
5.807000000000000384e+00,-5.943520934568564951e-02
5.807999999999999829e+00,-9.803931138794683142e-02
5.809000000000000163e+00,-1.812192946707592567e-01
5.810000000000000497e+00,-1.639619251844382231e-01
5.810999999999999943e+00,-2.137306533152537047e-01
5.812000000000000277e+00,-2.178548811268999352e-01
5.812999999999999723e+00,-2.674931297911822270e-01
5.814000000000000057e+00,-2.463088467676740612e-01
5.815000000000000391e+00,-2.631678617537205889e-01
5.815999999999999837e+00,-2.674295161271087462e-01
5.817000000000000171e+00,-2.869771734371693861e-01
5.818000000000000504e+00,-2.536346669593627090e-01
5.818999999999999950e+00,-1.894528022863163352e-01
5.820000000000000284e+00,-1.748080760066935968e-01
5.820999999999999730e+00,-1.573876924415338885e-01
5.822000000000000064e+00,-1.288903006131698337e-01
5.823000000000000398e+00,-1.574859101828477992e-01
5.823999999999999844e+00,-1.306926573934816815e-01
5.825000000000000178e+00,-1.366542107470606893e-01
5.826000000000000512e+00,-1.378106781785398416e-01
5.826999999999999957e+00,-1.128971346840138001e-01
5.828000000000000291e+00,-1.650877612552581197e-01
5.828999999999999737e+00,-2.267928768305018938e-01
5.830000000000000071e+00,-2.276255552442573160e-01
5.831000000000000405e+00,-3.000296304123086233e-01
5.831999999999999851e+00,6.854299720565603105e-01
5.833000000000000185e+00,-1.682478890287533724e-02
5.834000000000000519e+00,-8.737165639419306462e-01
5.834999999999999964e+00,-3.413973141613107498e-01
5.836000000000000298e+00,-3.580251868183351727e-01
5.836999999999999744e+00,-3.513751555581426933e-01
5.838000000000000078e+00,-3.231412151700615576e-01
5.839000000000000412e+00,-3.114869215907468680e-01
5.839999999999999858e+00,-2.931159369582476137e-01
5.841000000000000192e+00,-2.184646346250918580e-01
5.842000000000000526e+00,-2.041437711468887528e-01
5.842999999999999972e+00,-2.203161872204574268e-01
5.844000000000000306e+00,-1.881385331831211261e-01
5.844999999999999751e+00,-1.946744240953879601e-01
5.846000000000000085e+00,-2.308935718808885484e-01
5.847000000000000419e+00,-2.095299562342405331e-01
5.847999999999999865e+00,-2.312072651169405080e-01
5.849000000000000199e+00,-2.860281738729995027e-01
5.850000000000000533e+00,-3.044265693737012723e-01
5.850999999999999979e+00,-3.586251836382418623e-01
5.852000000000000313e+00,-3.506899597444133598e-01
5.852999999999999758e+00,-3.764647352315885764e-01
5.854000000000000092e+00,-4.408692933321739504e-01
5.855000000000000426e+00,-4.368371660760680397e-01
5.855999999999999872e+00,-4.204215745087597211e-01
5.857000000000000206e+00,-3.787779683729258218e-01
5.858000000000000540e+00,-3.870717898192306272e-01
5.858999999999999986e+00,-3.573647031277456532e-01
5.860000000000000320e+00,-3.425749933364041211e-01
5.860999999999999766e+00,-3.243897961515858075e-01
5.862000000000000099e+00,-3.065689804140518393e-01
5.863000000000000433e+00,-2.429517189306469316e-01
5.863999999999999879e+00,-2.434446547985626430e-01
5.865000000000000213e+00,-2.498550933025621423e-01
5.866000000000000547e+00,-2.816597193243127739e-01
5.866999999999999993e+00,-2.721347622504685648e-01
5.868000000000000327e+00,-2.978212114127633536e-01
5.868999999999999773e+00,-3.143616531019207683e-01
5.870000000000000107e+00,-3.381545919216470408e-01
5.871000000000000441e+00,-3.839081806875985770e-01
5.871999999999999886e+00,-4.584514036073213950e-01
5.873000000000000220e+00,-4.563799255005861477e-01
5.874000000000000554e+00,-4.543533930796822551e-01
5.875000000000000000e+00,-4.908114289980175515e-01
5.876000000000000334e+00,-4.352714783864269354e-01
5.876999999999999780e+00,-4.334823091055863276e-01
5.878000000000000114e+00,-4.566066684637815065e-01
5.879000000000000448e+00,-4.506143567292013041e-01
5.879999999999999893e+00,-4.357704760306979064e-01
5.881000000000000227e+00,-3.472286246645925334e-01
5.882000000000000561e+00,-3.313232553857876628e-01
5.883000000000000007e+00,-2.874398496366148970e-01
5.884000000000000341e+00,-3.058478056547686563e-01
5.884999999999999787e+00,-3.238862598838441187e-01
5.886000000000000121e+00,-2.976272417706216644e-01
5.887000000000000455e+00,-3.196313480605049162e-01
5.887999999999999901e+00,-3.628972481599777589e-01
5.889000000000000234e+00,-3.982853128187870406e-01
5.889999999999999680e+00,-3.944445733563203271e-01
5.891000000000000014e+00,-4.261365517475438347e-01
5.892000000000000348e+00,-4.619438489760254729e-01
5.892999999999999794e+00,-5.233161393445399101e-01
5.894000000000000128e+00,-5.115077943874635213e-01
5.895000000000000462e+00,-5.038779807521521770e-01
5.895999999999999908e+00,-5.390271375763702189e-01
5.897000000000000242e+00,-5.330858187834761619e-01
5.897999999999999687e+00,-5.142248643617330917e-01
5.899000000000000021e+00,-4.723973475711499281e-01
5.900000000000000355e+00,-4.679857191467621247e-01
5.900999999999999801e+00,-4.294900506821112685e-01
5.902000000000000135e+00,-3.697884815117125079e-01
5.903000000000000469e+00,-3.916126198949642645e-01
5.903999999999999915e+00,-3.562155255918855734e-01
5.905000000000000249e+00,-3.292464544576239049e-01
5.905999999999999694e+00,-3.321459920429332136e-01
5.907000000000000028e+00,-3.701850914147976623e-01
5.908000000000000362e+00,-4.141849742197161177e-01
5.908999999999999808e+00,-4.489171091819257331e-01
5.910000000000000142e+00,-4.941570027079509875e-01
5.911000000000000476e+00,-4.652994890719495680e-01
5.911999999999999922e+00,-5.242367443622969470e-01
5.913000000000000256e+00,-5.401254924434367721e-01
5.913999999999999702e+00,-5.306591029251884750e-01
5.915000000000000036e+00,-6.012230211212440389e-01
5.916000000000000369e+00,-5.571013005941148899e-01
5.916999999999999815e+00,-5.658288632856767197e-01
5.918000000000000149e+00,-5.348282131998883804e-01
5.919000000000000483e+00,-4.654892307201858870e-01
5.919999999999999929e+00,-4.847369681639945305e-01
5.921000000000000263e+00,-4.512643821921028531e-01
5.921999999999999709e+00,-4.048266112788854176e-01
5.923000000000000043e+00,-4.317385076946079203e-01
5.924000000000000377e+00,-3.624405004865234314e-01
5.924999999999999822e+00,-3.778557282968634246e-01
5.926000000000000156e+00,-4.047228672630983626e-01
5.927000000000000490e+00,-3.809322532793457117e-01
5.927999999999999936e+00,-4.519822900044265790e-01
5.929000000000000270e+00,-4.516110172863809225e-01
5.929999999999999716e+00,-4.795435440569832397e-01
5.931000000000000050e+00,-4.808346657151399972e-01
5.932000000000000384e+00,-5.756644568126952910e-01
5.932999999999999829e+00,-5.657869089442874033e-01
5.934000000000000163e+00,-5.765344799115754704e-01
5.935000000000000497e+00,-5.837671781598310350e-01
5.935999999999999943e+00,-5.841182169310787931e-01
5.937000000000000277e+00,-5.746947268585728130e-01
5.937999999999999723e+00,-5.310396886444462838e-01
5.939000000000000057e+00,-5.182931504719303639e-01
5.940000000000000391e+00,-4.449961188259153322e-01
5.940999999999999837e+00,-4.677922635721429856e-01
5.942000000000000171e+00,-4.603352867615181920e-01
5.943000000000000504e+00,-4.017060314708127966e-01
5.943999999999999950e+00,-3.620987524883239050e-01
5.945000000000000284e+00,-4.206170288740014307e-01
5.945999999999999730e+00,-4.016805570265059022e-01
5.947000000000000064e+00,-4.040446123143431323e-01
5.948000000000000398e+00,-4.112289362464555675e-01
5.948999999999999844e+00,-4.662496893227242034e-01
5.950000000000000178e+00,-4.825329187704253120e-01
5.951000000000000512e+00,-5.207297908422799937e-01
5.951999999999999957e+00,-5.528261648624899216e-01
5.953000000000000291e+00,-5.674713223299230336e-01
5.953999999999999737e+00,-6.159273167394493376e-01
5.955000000000000071e+00,-5.957427499247660574e-01
5.956000000000000405e+00,-6.113582331407275694e-01
5.956999999999999851e+00,-5.577368693005013700e-01
5.958000000000000185e+00,-5.432473374935090638e-01
5.959000000000000519e+00,-5.132897277574067774e-01
5.959999999999999964e+00,-5.004746442650040983e-01
5.961000000000000298e+00,-4.349551328120903060e-01
5.961999999999999744e+00,-4.884467852833681567e-01
5.963000000000000078e+00,-4.271129938021349659e-01
5.964000000000000412e+00,-4.586481611393515845e-01
5.964999999999999858e+00,-4.215240785669274182e-01
5.966000000000000192e+00,-4.115192102633341564e-01
5.967000000000000526e+00,-4.090422299899942882e-01
5.967999999999999972e+00,-4.530591007205854170e-01
5.969000000000000306e+00,-4.666789012860815267e-01
5.969999999999999751e+00,-4.770970037377238460e-01
5.971000000000000085e+00,-5.329708912202030247e-01
5.972000000000000419e+00,-5.579908828177689850e-01
5.972999999999999865e+00,-5.926447319400325320e-01
5.974000000000000199e+00,-5.888425749581762680e-01
5.975000000000000533e+00,-5.593365531029621529e-01
5.975999999999999979e+00,-6.059666003585123528e-01
5.977000000000000313e+00,-6.118571821090091900e-01
5.977999999999999758e+00,-5.574469309162825015e-01
5.979000000000000092e+00,-5.156349858289758226e-01
5.980000000000000426e+00,-5.204615481838353874e-01
5.980999999999999872e+00,-4.557395643938850216e-01
5.982000000000000206e+00,-4.431209662070434430e-01
5.983000000000000540e+00,-4.011318194138536186e-01
5.983999999999999986e+00,-3.812930599025575740e-01
5.985000000000000320e+00,-3.974023442661090977e-01
5.985999999999999766e+00,-3.743347165990040248e-01
5.987000000000000099e+00,-3.613530903935084915e-01
5.988000000000000433e+00,-3.828831820737382818e-01
5.988999999999999879e+00,-4.872046024457183933e-01
5.990000000000000213e+00,-4.894484072415624665e-01
5.991000000000000547e+00,-4.947011904829987095e-01
5.991999999999999993e+00,-5.197684785040563860e-01
5.993000000000000327e+00,-5.370145623374340538e-01
5.993999999999999773e+00,-5.823441518047390852e-01
5.995000000000000107e+00,-6.124581635871794161e-01
5.996000000000000441e+00,-5.783670708826692541e-01
5.996999999999999886e+00,-6.028463152570306960e-01
5.998000000000000220e+00,-5.211432684162315976e-01
5.999000000000000554e+00,-5.183170720798033759e-01
6.000000000000000000e+00,-4.649104873370445423e-01
6.001000000000000334e+00,-4.309549512740460941e-01
6.001999999999999780e+00,-4.000137316332657011e-01
6.003000000000000114e+00,-3.471446521732779456e-01
6.004000000000000448e+00,-4.111881834454471640e-01
6.004999999999999893e+00,-3.742334793588539821e-01
6.006000000000000227e+00,-3.706446478846256443e-01
6.007000000000000561e+00,-3.826235875244451412e-01
6.008000000000000007e+00,-4.078914618050547003e-01
6.009000000000000341e+00,-4.437092722411059009e-01
6.009999999999999787e+00,-4.303763101516765999e-01
6.011000000000000121e+00,-4.962226007387726678e-01
6.012000000000000455e+00,-4.975269716875532766e-01
6.012999999999999901e+00,-5.072095486503525041e-01
6.014000000000000234e+00,-5.432342241630393476e-01
6.015000000000000568e+00,-5.651023247762044788e-01
6.016000000000000014e+00,-5.520042089098041727e-01
6.017000000000000348e+00,-5.335981657918031917e-01
6.017999999999999794e+00,-5.020540452990598368e-01
6.019000000000000128e+00,-4.547299769722555896e-01
6.020000000000000462e+00,-4.449452213721765137e-01
6.020999999999999908e+00,-4.106116988727033790e-01
6.022000000000000242e+00,-3.480446449162753475e-01
6.022999999999999687e+00,-3.560304738407097380e-01
6.024000000000000021e+00,-3.219345632582911731e-01
6.025000000000000355e+00,-3.091336626531998588e-01
6.025999999999999801e+00,-3.478988458202876277e-01
6.027000000000000135e+00,-3.262616514861166883e-01
6.028000000000000469e+00,-3.489994507808302782e-01
6.028999999999999915e+00,-4.310128233453890956e-01
6.030000000000000249e+00,-3.936125948796613261e-01
6.030999999999999694e+00,-4.474751102657877344e-01
6.032000000000000028e+00,-4.589709470671843317e-01
6.033000000000000362e+00,-4.855914285953311649e-01
6.033999999999999808e+00,-5.397742513513046347e-01
6.035000000000000142e+00,-4.820389873987624973e-01
6.036000000000000476e+00,-4.758440700200347595e-01
6.036999999999999922e+00,-4.827320034984695640e-01
6.038000000000000256e+00,-4.404006323566815873e-01
6.038999999999999702e+00,-4.019107744202778387e-01
6.040000000000000036e+00,-3.835492084509758426e-01
6.041000000000000369e+00,-3.480919584011525347e-01
6.041999999999999815e+00,-3.329256751847016749e-01
6.043000000000000149e+00,-3.067478539279259175e-01
6.044000000000000483e+00,-3.208754137554931662e-01
6.044999999999999929e+00,-3.048919109692261875e-01
6.046000000000000263e+00,-2.789356809335957199e-01
6.046999999999999709e+00,-3.041508631224407733e-01
6.048000000000000043e+00,-3.078673950366566658e-01
6.049000000000000377e+00,-3.554688969974692525e-01
6.049999999999999822e+00,-3.692364893120879121e-01
6.051000000000000156e+00,-4.035380934085298077e-01
6.052000000000000490e+00,-4.173168905383571325e-01
6.052999999999999936e+00,-4.353553689158786155e-01
6.054000000000000270e+00,-4.622186115938790030e-01
6.054999999999999716e+00,-4.644549952447062369e-01
6.056000000000000050e+00,-4.270677367995740492e-01
6.057000000000000384e+00,-4.619420326501170182e-01
6.057999999999999829e+00,-4.132278142428141843e-01
6.059000000000000163e+00,-3.582044271515876788e-01
6.060000000000000497e+00,-3.595538010574365617e-01
6.060999999999999943e+00,-3.064294040701516231e-01
6.062000000000000277e+00,-3.094017806279235616e-01
6.062999999999999723e+00,-2.853313583838675283e-01
6.064000000000000057e+00,-2.548154927780001966e-01
6.065000000000000391e+00,-2.381289185300029809e-01
6.065999999999999837e+00,-2.487528939828360097e-01
6.067000000000000171e+00,-2.289605542498882040e-01
6.068000000000000504e+00,-2.822065107315158694e-01
6.068999999999999950e+00,-2.576055829360506255e-01
6.070000000000000284e+00,-2.903886021807455253e-01
6.070999999999999730e+00,-3.453978749551755989e-01
6.072000000000000064e+00,-3.802989664230534972e-01
6.073000000000000398e+00,-3.695984899067561447e-01
6.073999999999999844e+00,-3.806817850516214241e-01
6.075000000000000178e+00,-3.839774276703284972e-01
6.076000000000000512e+00,-4.028669752027775330e-01
6.076999999999999957e+00,-3.437250329830956463e-01
6.078000000000000291e+00,-3.674488942868595065e-01
6.078999999999999737e+00,-3.504262487670329329e-01
6.080000000000000071e+00,-2.582802282709530384e-01
6.081000000000000405e+00,-2.688333225744007904e-01
6.081999999999999851e+00,-2.151760722984546459e-01
6.083000000000000185e+00,-1.854248188404747921e-01
6.084000000000000519e+00,-1.661217082756953345e-01
6.084999999999999964e+00,-1.041897650436292844e-01
6.086000000000000298e+00,-1.611343531967951159e-01
6.086999999999999744e+00,-1.774517824478140382e-01
6.088000000000000078e+00,-1.749740965656085556e-01
6.089000000000000412e+00,-2.407675192189679958e-01
6.089999999999999858e+00,-2.389948162137531806e-01
6.091000000000000192e+00,-2.669005402067428645e-01
6.092000000000000526e+00,-3.176260566594520385e-01
6.092999999999999972e+00,-3.091280434050994175e-01
6.094000000000000306e+00,-3.285489542161114662e-01
6.094999999999999751e+00,-3.493415588719427367e-01
6.096000000000000085e+00,-3.332771764717733509e-01
6.097000000000000419e+00,-3.051699422013644525e-01
6.097999999999999865e+00,-2.823793759670467640e-01
6.099000000000000199e+00,-2.548698458478424467e-01
6.100000000000000533e+00,-2.385219676303916847e-01
6.100999999999999979e+00,-2.033657396137566187e-01
6.102000000000000313e+00,-1.330159622211356529e-01
6.102999999999999758e+00,-1.345703061287381319e-01
6.104000000000000092e+00,-1.214008002241211137e-01
6.105000000000000426e+00,-8.074942226028755665e-02
6.105999999999999872e+00,-7.577220821907876269e-02
6.107000000000000206e+00,-9.649765028381702969e-02
6.108000000000000540e+00,-1.249004948435246953e-01
6.108999999999999986e+00,-1.464708067247449397e-01
6.110000000000000320e+00,-1.790526361322023752e-01
6.110999999999999766e+00,-2.185005315859464559e-01
6.112000000000000099e+00,-2.216097761835203739e-01
6.113000000000000433e+00,-2.783602449412705404e-01
6.113999999999999879e+00,-2.536530532303808982e-01
6.115000000000000213e+00,-2.671506645472897512e-01
6.116000000000000547e+00,-2.731518632907190547e-01
6.116999999999999993e+00,-2.472212315517335335e-01
6.118000000000000327e+00,-1.945705242549791159e-01
6.118999999999999773e+00,-2.020028932651732889e-01
6.120000000000000107e+00,-1.436201032197948479e-01
6.121000000000000441e+00,-1.016429456983816426e-01
6.121999999999999886e+00,-8.783884765881910806e-02
6.123000000000000220e+00,-2.496775716486566987e-02
6.124000000000000554e+00,-3.355163075192976740e-02
6.125000000000000000e+00,4.018298787669682959e-03
6.126000000000000334e+00,2.481071691489838971e-04
6.126999999999999780e+00,-3.315397792952883005e-02
6.128000000000000114e+00,-4.315780870237097278e-02
6.129000000000000448e+00,-1.028343577872154191e-01
6.129999999999999893e+00,-7.707740254548854641e-02
6.131000000000000227e+00,-1.476443546072664370e-01
6.132000000000000561e+00,-1.441567403708076678e-01
6.133000000000000007e+00,-1.782438055972527802e-01
6.134000000000000341e+00,-1.776252819981942455e-01
6.134999999999999787e+00,-1.549744341883044219e-01
6.136000000000000121e+00,-1.577190729225022570e-01
6.137000000000000455e+00,-1.523664269711899055e-01
6.137999999999999901e+00,-1.250343769499475677e-01
6.139000000000000234e+00,-4.092890522749829951e-02
6.140000000000000568e+00,-8.842994058241697430e-02
6.141000000000000014e+00,-2.151318858788990596e-02
6.142000000000000348e+00,3.412989570313144927e-02
6.142999999999999794e+00,2.036439449382131811e-02
6.144000000000000128e+00,5.223773045619109490e-02
6.145000000000000462e+00,3.686761975438293537e-02
6.145999999999999908e+00,2.070250244357435543e-02
6.147000000000000242e+00,2.885557044845854513e-02
6.147999999999999687e+00,8.901737730605097099e-03
6.149000000000000021e+00,1.801288415463721260e-02
6.150000000000000355e+00,-2.376491605632365112e-02
6.150999999999999801e+00,-3.600115027231198112e-02
6.152000000000000135e+00,-2.531525614648043321e-02
6.153000000000000469e+00,-6.544036805011982372e-02
6.153999999999999915e+00,-8.129251097702835938e-02
6.155000000000000249e+00,-1.205860105037636354e-01
6.155999999999999694e+00,-9.789030051324019988e-02
6.157000000000000028e+00,-6.592975965666286742e-02
6.158000000000000362e+00,-3.281337658354440551e-02
6.158999999999999808e+00,-1.213058716304590834e-02
6.160000000000000142e+00,1.838588442981921312e-02
6.161000000000000476e+00,6.925256715053708378e-02
6.161999999999999922e+00,8.517859105493585936e-02
6.163000000000000256e+00,1.111228870441258593e-01
6.163999999999999702e+00,1.560552919446460962e-01
6.165000000000000036e+00,9.139881319696052664e-02
6.166000000000000369e+00,1.472998961611278190e-01
6.166999999999999815e+00,1.580662900750819944e-01
6.168000000000000149e+00,1.211725460378417080e-01
6.169000000000000483e+00,8.385794475823790672e-02
6.169999999999999929e+00,7.724298901588173838e-02
6.171000000000000263e+00,9.260594735394506172e-04
6.171999999999999709e+00,8.134755882009681027e-04
6.173000000000000043e+00,-1.316471976805526356e-02
6.174000000000000377e+00,2.565116519467899869e-02
6.174999999999999822e+00,-1.129068540669246612e-02
6.176000000000000156e+00,-2.121683367175758450e-02
6.177000000000000490e+00,-3.211481939757019483e-02
6.177999999999999936e+00,3.356876887306194795e-02
6.179000000000000270e+00,6.066405399657269493e-02
6.179999999999999716e+00,8.238357818496880314e-02
6.181000000000000050e+00,1.683451498508320432e-01
6.182000000000000384e+00,2.092268404161682360e-01
6.182999999999999829e+00,1.897645585152213377e-01
6.184000000000000163e+00,2.236601162035008750e-01
6.185000000000000497e+00,2.026229650548277417e-01
6.185999999999999943e+00,2.284326018026280603e-01
6.187000000000000277e+00,2.244471528950684747e-01
6.187999999999999723e+00,1.676673890173506209e-01
6.189000000000000057e+00,1.531767215439251706e-01
6.190000000000000391e+00,1.768287293368243918e-01
6.190999999999999837e+00,1.326821517181691334e-01
6.192000000000000171e+00,1.274051181822145884e-01
6.193000000000000504e+00,6.710136679089948042e-02
6.193999999999999950e+00,8.640599656621823776e-02
6.195000000000000284e+00,8.014305767489787735e-02
6.195999999999999730e+00,8.904466039780589703e-02
6.197000000000000064e+00,1.522347232730998923e-01
6.198000000000000398e+00,1.310193302104292190e-01
6.198999999999999844e+00,1.770254560422689361e-01
6.200000000000000178e+00,2.030456086525130877e-01
6.201000000000000512e+00,1.977866920516002935e-01
6.201999999999999957e+00,2.596947200493456287e-01
6.203000000000000291e+00,2.669789573215436418e-01
6.203999999999999737e+00,2.803224112811740776e-01
6.205000000000000071e+00,2.925910339058585552e-01
6.206000000000000405e+00,2.958435716467076038e-01
6.206999999999999851e+00,2.860181649586031050e-01
6.208000000000000185e+00,2.824942825306928085e-01
6.209000000000000519e+00,2.417207015062793618e-01
6.209999999999999964e+00,2.245406479884965723e-01
6.211000000000000298e+00,1.914888082296137550e-01
6.211999999999999744e+00,1.432418259916237446e-01
6.213000000000000078e+00,1.703099897221997394e-01
6.214000000000000412e+00,1.652378191828596243e-01
6.214999999999999858e+00,1.089076081378066718e-01
6.216000000000000192e+00,1.585723229529094058e-01
6.217000000000000526e+00,1.662025079294446317e-01
6.217999999999999972e+00,2.079495474596481375e-01
6.219000000000000306e+00,2.289914090815766690e-01
6.219999999999999751e+00,2.332271550617465716e-01
6.221000000000000085e+00,2.835974699261115117e-01
6.222000000000000419e+00,3.230284860098216471e-01
6.222999999999999865e+00,3.645676664668776601e-01
6.224000000000000199e+00,3.779754158109006612e-01
6.225000000000000533e+00,3.611375266324687860e-01
6.225999999999999979e+00,3.775604620368775421e-01
6.227000000000000313e+00,3.798248307007107694e-01
6.227999999999999758e+00,3.308501692811485762e-01
6.229000000000000092e+00,3.243814824413421838e-01
6.230000000000000426e+00,3.168733536420912933e-01
6.230999999999999872e+00,2.691574560166254959e-01
6.232000000000000206e+00,2.638419921878428220e-01
6.233000000000000540e+00,1.961664503841769047e-01
6.233999999999999986e+00,2.231601691966945133e-01
6.235000000000000320e+00,2.030698460102725866e-01
6.235999999999999766e+00,2.100701040407647047e-01
6.237000000000000099e+00,2.367653070847710040e-01
6.238000000000000433e+00,2.690145984759242936e-01
6.238999999999999879e+00,2.458344540271892587e-01
6.240000000000000213e+00,3.212813011854336320e-01
6.241000000000000547e+00,3.521387647403413368e-01
6.241999999999999993e+00,3.682109314253650956e-01
6.243000000000000327e+00,4.144012061661456747e-01
6.243999999999999773e+00,4.162928274924084793e-01
6.245000000000000107e+00,4.411271321744786311e-01
6.246000000000000441e+00,4.272837903213170252e-01
6.246999999999999886e+00,4.151590513077150213e-01
6.248000000000000220e+00,4.412270466163865090e-01
6.249000000000000554e+00,4.067637736229623990e-01
6.250000000000000000e+00,3.366016082066383142e-01
6.251000000000000334e+00,2.946159589560407022e-01
6.251999999999999780e+00,3.092560506247036267e-01
6.253000000000000114e+00,2.963332963992311164e-01
6.254000000000000448e+00,2.681458544911471398e-01
6.254999999999999893e+00,2.597882112288353307e-01
6.256000000000000227e+00,2.328846385977614286e-01
6.257000000000000561e+00,2.701022705605026220e-01
6.258000000000000007e+00,3.119749116727245086e-01
6.259000000000000341e+00,3.742814517644916239e-01
6.259999999999999787e+00,3.957951930598690438e-01
6.261000000000000121e+00,4.039381135963736602e-01
6.262000000000000455e+00,4.445343404510205820e-01
6.262999999999999901e+00,4.911159710621876284e-01
6.264000000000000234e+00,4.773982543857293592e-01
6.265000000000000568e+00,4.653132061018481203e-01
6.266000000000000014e+00,5.081998446317324003e-01
6.267000000000000348e+00,4.425909038466813161e-01
6.267999999999999794e+00,4.388141831617230482e-01
6.269000000000000128e+00,4.544425937079162314e-01
6.270000000000000462e+00,4.434232679615637274e-01
6.270999999999999908e+00,3.925026551729521307e-01
6.272000000000000242e+00,3.909908854769874598e-01
6.272999999999999687e+00,3.419528845119511051e-01
6.274000000000000021e+00,3.260803750967654624e-01
6.275000000000000355e+00,3.442337833574955486e-01
6.275999999999999801e+00,3.355840689761569462e-01
6.277000000000000135e+00,3.620925420945543816e-01
6.278000000000000469e+00,3.922347440335688384e-01
6.278999999999999915e+00,3.803353518040462622e-01
6.280000000000000249e+00,4.388220022430464051e-01
6.280999999999999694e+00,4.719695122556862854e-01
6.282000000000000028e+00,4.876176692347389818e-01
6.283000000000000362e+00,4.585388954181399135e-01
6.283999999999999808e+00,5.408476466702647478e-01
6.285000000000000142e+00,5.723652286140235024e-01
6.286000000000000476e+00,5.385176346061069097e-01
6.286999999999999922e+00,4.941186994493568796e-01
6.288000000000000256e+00,4.815074240626880941e-01
6.288999999999999702e+00,4.645775039929159744e-01
6.290000000000000036e+00,4.301443100249186524e-01
6.291000000000000369e+00,4.127909954626919897e-01
6.291999999999999815e+00,3.651182187416710523e-01
6.293000000000000149e+00,3.737522925104111993e-01
6.294000000000000483e+00,3.646477560272614604e-01
6.294999999999999929e+00,3.460360286228282289e-01
6.296000000000000263e+00,3.632973685066063774e-01
6.296999999999999709e+00,3.413418816475868867e-01
6.298000000000000043e+00,4.158814962647284785e-01
6.299000000000000377e+00,4.387890508716133509e-01
6.299999999999999822e+00,4.460047613923026066e-01
6.301000000000000156e+00,5.308738497031093573e-01
6.302000000000000490e+00,5.166459188074539188e-01
6.302999999999999936e+00,5.430707619690059440e-01
6.304000000000000270e+00,5.802924928269618254e-01
6.304999999999999716e+00,5.741008361393504789e-01
6.306000000000000050e+00,5.415372347149455257e-01
6.307000000000000384e+00,5.537982320543868298e-01
6.307999999999999829e+00,5.591433952437133703e-01
6.309000000000000163e+00,4.951121050353699538e-01
6.310000000000000497e+00,4.881185957339235215e-01
6.310999999999999943e+00,4.241910334785770065e-01
6.312000000000000277e+00,4.456023544903384148e-01
6.312999999999999723e+00,4.087228685969672703e-01
6.314000000000000057e+00,4.014042172599375236e-01
6.315000000000000391e+00,3.854254678777511156e-01
6.315999999999999837e+00,3.502111725083822957e-01
6.317000000000000171e+00,4.009523627180473504e-01
6.318000000000000504e+00,4.125931665026461581e-01
6.318999999999999950e+00,4.099367612654597481e-01
6.320000000000000284e+00,4.607669661326774246e-01
6.320999999999999730e+00,5.618381598741301053e-01
6.322000000000000064e+00,5.432790305130077435e-01
6.323000000000000398e+00,5.924498936553231898e-01
6.323999999999999844e+00,5.796558738733047500e-01
6.325000000000000178e+00,5.979134453559736828e-01
6.326000000000000512e+00,5.748593951552760650e-01
6.326999999999999957e+00,5.436934101058843449e-01
6.328000000000000291e+00,5.366198272233779765e-01
6.328999999999999737e+00,5.092638184547046976e-01
6.330000000000000071e+00,5.090400109458883549e-01
6.331000000000000405e+00,4.706782759141086014e-01
6.331999999999999851e+00,4.513342049680924006e-01
6.333000000000000185e+00,4.040290497170992423e-01
6.334000000000000519e+00,4.150513639939661936e-01
6.334999999999999964e+00,4.112553046380442723e-01
6.336000000000000298e+00,4.215914439116602574e-01
6.336999999999999744e+00,4.383571251481284126e-01
6.338000000000000078e+00,4.474157542804374499e-01
6.339000000000000412e+00,4.769066463209915563e-01
6.339999999999999858e+00,4.883799874402667829e-01
6.341000000000000192e+00,5.340922279945260476e-01
6.342000000000000526e+00,5.581149708548893695e-01
6.342999999999999972e+00,5.866161063202881554e-01
6.344000000000000306e+00,5.954942457518753729e-01
6.344999999999999751e+00,6.309937024008723805e-01
6.346000000000000085e+00,5.905121647869069346e-01
6.347000000000000419e+00,5.666512183548524373e-01
6.347999999999999865e+00,5.977857625380418316e-01
6.349000000000000199e+00,5.133416963469712435e-01
6.350000000000000533e+00,4.940365468154250816e-01
6.350999999999999979e+00,4.616677679661930767e-01
6.352000000000000313e+00,4.524425580575401895e-01
6.352999999999999758e+00,4.231608281463137833e-01
6.354000000000000092e+00,3.613665371032157569e-01
6.355000000000000426e+00,3.803710808156894885e-01
6.355999999999999872e+00,4.049026319413874253e-01
6.357000000000000206e+00,3.938809080786502270e-01
6.358000000000000540e+00,4.416145221633338558e-01
6.358999999999999986e+00,4.635921572936242963e-01
6.360000000000000320e+00,5.175069013564755904e-01
6.360999999999999766e+00,5.141199831635483442e-01
6.362000000000000099e+00,5.693261109187047753e-01
6.363000000000000433e+00,5.383132858368356866e-01
6.363999999999999879e+00,6.068346755491751399e-01
6.365000000000000213e+00,5.864147075797147002e-01
6.366000000000000547e+00,6.281895349951986951e-01
6.366999999999999993e+00,6.040398301280035520e-01
6.368000000000000327e+00,5.764830187208868084e-01
6.368999999999999773e+00,5.668224408555881944e-01
6.370000000000000107e+00,4.707282033067405891e-01
6.371000000000000441e+00,4.619701901032698399e-01
6.371999999999999886e+00,4.200953675848588809e-01
6.373000000000000220e+00,4.515047067824380922e-01
6.374000000000000554e+00,3.903403117980813186e-01
6.375000000000000000e+00,3.883474085199992709e-01
6.376000000000000334e+00,3.782111490929405684e-01
6.376999999999999780e+00,4.203922451651975756e-01
6.378000000000000114e+00,4.042840675225040648e-01
6.379000000000000448e+00,4.462980941376943900e-01
6.379999999999999893e+00,5.207819929648469515e-01
6.381000000000000227e+00,4.652836566093537796e-01
6.382000000000000561e+00,5.833065064056363047e-01
6.383000000000000007e+00,5.407816828276519328e-01
6.384000000000000341e+00,5.897056040410596500e-01
6.384999999999999787e+00,5.800649856049943098e-01
6.386000000000000121e+00,5.290197658868756037e-01
6.387000000000000455e+00,5.423315350777075938e-01
6.387999999999999901e+00,5.501020466854220636e-01
6.389000000000000234e+00,5.276835337441175833e-01
6.390000000000000568e+00,4.799501740500912716e-01
6.391000000000000014e+00,4.206819496465865615e-01
6.392000000000000348e+00,4.341299726037010642e-01
6.392999999999999794e+00,3.637781957947647249e-01
6.394000000000000128e+00,3.716584495290728984e-01
6.395000000000000462e+00,3.885606766828140213e-01
6.395999999999999908e+00,3.490848574100941515e-01
6.397000000000000242e+00,3.731980933444200010e-01
6.398000000000000576e+00,3.846440501098269960e-01
6.399000000000000021e+00,4.271831317606299416e-01
6.400000000000000355e+00,5.088454760690555023e-01
6.400999999999999801e+00,4.804362546304923876e-01
6.402000000000000135e+00,4.934066733190117238e-01
6.403000000000000469e+00,5.415099468783812764e-01
6.403999999999999915e+00,5.463211399010917679e-01
6.405000000000000249e+00,5.252626589825533099e-01
6.405999999999999694e+00,5.398089201647999769e-01
6.407000000000000028e+00,5.237594774116071106e-01
6.408000000000000362e+00,4.969505600063790496e-01
6.408999999999999808e+00,4.608645132375070452e-01
6.410000000000000142e+00,4.237439585310961432e-01
6.411000000000000476e+00,4.012485927032121702e-01
6.411999999999999922e+00,3.829872706218880873e-01
6.413000000000000256e+00,3.662150272304346421e-01
6.413999999999999702e+00,3.697126731406484845e-01
6.415000000000000036e+00,3.357665826649152141e-01
6.416000000000000369e+00,3.299962454374117393e-01
6.416999999999999815e+00,3.222555216875356288e-01
6.418000000000000149e+00,3.600028614309043751e-01
6.419000000000000483e+00,3.811687062438097184e-01
6.419999999999999929e+00,4.185883339265729641e-01
6.421000000000000263e+00,4.514384349607943325e-01
6.421999999999999709e+00,4.173208861973512485e-01
6.423000000000000043e+00,4.836512298984782521e-01
6.424000000000000377e+00,5.077318881007512053e-01
6.424999999999999822e+00,5.326730314216886475e-01
6.426000000000000156e+00,4.903939290648572369e-01
6.427000000000000490e+00,4.915999442985592438e-01
6.427999999999999936e+00,4.702511872804518989e-01
6.429000000000000270e+00,4.043595516562987768e-01
6.429999999999999716e+00,3.913054586965565851e-01
6.431000000000000050e+00,3.183435359544517507e-01
6.432000000000000384e+00,3.193967531199085608e-01
6.432999999999999829e+00,3.147798994650156112e-01
6.434000000000000163e+00,2.944170559214460137e-01
6.435000000000000497e+00,2.911588902238331222e-01
6.435999999999999943e+00,3.133242454498947893e-01
6.437000000000000277e+00,2.738259749418285871e-01
6.437999999999999723e+00,3.531035889390487514e-01
6.439000000000000057e+00,3.161372482286360364e-01
6.440000000000000391e+00,3.666791311745450366e-01
6.440999999999999837e+00,4.139269161119766283e-01
6.442000000000000171e+00,3.948465578527953213e-01
6.443000000000000504e+00,4.573836024863320304e-01
6.443999999999999950e+00,4.625001985772162483e-01
6.445000000000000284e+00,4.176238339566684665e-01
6.445999999999999730e+00,4.293694953215826393e-01
6.447000000000000064e+00,4.033489276285536218e-01
6.448000000000000398e+00,3.991083547566657286e-01
6.448999999999999844e+00,3.854031945236563450e-01
6.450000000000000178e+00,3.206167914149888887e-01
6.451000000000000512e+00,3.013498987825532494e-01
6.451999999999999957e+00,2.500158797573789893e-01
6.453000000000000291e+00,2.072170776380916624e-01
6.453999999999999737e+00,2.157645669824771462e-01
6.455000000000000071e+00,1.890766624632451431e-01
6.456000000000000405e+00,2.076429019708103119e-01
6.456999999999999851e+00,2.419049709681348470e-01
6.458000000000000185e+00,2.172167856970103061e-01
6.459000000000000519e+00,2.419380585622775692e-01
6.459999999999999964e+00,2.894262796228773693e-01
6.461000000000000298e+00,2.875530081098832680e-01
6.461999999999999744e+00,3.667214182236956943e-01
6.463000000000000078e+00,3.653374321262751190e-01
6.464000000000000412e+00,3.624750817552264692e-01
6.464999999999999858e+00,3.760987020871415787e-01
6.466000000000000192e+00,3.543885757257119185e-01
6.467000000000000526e+00,3.211032385019412239e-01
6.467999999999999972e+00,3.305925996858745664e-01
6.469000000000000306e+00,2.922919101118679475e-01
6.469999999999999751e+00,2.547380836143103844e-01
6.471000000000000085e+00,2.349976614281900911e-01
6.472000000000000419e+00,1.908150793828700120e-01
6.472999999999999865e+00,1.601878979365712330e-01
6.474000000000000199e+00,1.690360569997369500e-01
6.475000000000000533e+00,1.561448509170964838e-01
6.475999999999999979e+00,1.538370754118106309e-01
6.477000000000000313e+00,1.560168819541900009e-01
6.477999999999999758e+00,1.927121417198120745e-01
6.479000000000000092e+00,2.074773209263900964e-01
6.480000000000000426e+00,2.558616011411871671e-01
6.480999999999999872e+00,2.033757562384989059e-01
6.482000000000000206e+00,2.965175444339068767e-01
6.483000000000000540e+00,2.769214183246931915e-01
6.483999999999999986e+00,3.199548166757273382e-01
6.485000000000000320e+00,2.995132400686803531e-01
6.485999999999999766e+00,2.733140931133867801e-01
6.487000000000000099e+00,2.824433473200398392e-01
6.488000000000000433e+00,2.570664232679289452e-01
6.488999999999999879e+00,2.692005921371947164e-01
6.490000000000000213e+00,2.076964753027717436e-01
6.491000000000000547e+00,1.595018933290433538e-01
6.491999999999999993e+00,1.060901802120419457e-01
6.493000000000000327e+00,9.972843236122348742e-02
6.493999999999999773e+00,1.078231509750747080e-01
6.495000000000000107e+00,7.909899169313538980e-02
6.496000000000000441e+00,8.218869676027144855e-02
6.496999999999999886e+00,1.129369496982930293e-01
6.498000000000000220e+00,8.452240510250871863e-02
6.499000000000000554e+00,1.235370403328050481e-01
6.500000000000000000e+00,1.458455408957849420e-01
6.501000000000000334e+00,1.943646940351286267e-01
6.501999999999999780e+00,1.993197899240174709e-01
6.503000000000000114e+00,1.864794443096193244e-01
6.504000000000000448e+00,2.309770821876565572e-01
6.504999999999999893e+00,2.323426531244301152e-01
6.506000000000000227e+00,2.263564912493015169e-01
6.507000000000000561e+00,2.037745649086088462e-01
6.508000000000000007e+00,1.888044550234014018e-01
6.509000000000000341e+00,1.501163084097048017e-01
6.509999999999999787e+00,1.235271435693571507e-01
6.511000000000000121e+00,8.662352627991817822e-02
6.512000000000000455e+00,2.408229943458021355e-02
6.512999999999999901e+00,3.893844190576038755e-02
6.514000000000000234e+00,-2.218051775106949508e-02
6.515000000000000568e+00,6.715298880961242944e-03
6.516000000000000014e+00,-2.918807768047590456e-02
6.517000000000000348e+00,1.224513460582804525e-02
6.517999999999999794e+00,-2.119489232024658609e-02
6.519000000000000128e+00,1.823401304156387764e-02
6.520000000000000462e+00,8.906107758292483578e-02
6.520999999999999908e+00,1.180241733785290792e-01
6.522000000000000242e+00,1.462490280779562835e-01
6.523000000000000576e+00,1.408967668014558527e-01
6.524000000000000021e+00,1.501091643063608982e-01
6.525000000000000355e+00,1.730298820294201845e-01
6.525999999999999801e+00,1.444944833497498748e-01
6.527000000000000135e+00,9.282332649270155778e-02
6.528000000000000469e+00,1.172443248769947516e-01
6.528999999999999915e+00,5.627276383526115533e-02
6.530000000000000249e+00,1.428111986147365120e-02
6.530999999999999694e+00,1.296447946449036381e-03
6.532000000000000028e+00,-1.302040329397895213e-03
6.533000000000000362e+00,-6.682937132245672651e-02
6.533999999999999808e+00,-7.269654435604012976e-02
6.535000000000000142e+00,-5.275149685913077535e-02
6.536000000000000476e+00,-1.122576677542191231e-01
6.536999999999999922e+00,-9.620982352685276962e-02
6.538000000000000256e+00,-6.252367663109720253e-02
6.538999999999999702e+00,-1.826770852497996284e-02
6.540000000000000036e+00,-1.013132296572529130e-02
6.541000000000000369e+00,5.552392752841056600e-03
6.541999999999999815e+00,5.420743842255601463e-02
6.543000000000000149e+00,8.396071667306251318e-02
6.544000000000000483e+00,7.226514500725100820e-02
6.544999999999999929e+00,7.242878150446405150e-02
6.546000000000000263e+00,1.212069482501401951e-01
6.546999999999999709e+00,6.577015125473832657e-02
6.548000000000000043e+00,2.866964844070950952e-02
6.549000000000000377e+00,-2.516695948372196789e-02
6.549999999999999822e+00,-3.104041480905419398e-02
6.551000000000000156e+00,-1.001769844588200481e-01
6.552000000000000490e+00,-1.386479482622869908e-01
6.552999999999999936e+00,-1.426086682116311510e-01
6.554000000000000270e+00,-1.668511448770194916e-01
6.554999999999999716e+00,-1.908011046934282307e-01
6.556000000000000050e+00,-1.660099296619408082e-01
6.557000000000000384e+00,-1.467649230659649473e-01
6.557999999999999829e+00,-1.538566191236876990e-01
6.559000000000000163e+00,-1.187159151155875170e-01
6.560000000000000497e+00,-7.397811243932332637e-02
6.560999999999999943e+00,-4.766051064945325821e-02
6.562000000000000277e+00,-2.540942304458405215e-02
6.562999999999999723e+00,-1.271482694428935356e-03
6.564000000000000057e+00,-8.451543727132221351e-03
6.565000000000000391e+00,-1.650982903642805866e-02
6.565999999999999837e+00,2.951471576954850518e-02
6.567000000000000171e+00,-3.529077275062145191e-02
6.568000000000000504e+00,-9.170926905645424010e-02
6.568999999999999950e+00,-7.807636986357022191e-02
6.570000000000000284e+00,-1.464015546771242904e-01
6.570999999999999730e+00,-1.757033974617064898e-01
6.572000000000000064e+00,-1.729854287840971450e-01
6.573000000000000398e+00,-2.174117620565270137e-01
6.573999999999999844e+00,-2.337990925275347798e-01
6.575000000000000178e+00,-2.423834314162118253e-01
6.576000000000000512e+00,-2.572627322941523076e-01
6.576999999999999957e+00,-2.621081389183407828e-01
6.578000000000000291e+00,-1.718570944889881713e-01
6.578999999999999737e+00,-2.179821084135693809e-01
6.580000000000000071e+00,-1.681440248020950046e-01
6.581000000000000405e+00,-1.596207041402155358e-01
6.581999999999999851e+00,-1.797203073335894297e-01
6.583000000000000185e+00,-1.222728890892045978e-01
6.584000000000000519e+00,-8.491919304474733476e-02
6.584999999999999964e+00,-6.833894229294959488e-02
6.586000000000000298e+00,-9.267600950695129014e-02
6.586999999999999744e+00,-1.284439565370128489e-01
6.588000000000000078e+00,-1.234658707888122431e-01
6.589000000000000412e+00,-1.555563653485211861e-01
6.589999999999999858e+00,-1.844447534285119372e-01
6.591000000000000192e+00,-2.143829058089839756e-01
6.592000000000000526e+00,-2.446174385891162484e-01
6.592999999999999972e+00,-2.500665640322236039e-01
6.594000000000000306e+00,-3.363151809253482893e-01
6.594999999999999751e+00,-3.605205088582281725e-01
6.596000000000000085e+00,-3.203453350714164927e-01
6.597000000000000419e+00,-3.412605638962706855e-01
6.597999999999999865e+00,-2.975487911483203352e-01
6.599000000000000199e+00,-2.700173375329644188e-01
6.600000000000000533e+00,-2.479880325730952073e-01
6.600999999999999979e+00,-2.157216750571307184e-01
6.602000000000000313e+00,-2.016144604175219568e-01
6.602999999999999758e+00,-1.863757069695725632e-01
6.604000000000000092e+00,-1.576337652993547445e-01
6.605000000000000426e+00,-1.165579253188444298e-01
6.605999999999999872e+00,-1.567103128666898770e-01
6.607000000000000206e+00,-1.914193200141085516e-01
6.608000000000000540e+00,-1.666302138829007795e-01
6.608999999999999986e+00,-2.481440611832222698e-01
6.610000000000000320e+00,-2.675994219045326750e-01
6.610999999999999766e+00,-3.146584278157730230e-01
6.612000000000000099e+00,-3.389138517921273519e-01
6.613000000000000433e+00,-3.923269782506315639e-01
6.613999999999999879e+00,-3.992934183216671484e-01
6.615000000000000213e+00,-4.099225333766793877e-01
6.616000000000000547e+00,-3.860966172870000657e-01
6.616999999999999993e+00,-3.945970362530661912e-01
6.618000000000000327e+00,-3.479236494655205125e-01
6.618999999999999773e+00,-3.383705181507578041e-01
6.620000000000000107e+00,-2.775662097177946097e-01
6.621000000000000441e+00,-2.981686679532971618e-01
6.621999999999999886e+00,-2.622416605929251965e-01
6.623000000000000220e+00,-2.568403904674851357e-01
6.624000000000000554e+00,-2.193793110479139163e-01
6.625000000000000000e+00,-2.175378699238626201e-01
6.626000000000000334e+00,-2.146313502293761277e-01
6.626999999999999780e+00,-2.847706184087952508e-01
6.628000000000000114e+00,-2.914206174472695476e-01
6.629000000000000448e+00,-3.116597221489142977e-01
6.629999999999999893e+00,-3.607400943000252935e-01
6.631000000000000227e+00,-3.645124072290090167e-01
6.632000000000000561e+00,-4.378198456166412789e-01
6.633000000000000007e+00,-4.075886047631230857e-01
6.634000000000000341e+00,-3.910560424620517228e-01
6.634999999999999787e+00,-4.643252496175366284e-01
6.636000000000000121e+00,-4.161064489669012989e-01
6.637000000000000455e+00,-4.139960064209680657e-01
6.637999999999999901e+00,-4.351848812330482708e-01
6.639000000000000234e+00,-4.159476615452209480e-01
6.640000000000000568e+00,-3.906555437322411506e-01
6.641000000000000014e+00,-3.513667358420953790e-01
6.642000000000000348e+00,-3.352846542073953939e-01
6.642999999999999794e+00,-2.926820855878012884e-01
6.644000000000000128e+00,-2.541284550353342109e-01
6.645000000000000462e+00,-3.158927448349962974e-01
6.645999999999999908e+00,-2.248199031782290580e-01
6.647000000000000242e+00,-2.993993891377412786e-01
6.648000000000000576e+00,-3.366150382851203493e-01
6.649000000000000021e+00,-3.587114070445672764e-01
6.650000000000000355e+00,-4.301953580386690401e-01
6.650999999999999801e+00,-4.413601363795233712e-01
6.652000000000000135e+00,-4.543369181553671421e-01
6.653000000000000469e+00,-4.573246407351915788e-01
6.653999999999999915e+00,-5.276697667900349664e-01
6.655000000000000249e+00,-5.050643628636048987e-01
6.656000000000000583e+00,-4.960515270081437000e-01
6.657000000000000028e+00,-4.825048699402945118e-01
6.658000000000000362e+00,-4.887984166087020466e-01
6.658999999999999808e+00,-4.509468882113097377e-01
6.660000000000000142e+00,-4.012190858958987749e-01
6.661000000000000476e+00,-3.684406808730408267e-01
6.661999999999999922e+00,-3.713904370523631870e-01
6.663000000000000256e+00,-3.654562243156040946e-01
6.663999999999999702e+00,-3.469783227501975764e-01
6.665000000000000036e+00,7.034776735863413899e-01
6.666000000000000369e+00,-5.766312680460355944e-02
6.666999999999999815e+00,-8.739242998604145329e-01
6.668000000000000149e+00,-3.964635566079688367e-01
6.669000000000000483e+00,-4.102374443322960307e-01
6.669999999999999929e+00,-4.677892194062077125e-01
6.671000000000000263e+00,-4.747006178944311872e-01
6.671999999999999709e+00,-5.048333139232552558e-01
6.673000000000000043e+00,-5.186522489881801867e-01
6.674000000000000377e+00,-5.393864488799386958e-01
6.674999999999999822e+00,-5.745289687785019028e-01
6.676000000000000156e+00,-5.246110900127811671e-01
6.677000000000000490e+00,-5.590994715338712950e-01
6.677999999999999936e+00,-5.156039021801888111e-01
6.679000000000000270e+00,-4.764027654548649293e-01
6.679999999999999716e+00,-4.613664408003925743e-01
6.681000000000000050e+00,-4.359057305787979453e-01
6.682000000000000384e+00,-3.878067494461702180e-01
6.682999999999999829e+00,-3.352111710771236153e-01
6.684000000000000163e+00,-3.529060028425842210e-01
6.685000000000000497e+00,-3.814516923739471599e-01
6.685999999999999943e+00,-3.478138061973640172e-01
6.687000000000000277e+00,-3.810959457017414342e-01
6.687999999999999723e+00,-4.314636926158170738e-01
6.689000000000000057e+00,-4.518836470985261311e-01
6.690000000000000391e+00,-4.652431823928524501e-01
6.690999999999999837e+00,-5.354242363862329324e-01
6.692000000000000171e+00,-5.249508569409958580e-01
6.693000000000000504e+00,-5.745487630728842721e-01
6.693999999999999950e+00,-5.823291317497659714e-01
6.695000000000000284e+00,-5.523675981780817867e-01
6.695999999999999730e+00,-5.674003233041785554e-01
6.697000000000000064e+00,-5.459140386146619228e-01
6.698000000000000398e+00,-5.464720349595373339e-01
6.698999999999999844e+00,-5.229239059120114330e-01
6.700000000000000178e+00,-4.443568489044643077e-01
6.701000000000000512e+00,-4.566037152007951239e-01
6.701999999999999957e+00,-4.482198699597682578e-01
6.703000000000000291e+00,-4.262087795483239239e-01
6.703999999999999737e+00,-3.464004594565486261e-01
6.705000000000000071e+00,-3.936158894232878458e-01
6.706000000000000405e+00,-4.053848411481832947e-01
6.706999999999999851e+00,-3.873789708427048395e-01
6.708000000000000185e+00,-4.067647573328503907e-01
6.709000000000000519e+00,-4.458142798873019896e-01
6.709999999999999964e+00,-5.013125021212307963e-01
6.711000000000000298e+00,-5.154521812234502676e-01
6.711999999999999744e+00,-5.931395833948873708e-01
6.713000000000000078e+00,-5.881770138358979327e-01
6.714000000000000412e+00,-5.761074111251344165e-01
6.714999999999999858e+00,-6.202098663077502128e-01
6.716000000000000192e+00,-5.995747211618103201e-01
6.717000000000000526e+00,-5.366693612401602920e-01
6.717999999999999972e+00,-5.473480863220945292e-01
6.719000000000000306e+00,-5.559919564032103079e-01
6.719999999999999751e+00,-5.001635924583825998e-01
6.721000000000000085e+00,-4.753305739865643087e-01
6.722000000000000419e+00,-4.476198908322649439e-01
6.722999999999999865e+00,-4.216427490266316802e-01
6.724000000000000199e+00,-4.039353683920675064e-01
6.725000000000000533e+00,-4.108101428392320065e-01
6.725999999999999979e+00,-4.073262659626069038e-01
6.727000000000000313e+00,-4.153302784905352207e-01
6.727999999999999758e+00,-4.310775271535496334e-01
6.729000000000000092e+00,-4.948055321298151510e-01
6.730000000000000426e+00,-4.799297097344748519e-01
6.730999999999999872e+00,-5.184632862612206239e-01
6.732000000000000206e+00,-5.577811974265531880e-01
6.733000000000000540e+00,-5.501262385438010494e-01
6.733999999999999986e+00,-5.998753060485244593e-01
6.735000000000000320e+00,-6.216549628713935460e-01
6.735999999999999766e+00,-5.729885238036281914e-01
6.737000000000000099e+00,-5.705835161528132193e-01
6.738000000000000433e+00,-5.477954075848523452e-01
6.738999999999999879e+00,-5.080333460919155275e-01
6.740000000000000213e+00,-4.825044084064475380e-01
6.741000000000000547e+00,-4.664327331023652712e-01
6.741999999999999993e+00,-4.431011098674457749e-01
6.743000000000000327e+00,-4.128883156295946599e-01
6.743999999999999773e+00,-3.855332967704527825e-01
6.745000000000000107e+00,-3.891038706181452200e-01
6.746000000000000441e+00,-4.309506602699431088e-01
6.746999999999999886e+00,-4.230630903143391408e-01
6.748000000000000220e+00,-4.657317591365436327e-01
6.749000000000000554e+00,-4.776954868989854441e-01
6.750000000000000000e+00,-5.079885046756351663e-01
6.751000000000000334e+00,-5.437327371595638281e-01
6.751999999999999780e+00,-5.519181103994463822e-01
6.753000000000000114e+00,-5.211617124576792826e-01
6.754000000000000448e+00,-5.711993277672255953e-01
6.754999999999999893e+00,-6.343501182416667605e-01
6.756000000000000227e+00,-6.003880391659333071e-01
6.757000000000000561e+00,-5.371834858992546868e-01
6.758000000000000007e+00,-5.463921955111961104e-01
6.759000000000000341e+00,-5.061132158433466754e-01
6.759999999999999787e+00,-4.972247185111439705e-01
6.761000000000000121e+00,-4.442420783969132092e-01
6.762000000000000455e+00,-3.987784080221706273e-01
6.762999999999999901e+00,-4.145445445734516898e-01
6.764000000000000234e+00,-3.944122564200821524e-01
6.765000000000000568e+00,-3.671089025880805989e-01
6.766000000000000014e+00,-3.300404237896014115e-01
6.767000000000000348e+00,-3.899432256163394839e-01
6.767999999999999794e+00,-4.196146534290370322e-01
6.769000000000000128e+00,-4.367024522307668688e-01
6.770000000000000462e+00,-4.952606079622522417e-01
6.770999999999999908e+00,-5.178908678768017193e-01
6.772000000000000242e+00,-5.385182303635324130e-01
6.773000000000000576e+00,-5.516717050721502424e-01
6.774000000000000021e+00,-5.841905308328604329e-01
6.775000000000000355e+00,-5.550604101762197651e-01
6.775999999999999801e+00,-5.158456599052180236e-01
6.777000000000000135e+00,-4.910119468967439893e-01
6.778000000000000469e+00,-5.176028679661188736e-01
6.778999999999999915e+00,-4.937554115098610752e-01
6.780000000000000249e+00,-4.865427729672421320e-01
6.781000000000000583e+00,-4.256096346210579973e-01
6.782000000000000028e+00,-3.881218081158618327e-01
6.783000000000000362e+00,-3.616266933358167623e-01
6.783999999999999808e+00,-3.672028013037438865e-01
6.785000000000000142e+00,-3.567992450613827193e-01
6.786000000000000476e+00,-3.786815918146314575e-01
6.786999999999999922e+00,-3.743407163223693712e-01
6.788000000000000256e+00,-3.734661099522575411e-01
6.788999999999999702e+00,-3.628334544921794080e-01
6.790000000000000036e+00,-4.560903713007186666e-01
6.791000000000000369e+00,-4.640866606733678457e-01
6.791999999999999815e+00,-4.827829451416703610e-01
6.793000000000000149e+00,-5.471174003742002023e-01
6.794000000000000483e+00,-5.227230156415197948e-01
6.794999999999999929e+00,-5.269892566193971062e-01
6.796000000000000263e+00,-5.115958718629880497e-01
6.796999999999999709e+00,-4.698005071220758833e-01
6.798000000000000043e+00,-4.695557299359782166e-01
6.799000000000000377e+00,-4.611050224220449856e-01
6.799999999999999822e+00,-4.546692287839363966e-01
6.801000000000000156e+00,-3.755988370122756992e-01
6.802000000000000490e+00,-3.381037699727963419e-01
6.802999999999999936e+00,-3.392315364292878277e-01
6.804000000000000270e+00,-3.040702689249626389e-01
6.804999999999999716e+00,-3.273656092597806433e-01
6.806000000000000050e+00,-3.086809166231255785e-01
6.807000000000000384e+00,-3.041200409069655386e-01
6.807999999999999829e+00,-3.430465165266471383e-01
6.809000000000000163e+00,-3.483390493973088642e-01
6.810000000000000497e+00,-3.937420318809761177e-01
6.810999999999999943e+00,-4.116362165695091613e-01
6.812000000000000277e+00,-4.569199367880318330e-01
6.812999999999999723e+00,-4.591442321315735708e-01
6.814000000000000057e+00,-5.079654340587616002e-01
6.815000000000000391e+00,-4.972691401155309165e-01
6.815999999999999837e+00,-4.591197070776142919e-01
6.817000000000000171e+00,-4.392774468211786409e-01
6.818000000000000504e+00,-4.378885771709228325e-01
6.818999999999999950e+00,-3.700992663074536559e-01
6.820000000000000284e+00,-3.579984018849701188e-01
6.820999999999999730e+00,-3.594953745038258486e-01
6.822000000000000064e+00,-3.079027534238030772e-01
6.823000000000000398e+00,-2.864768017933927435e-01
6.823999999999999844e+00,-2.769471705693180019e-01
6.825000000000000178e+00,-2.699591177721889501e-01
6.826000000000000512e+00,-2.635981900816119494e-01
6.826999999999999957e+00,-2.651660301659750085e-01
6.828000000000000291e+00,-2.918860916797106353e-01
6.828999999999999737e+00,-3.399948472127701238e-01
6.830000000000000071e+00,-3.222767157986323738e-01
6.831000000000000405e+00,-3.613026546443114384e-01
6.831999999999999851e+00,-4.097888594374965443e-01
6.833000000000000185e+00,-3.976375660342796325e-01
6.834000000000000519e+00,-4.236789272506479298e-01
6.834999999999999964e+00,-4.131086717401485364e-01
6.836000000000000298e+00,-4.127619366580564941e-01
6.836999999999999744e+00,-4.126834921055060335e-01
6.838000000000000078e+00,-3.873157340813879745e-01
6.839000000000000412e+00,-3.687284408596305241e-01
6.839999999999999858e+00,-3.036062723753322756e-01
6.841000000000000192e+00,-2.830912300450675323e-01
6.842000000000000526e+00,-2.856182309546178022e-01
6.842999999999999972e+00,-2.506224093539654585e-01
6.844000000000000306e+00,-2.105049301767104031e-01
6.844999999999999751e+00,-1.904386792663418093e-01
6.846000000000000085e+00,-1.796828756326719068e-01
6.847000000000000419e+00,-1.803536148542657092e-01
6.847999999999999865e+00,-2.349273792317435050e-01
6.849000000000000199e+00,-3.110098346791052570e-01
6.850000000000000533e+00,-2.712836389207173293e-01
6.850999999999999979e+00,-3.231141844127872198e-01
6.852000000000000313e+00,-3.685640730806131193e-01
6.852999999999999758e+00,-3.357278379448136452e-01
6.854000000000000092e+00,-3.458941047730433871e-01
6.855000000000000426e+00,-3.628463019801176914e-01
6.855999999999999872e+00,-3.703536395451085816e-01
6.857000000000000206e+00,-3.270858189452322540e-01
6.858000000000000540e+00,-2.934966131456502314e-01
6.858999999999999986e+00,-2.838993163380679752e-01
6.860000000000000320e+00,-2.562766772896598599e-01
6.860999999999999766e+00,-2.253398817145704502e-01
6.862000000000000099e+00,-1.989568649917224930e-01
6.863000000000000433e+00,-1.681868138478062602e-01
6.863999999999999879e+00,-1.562512992600613715e-01
6.865000000000000213e+00,-1.119321759769903446e-01
6.866000000000000547e+00,-8.963604554423024173e-02
6.866999999999999993e+00,-1.330805242529400356e-01
6.868000000000000327e+00,-1.721956132716798427e-01
6.868999999999999773e+00,-1.913547990922038755e-01
6.870000000000000107e+00,-2.719083430281282743e-01
6.871000000000000441e+00,-2.184757526731900268e-01
6.871999999999999886e+00,-2.387146530600648964e-01
6.873000000000000220e+00,-2.992204135492505523e-01
6.874000000000000554e+00,-2.843131399439213780e-01
6.875000000000000000e+00,-3.107882791789465804e-01
6.876000000000000334e+00,-2.713679512671939853e-01
6.876999999999999780e+00,-2.318788546115461147e-01
6.878000000000000114e+00,-2.340210197882047483e-01
6.879000000000000448e+00,-1.838188011251056797e-01
6.879999999999999893e+00,-2.024444071118526312e-01
6.881000000000000227e+00,-1.369115425928901508e-01
6.882000000000000561e+00,-1.040102879341019693e-01
6.883000000000000007e+00,-9.023241122491972022e-02
6.884000000000000341e+00,-9.192790596718027063e-02
6.884999999999999787e+00,-3.483969924194707524e-02
6.886000000000000121e+00,-8.060741883057585822e-02
6.887000000000000455e+00,-6.114886605627069260e-02
6.887999999999999901e+00,-9.835197894447286759e-02
6.889000000000000234e+00,-1.027019168787893927e-01
6.890000000000000568e+00,-1.464828830811150950e-01
6.891000000000000014e+00,-1.698597879241542097e-01
6.892000000000000348e+00,-2.068714356489339268e-01
6.892999999999999794e+00,-1.654126962556616287e-01
6.894000000000000128e+00,-2.432462081387793129e-01
6.895000000000000462e+00,-2.283841407311694993e-01
6.895999999999999908e+00,-2.244084824140655798e-01
6.897000000000000242e+00,-1.673285995538309479e-01
6.898000000000000576e+00,-1.317334370837097146e-01
6.899000000000000021e+00,-1.374363369064144635e-01
6.900000000000000355e+00,-3.761908615363185326e-02
6.900999999999999801e+00,-2.830578643856386523e-02
6.902000000000000135e+00,-2.484494875257502178e-02
6.903000000000000469e+00,2.767569153218617239e-02
6.903999999999999915e+00,2.495432300206333609e-02
6.905000000000000249e+00,2.800708331715509591e-02
6.906000000000000583e+00,3.079056947774498620e-02
6.907000000000000028e+00,6.181831969793603193e-02
6.908000000000000362e+00,-1.244177461094183451e-02
6.908999999999999808e+00,-3.284512694438201930e-02
6.910000000000000142e+00,-4.596602675449784625e-02
6.911000000000000476e+00,-7.427106021563319171e-02
6.911999999999999922e+00,-1.055930981898813986e-01
6.913000000000000256e+00,-1.401411632136845553e-01
6.913999999999999702e+00,-1.257591476716022061e-01
6.915000000000000036e+00,-1.114801374038085074e-01
6.916000000000000369e+00,-1.516121827414289580e-01
6.916999999999999815e+00,-1.086634697733805527e-01
6.918000000000000149e+00,-1.062800301700159294e-01
6.919000000000000483e+00,-4.450823141273685390e-02
6.919999999999999929e+00,-3.020795215234241184e-03
6.921000000000000263e+00,1.072735628290042223e-02
6.921999999999999709e+00,5.129204496071735481e-02
6.923000000000000043e+00,1.176749654664938499e-01
6.924000000000000377e+00,1.172027943307621667e-01
6.924999999999999822e+00,1.127173968246508173e-01
6.926000000000000156e+00,1.117629120329642345e-01
6.927000000000000490e+00,7.654852733554001754e-02
6.927999999999999936e+00,7.796193245648193326e-02
6.929000000000000270e+00,2.176426308549741021e-02
6.929999999999999716e+00,5.059883507731397639e-02
6.931000000000000050e+00,-2.613539972854673696e-02
6.932000000000000384e+00,-3.669250825709437225e-03
6.932999999999999829e+00,-8.305521765437577641e-02
6.934000000000000163e+00,-7.041441510618656752e-02
6.935000000000000497e+00,-7.742863865500487774e-02
6.935999999999999943e+00,-7.177627520382873216e-02
6.937000000000000277e+00,-1.326325545510685655e-02
6.937999999999999723e+00,3.099726746579357928e-02
6.939000000000000057e+00,7.443137409010699285e-03
6.940000000000000391e+00,5.602595925562980222e-02
6.940999999999999837e+00,1.040043715834615967e-01
6.942000000000000171e+00,1.449567750728870952e-01
6.943000000000000504e+00,1.620643710868237830e-01
6.943999999999999950e+00,1.358420089950577170e-01
6.945000000000000284e+00,1.762175588296672757e-01
6.945999999999999730e+00,1.566706481921173455e-01
6.947000000000000064e+00,1.773577155977532349e-01
6.948000000000000398e+00,1.501850176135209047e-01
6.948999999999999844e+00,1.628114806435950468e-01
6.950000000000000178e+00,1.108796061577853043e-01
6.951000000000000512e+00,8.272835232230298097e-02
6.951999999999999957e+00,8.962199738188830755e-02
6.953000000000000291e+00,3.981588946885596114e-02
6.953999999999999737e+00,4.036502660210512794e-02
6.955000000000000071e+00,3.123496808481693310e-02
6.956000000000000405e+00,1.106296774776949210e-02
6.956999999999999851e+00,5.345011429202824182e-02
6.958000000000000185e+00,8.059351745929781152e-02
6.959000000000000519e+00,6.775534406464285564e-02
6.959999999999999964e+00,1.063826771911115104e-01
6.961000000000000298e+00,1.818207601680879859e-01
6.961999999999999744e+00,1.843173999073899061e-01
6.963000000000000078e+00,2.409067495777322265e-01
6.964000000000000412e+00,2.533959449473287551e-01
6.964999999999999858e+00,2.475963962607769520e-01
6.966000000000000192e+00,2.744185948671787334e-01
6.967000000000000526e+00,2.648197371352921659e-01
6.967999999999999972e+00,2.416179744178834909e-01
6.969000000000000306e+00,1.964018549270049319e-01
6.969999999999999751e+00,2.130220186488004930e-01
6.971000000000000085e+00,1.255495010291781954e-01
6.972000000000000419e+00,1.640733323854240977e-01
6.972999999999999865e+00,9.605138422963901967e-02
6.974000000000000199e+00,7.306149311499748888e-02
6.975000000000000533e+00,1.074543613284220656e-01
6.975999999999999979e+00,1.285243010018357612e-01
6.977000000000000313e+00,1.322355076376116600e-01
6.977999999999999758e+00,1.671828984410650698e-01
6.979000000000000092e+00,2.048021015709399484e-01
6.980000000000000426e+00,1.908158875949980127e-01
6.980999999999999872e+00,2.453811025481264507e-01
6.982000000000000206e+00,2.755173833822512908e-01
6.983000000000000540e+00,3.389705764598077709e-01
6.983999999999999986e+00,3.255309028379189673e-01
6.985000000000000320e+00,3.353048894655277778e-01
6.985999999999999766e+00,3.422862718799144499e-01
6.987000000000000099e+00,3.337728937559477638e-01
6.988000000000000433e+00,3.013145435487895041e-01
6.988999999999999879e+00,3.094667313607321613e-01
6.990000000000000213e+00,2.490134739779302497e-01
6.991000000000000547e+00,2.240704836412805989e-01
6.991999999999999993e+00,2.142304926003577581e-01
6.993000000000000327e+00,2.131954332625400073e-01
6.993999999999999773e+00,1.911559720689848252e-01
6.995000000000000107e+00,1.912398879800328022e-01
6.996000000000000441e+00,1.849561696638573061e-01
6.996999999999999886e+00,2.322030298569543461e-01
6.998000000000000220e+00,2.077796281445884463e-01
6.999000000000000554e+00,2.481398798815554474e-01
7.000000000000000000e+00,3.091113728314237585e-01
7.001000000000000334e+00,3.278368388149089374e-01
7.001999999999999780e+00,3.707931510566760402e-01
7.003000000000000114e+00,3.907753540729995700e-01
7.004000000000000448e+00,3.889132167449564359e-01
7.004999999999999893e+00,3.901849195969000483e-01
7.006000000000000227e+00,3.770877481848824986e-01
7.007000000000000561e+00,4.051635814804139257e-01
7.008000000000000007e+00,3.987291916854485141e-01
7.009000000000000341e+00,3.595159948690130891e-01
7.009999999999999787e+00,3.344026653023520201e-01
7.011000000000000121e+00,3.215796481162458420e-01
7.012000000000000455e+00,2.215992150158772600e-01
7.012999999999999901e+00,2.560255251294951129e-01
7.014000000000000234e+00,2.602444754566776708e-01
7.015000000000000568e+00,2.318042589073274484e-01
7.016000000000000014e+00,2.058437790472819051e-01
7.017000000000000348e+00,2.912225607615104850e-01
7.017999999999999794e+00,3.058976581504569414e-01
7.019000000000000128e+00,3.313306274103645088e-01
7.020000000000000462e+00,3.654710001847157330e-01
7.020999999999999908e+00,3.757185698978852129e-01
7.022000000000000242e+00,4.168516680322934542e-01
7.023000000000000576e+00,4.547205081295665474e-01
7.024000000000000021e+00,4.496977993020432329e-01
7.025000000000000355e+00,4.873966586300583215e-01
7.025999999999999801e+00,5.006926395969425458e-01
7.027000000000000135e+00,4.349831900441303856e-01
7.028000000000000469e+00,4.427751591557455013e-01
7.028999999999999915e+00,4.061249758171055491e-01
7.030000000000000249e+00,3.820551580912801004e-01
7.031000000000000583e+00,3.441151894318262294e-01
7.032000000000000028e+00,3.208378551410726587e-01
7.033000000000000362e+00,3.127184346861294761e-01
7.033999999999999808e+00,2.958369519071701870e-01
7.035000000000000142e+00,3.076794112008971460e-01
7.036000000000000476e+00,3.149865477793165058e-01
7.036999999999999922e+00,3.362564497781983519e-01
7.038000000000000256e+00,3.374577636082243814e-01
7.039000000000000590e+00,3.417342863020959576e-01
7.040000000000000036e+00,4.109758800058163075e-01
7.041000000000000369e+00,4.476642854368491076e-01
7.041999999999999815e+00,4.197432118078492369e-01
7.043000000000000149e+00,4.698923525893379249e-01
7.044000000000000483e+00,5.019910403744087812e-01
7.044999999999999929e+00,5.364790667834133941e-01
7.046000000000000263e+00,5.505956577383815942e-01
7.046999999999999709e+00,5.029476360750859687e-01
7.048000000000000043e+00,4.746747380903951763e-01
7.049000000000000377e+00,4.580861186764803583e-01
7.049999999999999822e+00,4.429411709417688248e-01
7.051000000000000156e+00,3.792350198589042876e-01
7.052000000000000490e+00,3.687735650459325054e-01
7.052999999999999936e+00,3.783802344161847353e-01
7.054000000000000270e+00,3.714132544312326867e-01
7.054999999999999716e+00,3.529145665491381090e-01
7.056000000000000050e+00,3.337320147285252614e-01
7.057000000000000384e+00,3.355610088489172638e-01
7.057999999999999829e+00,3.608011610923194112e-01
7.059000000000000163e+00,4.290434845474180858e-01
7.060000000000000497e+00,4.421685423124422920e-01
7.060999999999999943e+00,4.705012370061117943e-01
7.062000000000000277e+00,4.777841713184977079e-01
7.062999999999999723e+00,4.831491639305751651e-01
7.064000000000000057e+00,5.327710703890371491e-01
7.065000000000000391e+00,5.530718280424433697e-01
7.065999999999999837e+00,5.575136011951704607e-01
7.067000000000000171e+00,5.538580547451676939e-01
7.068000000000000504e+00,5.217322658008025638e-01
7.068999999999999950e+00,4.636969409957663601e-01
7.070000000000000284e+00,4.409529426902921156e-01
7.070999999999999730e+00,4.371184387583111342e-01
7.072000000000000064e+00,3.899517181365471652e-01
7.073000000000000398e+00,3.639923746693925488e-01
7.073999999999999844e+00,3.766792457706521491e-01
7.075000000000000178e+00,3.353560207917796188e-01
7.076000000000000512e+00,3.866715115898149424e-01
7.076999999999999957e+00,3.679141102971190680e-01
7.078000000000000291e+00,4.105977161707733414e-01
7.078999999999999737e+00,4.533507250307515779e-01
7.080000000000000071e+00,4.724515901043788157e-01
7.081000000000000405e+00,4.782117768592324958e-01
7.081999999999999851e+00,5.141522769068842535e-01
7.083000000000000185e+00,5.584474686725364734e-01
7.084000000000000519e+00,5.813679864531486885e-01
7.084999999999999964e+00,5.723840837918591218e-01
7.086000000000000298e+00,5.722905985808557361e-01
7.086999999999999744e+00,5.754692697407610691e-01
7.088000000000000078e+00,5.577551353934102618e-01
7.089000000000000412e+00,5.231149669806964830e-01
7.089999999999999858e+00,4.954118175594011131e-01
7.091000000000000192e+00,4.468537662750468042e-01
7.092000000000000526e+00,4.025055073623683422e-01
7.092999999999999972e+00,4.149322237305881345e-01
7.094000000000000306e+00,4.113083942434239137e-01
7.094999999999999751e+00,4.056638710344323551e-01
7.096000000000000085e+00,4.042355597034114068e-01
7.097000000000000419e+00,4.261395204581037710e-01
7.097999999999999865e+00,4.216574510160449596e-01
7.099000000000000199e+00,4.211346529428255936e-01
7.100000000000000533e+00,4.911425507429577064e-01
7.100999999999999979e+00,5.012167737463406603e-01
7.102000000000000313e+00,5.306552484252100577e-01
7.102999999999999758e+00,5.736913414324688043e-01
7.104000000000000092e+00,5.855865255429462124e-01
7.105000000000000426e+00,6.044863473689420230e-01
7.105999999999999872e+00,6.038188046106952589e-01
7.107000000000000206e+00,5.935601401625862916e-01
7.108000000000000540e+00,5.490476975129497950e-01
7.108999999999999986e+00,4.820990826919424044e-01
7.110000000000000320e+00,5.088277269324442686e-01
7.110999999999999766e+00,4.462571266937027104e-01
7.112000000000000099e+00,4.023184466246421120e-01
7.113000000000000433e+00,4.504097726101656818e-01
7.113999999999999879e+00,4.148839808033311094e-01
7.115000000000000213e+00,3.739191908316058521e-01
7.116000000000000547e+00,4.154454252847009643e-01
7.116999999999999993e+00,4.222385094566458719e-01
7.118000000000000327e+00,4.429666167793823162e-01
7.118999999999999773e+00,4.814448478922367380e-01
7.120000000000000107e+00,5.088019562936996198e-01
7.121000000000000441e+00,5.624662169861386340e-01
7.121999999999999886e+00,5.331945175824318595e-01
7.123000000000000220e+00,5.540881970968078996e-01
7.124000000000000554e+00,5.963452255860679507e-01
7.125000000000000000e+00,5.777276837610383353e-01
7.126000000000000334e+00,5.893276139034308025e-01
7.126999999999999780e+00,5.853703863960049159e-01
7.128000000000000114e+00,5.900685891048675913e-01
7.129000000000000448e+00,5.122509447794096893e-01
7.129999999999999893e+00,4.961305072118121218e-01
7.131000000000000227e+00,4.608344843927608681e-01
7.132000000000000561e+00,4.312709918264431841e-01
7.133000000000000007e+00,3.702988209163586841e-01
7.134000000000000341e+00,4.157496343935978556e-01
7.134999999999999787e+00,4.453858485542339096e-01
7.136000000000000121e+00,4.110800967113090176e-01
7.137000000000000455e+00,4.456491012341706748e-01
7.137999999999999901e+00,4.297052054777035224e-01
7.139000000000000234e+00,4.349465084536826009e-01
7.140000000000000568e+00,4.818655842248160681e-01
7.141000000000000014e+00,5.333390960625740140e-01
7.142000000000000348e+00,5.557372435441978453e-01
7.142999999999999794e+00,5.497549055915034177e-01
7.144000000000000128e+00,6.116629857013965443e-01
7.145000000000000462e+00,5.900743155196639389e-01
7.145999999999999908e+00,5.759371576416711935e-01
7.147000000000000242e+00,5.905744490657161005e-01
7.148000000000000576e+00,5.449045260589266970e-01
7.149000000000000021e+00,5.126014025573123467e-01
7.150000000000000355e+00,4.605215361259855089e-01
7.150999999999999801e+00,4.792334875994650467e-01
7.152000000000000135e+00,4.044282753164566424e-01
7.153000000000000469e+00,3.619879880758192225e-01
7.153999999999999915e+00,3.639743472456118401e-01
7.155000000000000249e+00,3.988647189761906908e-01
7.156000000000000583e+00,3.739008946021526447e-01
7.157000000000000028e+00,3.989377811010840214e-01
7.158000000000000362e+00,3.760312381109634505e-01
7.158999999999999808e+00,3.676944642248264339e-01
7.160000000000000142e+00,4.754817832261816202e-01
7.161000000000000476e+00,4.971314391381180808e-01
7.161999999999999922e+00,5.357164977271900996e-01
7.163000000000000256e+00,5.673775539834247095e-01
7.164000000000000590e+00,5.680402097293688612e-01
7.165000000000000036e+00,5.611603944800256372e-01
7.166000000000000369e+00,5.539749260039139589e-01
7.166999999999999815e+00,5.123949679167019156e-01
7.168000000000000149e+00,5.498662548889008406e-01
7.169000000000000483e+00,4.949030830661907410e-01
7.169999999999999929e+00,4.481201559897187714e-01
7.171000000000000263e+00,3.856210443747048466e-01
7.171999999999999709e+00,3.871168598257519466e-01
7.173000000000000043e+00,3.967035441089278858e-01
7.174000000000000377e+00,3.683798786363598476e-01
7.174999999999999822e+00,3.489703398475673124e-01
7.176000000000000156e+00,3.049997315670328613e-01
7.177000000000000490e+00,3.811257181470212307e-01
7.177999999999999936e+00,3.838918662750523403e-01
7.179000000000000270e+00,4.228237263455306705e-01
7.179999999999999716e+00,4.441640926969764314e-01
7.181000000000000050e+00,4.085567308530506647e-01
7.182000000000000384e+00,4.741962610346043827e-01
7.182999999999999829e+00,5.131709959714787495e-01
7.184000000000000163e+00,5.138577189394508693e-01
7.185000000000000497e+00,4.998672434349705762e-01
7.185999999999999943e+00,4.975615049225364239e-01
7.187000000000000277e+00,5.188970697421784184e-01
7.187999999999999723e+00,4.905578662071261586e-01
7.189000000000000057e+00,4.517399750796124991e-01
7.190000000000000391e+00,4.094884742953573964e-01
7.190999999999999837e+00,3.989740417805526795e-01
7.192000000000000171e+00,3.844548879266254104e-01
7.193000000000000504e+00,3.530522434438377877e-01
7.193999999999999950e+00,3.150440394413885903e-01
7.195000000000000284e+00,2.958103312201292301e-01
7.195999999999999730e+00,2.881461293434316451e-01
7.197000000000000064e+00,3.035499912747143259e-01
7.198000000000000398e+00,3.376232443070386058e-01
7.198999999999999844e+00,3.456575093829434842e-01
7.200000000000000178e+00,3.446990845866678144e-01
7.201000000000000512e+00,4.483805736141749931e-01
7.201999999999999957e+00,4.474867537745981783e-01
7.203000000000000291e+00,4.760561971190661601e-01
7.203999999999999737e+00,4.610986098116207632e-01
7.205000000000000071e+00,4.761353384832061053e-01
7.206000000000000405e+00,4.569878555283564681e-01
7.206999999999999851e+00,4.606974122947721240e-01
7.208000000000000185e+00,4.015137270655331769e-01
7.209000000000000519e+00,3.545585380181751622e-01
7.209999999999999964e+00,3.374745245727272525e-01
7.211000000000000298e+00,3.413444524141711622e-01
7.211999999999999744e+00,2.928341377517316158e-01
7.213000000000000078e+00,2.766172244541708625e-01
7.214000000000000412e+00,2.536429018636308652e-01
7.214999999999999858e+00,2.520400344686308802e-01
7.216000000000000192e+00,2.392790093793634443e-01
7.217000000000000526e+00,2.392405277827679422e-01
7.217999999999999972e+00,2.646402852710076914e-01
7.219000000000000306e+00,3.064387598534479840e-01
7.219999999999999751e+00,3.025498629409684170e-01
7.221000000000000085e+00,3.751245074665245371e-01
7.222000000000000419e+00,3.636247161830931662e-01
7.222999999999999865e+00,4.139373360398940216e-01
7.224000000000000199e+00,4.078179898589352481e-01
7.225000000000000533e+00,4.038033243528614813e-01
7.225999999999999979e+00,4.165990243131239557e-01
7.227000000000000313e+00,3.810570752078603629e-01
7.227999999999999758e+00,3.615626616751411726e-01
7.229000000000000092e+00,3.177950207524192772e-01
7.230000000000000426e+00,3.015669472037772469e-01
7.230999999999999872e+00,2.545660246289869755e-01
7.232000000000000206e+00,2.247806907543973554e-01
7.233000000000000540e+00,2.097001048979402760e-01
7.233999999999999986e+00,1.797445020274163474e-01
7.235000000000000320e+00,1.800849388878670021e-01
7.235999999999999766e+00,1.521816576956016853e-01
7.237000000000000099e+00,1.719229807992446180e-01
7.238000000000000433e+00,2.425228031037173770e-01
7.238999999999999879e+00,2.273841416678598626e-01
7.240000000000000213e+00,2.590533930049540579e-01
7.241000000000000547e+00,2.574692379132320075e-01
7.241999999999999993e+00,3.187108086360083137e-01
7.243000000000000327e+00,3.114969061975777498e-01
7.243999999999999773e+00,3.686557944721126079e-01
7.245000000000000107e+00,3.379395161978616668e-01
7.246000000000000441e+00,3.317606690093279354e-01
7.246999999999999886e+00,3.038226869714287792e-01
7.248000000000000220e+00,2.973539856064585929e-01
7.249000000000000554e+00,2.686736347135856295e-01
7.250000000000000000e+00,1.969549208556753972e-01
7.251000000000000334e+00,1.739552902627276298e-01
7.251999999999999780e+00,1.915808681319212115e-01
7.253000000000000114e+00,1.451030954178725019e-01
7.254000000000000448e+00,1.005677108806433684e-01
7.254999999999999893e+00,1.142942926861172659e-01
7.256000000000000227e+00,7.958768746945529826e-02
7.257000000000000561e+00,9.570649958545787706e-02
7.258000000000000007e+00,1.148892219656891950e-01
7.259000000000000341e+00,1.636952464600554547e-01
7.259999999999999787e+00,1.992577643173777668e-01
7.261000000000000121e+00,2.104595443209432148e-01
7.262000000000000455e+00,2.303831857183077925e-01
7.262999999999999901e+00,2.691607611749632367e-01
7.264000000000000234e+00,2.794017158059943218e-01
7.265000000000000568e+00,2.803348894971348093e-01
7.266000000000000014e+00,2.841737942495174973e-01
7.267000000000000348e+00,2.313755680342390320e-01
7.267999999999999794e+00,2.460465928685844628e-01
7.269000000000000128e+00,1.707251915878668647e-01
7.270000000000000462e+00,1.369411421557256148e-01
7.270999999999999908e+00,1.382101467572309228e-01
7.272000000000000242e+00,8.738480730753681036e-02
7.273000000000000576e+00,3.713489865641357579e-02
7.274000000000000021e+00,8.144456726322407691e-02
7.275000000000000355e+00,3.914099797423495342e-02
7.275999999999999801e+00,4.469292267789262696e-02
7.277000000000000135e+00,2.129553933977197666e-02
7.278000000000000469e+00,8.107433736182931283e-02
7.278999999999999915e+00,1.170291454484156113e-01
7.280000000000000249e+00,1.247284330513206141e-01
7.281000000000000583e+00,9.404170744357039091e-02
7.282000000000000028e+00,1.766260692917978603e-01
7.283000000000000362e+00,1.609132571007956813e-01
7.283999999999999808e+00,1.833586777944699042e-01
7.285000000000000142e+00,1.737506598625763732e-01
7.286000000000000476e+00,1.948133056821274578e-01
7.286999999999999922e+00,1.840041553201940128e-01
7.288000000000000256e+00,1.556265872257819316e-01
7.289000000000000590e+00,9.464016656188303789e-02
7.290000000000000036e+00,4.716567251799893418e-02
7.291000000000000369e+00,1.879423906577148279e-02
7.291999999999999815e+00,-2.855506362459415970e-02
7.293000000000000149e+00,-2.829991547734984902e-02
7.294000000000000483e+00,-5.816103301755590205e-02
7.294999999999999929e+00,-3.979873885748377860e-02
7.296000000000000263e+00,-5.117530784807921423e-02
7.296999999999999709e+00,-4.426172700183735043e-02
7.298000000000000043e+00,-1.851069734913332598e-02
7.299000000000000377e+00,-3.800814098895519827e-03
7.299999999999999822e+00,1.420347128557494093e-02
7.301000000000000156e+00,1.405383935158210570e-02
7.302000000000000490e+00,8.632424454211838627e-02
7.302999999999999936e+00,9.669432450720651107e-02
7.304000000000000270e+00,9.057417509559502478e-02
7.304999999999999716e+00,1.179383842243336145e-01
7.306000000000000050e+00,1.063801981244175271e-01
7.307000000000000384e+00,5.557873242919535856e-02
7.307999999999999829e+00,6.059555241338777931e-02
7.309000000000000163e+00,2.866530425943593363e-02
7.310000000000000497e+00,-2.111566508093432395e-03
7.310999999999999943e+00,-4.648101603757792688e-02
7.312000000000000277e+00,-5.448639844905135698e-02
7.312999999999999723e+00,-1.204376875028330546e-01
7.314000000000000057e+00,-1.200612733097812801e-01
7.315000000000000391e+00,-1.357796798520004011e-01
7.315999999999999837e+00,-1.161768584529911663e-01
7.317000000000000171e+00,-1.293206458534670311e-01
7.318000000000000504e+00,-1.145082473926569699e-01
7.318999999999999950e+00,-9.257018656620055741e-02
7.320000000000000284e+00,-4.880857041985348088e-02
7.320999999999999730e+00,-2.240262458493958581e-02
7.322000000000000064e+00,1.626047232121746039e-02
7.323000000000000398e+00,-2.238501182915987597e-02
7.323999999999999844e+00,4.155696877433695535e-03
7.325000000000000178e+00,4.958638418607992648e-02
7.326000000000000512e+00,3.423582597324364984e-03
7.326999999999999957e+00,-1.512196899940658479e-02
7.328000000000000291e+00,2.474374451521578477e-03
7.328999999999999737e+00,-7.719679915154284422e-02
7.330000000000000071e+00,-1.045651043197595581e-01
7.331000000000000405e+00,-1.421286571680047406e-01
7.331999999999999851e+00,-1.647008539194009524e-01
7.333000000000000185e+00,-2.009512044777264916e-01
7.334000000000000519e+00,-2.125527939211012685e-01
7.334999999999999964e+00,-2.036305974479975522e-01
7.336000000000000298e+00,-2.034060609806057351e-01
7.336999999999999744e+00,-1.975786701884170715e-01
7.338000000000000078e+00,-1.915344036083108936e-01
7.339000000000000412e+00,-1.087675537729564240e-01
7.339999999999999858e+00,-1.439896268828353976e-01
7.341000000000000192e+00,-1.223504716490397271e-01
7.342000000000000526e+00,-1.009633903877612260e-01
7.342999999999999972e+00,-7.116832181664119183e-02
7.344000000000000306e+00,-6.805978818612250236e-02
7.344999999999999751e+00,-6.448816226182521594e-02
7.346000000000000085e+00,-4.367436009195874158e-02
7.347000000000000419e+00,-4.076388129621118239e-02
7.347999999999999865e+00,-9.790319083727980209e-02
7.349000000000000199e+00,-1.089310560304973530e-01
7.350000000000000533e+00,-2.081501498224814783e-01
7.350999999999999979e+00,-2.428681660577997059e-01
7.352000000000000313e+00,-2.436925773051118460e-01
7.352999999999999758e+00,-2.846739115325733760e-01
7.354000000000000092e+00,-2.727686160922632164e-01
7.355000000000000426e+00,-3.000418081274878745e-01
7.355999999999999872e+00,-2.848222500934164958e-01
7.357000000000000206e+00,-3.158722872854751729e-01
7.358000000000000540e+00,-2.340069754791934686e-01
7.358999999999999986e+00,-2.309056519634999916e-01
7.360000000000000320e+00,-2.465041175997601530e-01
7.360999999999999766e+00,-1.652934631797403908e-01
7.362000000000000099e+00,-1.435219243984880988e-01
7.363000000000000433e+00,-1.308703049076166969e-01
7.363999999999999879e+00,-1.637406749683213425e-01
7.365000000000000213e+00,-1.366260512869607868e-01
7.366000000000000547e+00,-1.063594330820525208e-01
7.366999999999999993e+00,-1.585877119980565464e-01
7.368000000000000327e+00,-1.752702788247687271e-01
7.368999999999999773e+00,-1.889695631455213798e-01
7.370000000000000107e+00,-2.517027138652350171e-01
7.371000000000000441e+00,-2.927804368188434703e-01
7.371999999999999886e+00,-2.721114454353509848e-01
7.373000000000000220e+00,-3.562241043648561867e-01
7.374000000000000554e+00,-3.203195894283346057e-01
7.375000000000000000e+00,-3.478606410670340710e-01
7.376000000000000334e+00,-3.787978621467052998e-01
7.376999999999999780e+00,-3.717333017244605631e-01
7.378000000000000114e+00,-3.531881236732406504e-01
7.379000000000000448e+00,-3.140343226860637382e-01
7.379999999999999893e+00,-3.002525570955105194e-01
7.381000000000000227e+00,-2.324145087653955999e-01
7.382000000000000561e+00,-2.415446973728191671e-01
7.383000000000000007e+00,-1.754994527794424553e-01
7.384000000000000341e+00,-1.789690762096764476e-01
7.384999999999999787e+00,-2.156784785224924172e-01
7.386000000000000121e+00,-1.957881417811485059e-01
7.387000000000000455e+00,-2.122218836478572679e-01
7.387999999999999901e+00,-2.330843993754035948e-01
7.389000000000000234e+00,-2.978633097547236375e-01
7.390000000000000568e+00,-2.833729157745357718e-01
7.391000000000000014e+00,-3.153031824874802935e-01
7.392000000000000348e+00,-3.578710230923621283e-01
7.392999999999999794e+00,-4.273755089861331347e-01
7.394000000000000128e+00,-4.487766311336981451e-01
7.395000000000000462e+00,-4.251053425808145603e-01
7.395999999999999908e+00,-4.390588466155690428e-01
7.397000000000000242e+00,-4.113760811968972253e-01
7.398000000000000576e+00,-4.256860268247056323e-01
7.399000000000000021e+00,-3.570714158910966995e-01
7.400000000000000355e+00,-3.582341850023429419e-01
7.400999999999999801e+00,-3.128969216897415917e-01
7.402000000000000135e+00,-3.418851200728391104e-01
7.403000000000000469e+00,-2.324026132496020136e-01
7.403999999999999915e+00,-2.397711199320703424e-01
7.405000000000000249e+00,-2.701787844707573827e-01
7.406000000000000583e+00,-2.787038160528923503e-01
7.407000000000000028e+00,-2.824745928999590761e-01
7.408000000000000362e+00,-3.088494181890190093e-01
7.408999999999999808e+00,-3.441866372628779591e-01
7.410000000000000142e+00,-3.840102870024338921e-01
7.411000000000000476e+00,-4.261023731547559645e-01
7.411999999999999922e+00,-4.262941668924154492e-01
7.413000000000000256e+00,-4.601261755585987490e-01
7.414000000000000590e+00,-5.038701906405458342e-01
7.415000000000000036e+00,-4.752101940364202859e-01
7.416000000000000369e+00,-5.221473736193755766e-01
7.416999999999999815e+00,-4.803875116571221238e-01
7.418000000000000149e+00,-4.453216659096540520e-01
7.419000000000000483e+00,-4.360162124310548726e-01
7.419999999999999929e+00,-4.060081561654118043e-01
7.421000000000000263e+00,-3.964750776651192465e-01
7.422000000000000597e+00,-3.612929591163291931e-01
7.423000000000000043e+00,-3.119305835821176709e-01
7.424000000000000377e+00,-3.208717133767982621e-01
7.424999999999999822e+00,-3.111626009568401185e-01
7.426000000000000156e+00,-3.083051311666656358e-01
7.427000000000000490e+00,-3.179001943820567999e-01
7.427999999999999936e+00,-3.793453824625808157e-01
7.429000000000000270e+00,-3.682417590062274093e-01
7.429999999999999716e+00,-3.970676880328088409e-01
7.431000000000000050e+00,-4.529628894618388801e-01
7.432000000000000384e+00,-4.778755301716331449e-01
7.432999999999999829e+00,-5.150633852609565189e-01
7.434000000000000163e+00,-5.504068649488526033e-01
7.435000000000000497e+00,-5.225738975003134668e-01
7.435999999999999943e+00,-5.226632501508418072e-01
7.437000000000000277e+00,-5.162223846539198968e-01
7.437999999999999723e+00,-5.376277183218503009e-01
7.439000000000000057e+00,-4.486739426859143731e-01
7.440000000000000391e+00,-5.080250582303964535e-01
7.440999999999999837e+00,-4.203660754928402188e-01
7.442000000000000171e+00,-4.148153773007684508e-01
7.443000000000000504e+00,-3.721781621903847981e-01
7.443999999999999950e+00,-3.520994402480343566e-01
7.445000000000000284e+00,-3.659186466932234927e-01
7.445999999999999730e+00,-3.886674327954638963e-01
7.447000000000000064e+00,-3.898628451215128132e-01
7.448000000000000398e+00,-3.738741458006992757e-01
7.448999999999999844e+00,-4.339155362420608064e-01
7.450000000000000178e+00,-4.644570594924484763e-01
7.451000000000000512e+00,-4.685798384904120706e-01
7.451999999999999957e+00,-4.968474912601423821e-01
7.453000000000000291e+00,-5.406082801515612601e-01
7.453999999999999737e+00,-5.704345971811377591e-01
7.455000000000000071e+00,-5.560609767312253426e-01
7.456000000000000405e+00,-5.679874246160366846e-01
7.456999999999999851e+00,-5.150784844931277640e-01
7.458000000000000185e+00,-4.870669382470357300e-01
7.459000000000000519e+00,-4.942478567209951379e-01
7.459999999999999964e+00,-4.844337771539254378e-01
7.461000000000000298e+00,-4.571475972095038753e-01
7.461999999999999744e+00,-4.201558984079882819e-01
7.463000000000000078e+00,-3.586610259779001719e-01
7.464000000000000412e+00,-3.671037476116683074e-01
7.464999999999999858e+00,-3.811276886237987549e-01
7.466000000000000192e+00,-3.721386027375440109e-01
7.467000000000000526e+00,-3.944490800616599069e-01
7.467999999999999972e+00,-4.173742810114214885e-01
7.469000000000000306e+00,-4.569801858103335612e-01
7.469999999999999751e+00,-4.927907984449962919e-01
7.471000000000000085e+00,-4.957750385220334177e-01
7.472000000000000419e+00,-5.507331645806937681e-01
7.472999999999999865e+00,-5.763433013231273883e-01
7.474000000000000199e+00,-5.493108371139115986e-01
7.475000000000000533e+00,-5.997768759649538817e-01
7.475999999999999979e+00,-5.426552486234554884e-01
7.477000000000000313e+00,-5.841405825681715847e-01
7.477999999999999758e+00,-5.682208671695505586e-01
7.479000000000000092e+00,-5.609899604280943475e-01
7.480000000000000426e+00,-4.761018972528038296e-01
7.480999999999999872e+00,-4.222843124089755151e-01
7.482000000000000206e+00,-4.639641112953828972e-01
7.483000000000000540e+00,-3.598933908876862930e-01
7.483999999999999986e+00,-4.566764544978925144e-01
7.485000000000000320e+00,-4.098718635948624955e-01
7.485999999999999766e+00,-3.800021590919087089e-01
7.487000000000000099e+00,-4.450172364477978926e-01
7.488000000000000433e+00,-4.110591274016116015e-01
7.488999999999999879e+00,-4.321992005054607344e-01
7.490000000000000213e+00,-4.737695986563897343e-01
7.491000000000000547e+00,-5.433011408208520132e-01
7.491999999999999993e+00,-5.802347211409201178e-01
7.493000000000000327e+00,-5.970372575833602369e-01
7.493999999999999773e+00,-6.155863383750381779e-01
7.495000000000000107e+00,-6.221854909757306151e-01
7.496000000000000441e+00,-6.101083114039455024e-01
7.496999999999999886e+00,-5.586025116412275393e-01
7.498000000000000220e+00,4.238012232712313754e-01
7.499000000000000554e+00,-2.254076872233448658e-01
7.500000000000000000e+00,-9.438289518739061412e-01
7.501000000000000334e+00,-4.478170263411746510e-01
7.501999999999999780e+00,-4.666030177802293899e-01
7.503000000000000114e+00,-4.445443805727322117e-01
7.504000000000000448e+00,-3.956401607278270394e-01
7.504999999999999893e+00,-3.890925257500830181e-01
7.506000000000000227e+00,-4.039004360403654625e-01
7.507000000000000561e+00,-4.184462970650887348e-01
7.508000000000000007e+00,-4.555436070176327457e-01
7.509000000000000341e+00,-4.598004041369929129e-01
7.509999999999999787e+00,-5.452400707394389201e-01
7.511000000000000121e+00,-5.345681585334728370e-01
7.512000000000000455e+00,-5.530509921443322874e-01
7.512999999999999901e+00,-5.395022809478087211e-01
7.514000000000000234e+00,-5.729911075588826064e-01
7.515000000000000568e+00,-6.180085650553911458e-01
7.516000000000000014e+00,-5.943972575269411696e-01
7.517000000000000348e+00,-5.765593195155934714e-01
7.517999999999999794e+00,-5.411533703080669833e-01
7.519000000000000128e+00,-5.455103003985275478e-01
7.520000000000000462e+00,-5.020115612654302284e-01
7.520999999999999908e+00,-4.285495999228610686e-01
7.522000000000000242e+00,-4.339843510433132878e-01
7.523000000000000576e+00,-3.867248733099226121e-01
7.524000000000000021e+00,-4.391997843672067470e-01
7.525000000000000355e+00,-3.907836575141295787e-01
7.525999999999999801e+00,-4.014075860925047090e-01
7.527000000000000135e+00,-4.248707981391761090e-01
7.528000000000000469e+00,-4.306686865964335365e-01
7.528999999999999915e+00,-4.474763366679138654e-01
7.530000000000000249e+00,-4.907864452537510913e-01
7.531000000000000583e+00,-5.142825584341910172e-01
7.532000000000000028e+00,-5.388893207049675338e-01
7.533000000000000362e+00,-5.727177804655652071e-01
7.533999999999999808e+00,-5.980318143772251904e-01
7.535000000000000142e+00,-6.137468133880726873e-01
7.536000000000000476e+00,-5.907298028336309681e-01
7.536999999999999922e+00,-5.677647600408428641e-01
7.538000000000000256e+00,-5.284609289392113718e-01
7.539000000000000590e+00,-5.193413733454009806e-01
7.540000000000000036e+00,-4.530710688077682069e-01
7.541000000000000369e+00,-4.387406987726097940e-01
7.541999999999999815e+00,-4.491092514564191673e-01
7.543000000000000149e+00,-4.151414885994682002e-01
7.544000000000000483e+00,-3.780896392960031438e-01
7.544999999999999929e+00,-3.517124820504007321e-01
7.546000000000000263e+00,-3.601773417141246880e-01
7.547000000000000597e+00,-3.928667272384572806e-01
7.548000000000000043e+00,-3.811664154751140954e-01
7.549000000000000377e+00,-4.435035490012779746e-01
7.549999999999999822e+00,-4.331263867395311329e-01
7.551000000000000156e+00,-5.146397466980348057e-01
7.552000000000000490e+00,-5.256084288684101935e-01
7.552999999999999936e+00,-5.563053408655512788e-01
7.554000000000000270e+00,-5.283204286093666768e-01
7.554999999999999716e+00,-5.738427466764373097e-01
7.556000000000000050e+00,-5.431816224807806126e-01
7.557000000000000384e+00,-4.927935891346781339e-01
7.557999999999999829e+00,-5.351682939509173620e-01
7.559000000000000163e+00,-4.627083100783890290e-01
7.560000000000000497e+00,-4.240562736185261028e-01
7.560999999999999943e+00,-4.408341312897859354e-01
7.562000000000000277e+00,-3.775444679250870572e-01
7.562999999999999723e+00,-3.446757295069748372e-01
7.564000000000000057e+00,-3.173972255682439014e-01
7.565000000000000391e+00,-2.932343197004869673e-01
7.565999999999999837e+00,-3.696122712334066751e-01
7.567000000000000171e+00,-3.526600145040439949e-01
7.568000000000000504e+00,-3.544086266762864756e-01
7.568999999999999950e+00,-3.792291377712970757e-01
7.570000000000000284e+00,-4.212726861910361942e-01
7.570999999999999730e+00,-4.338356542930251192e-01
7.572000000000000064e+00,-4.557409845436419249e-01
7.573000000000000398e+00,-4.870773126780471585e-01
7.573999999999999844e+00,-5.378007290667824458e-01
7.575000000000000178e+00,-5.061057256530694382e-01
7.576000000000000512e+00,-4.829172353304810317e-01
7.576999999999999957e+00,-4.903913891690009352e-01
7.578000000000000291e+00,-4.696877464221408394e-01
7.578999999999999737e+00,-4.184908796672914266e-01
7.580000000000000071e+00,-4.242259158866780733e-01
7.581000000000000405e+00,-3.710652423918908704e-01
7.581999999999999851e+00,-3.529189427210098762e-01
7.583000000000000185e+00,-3.165746715935793265e-01
7.584000000000000519e+00,-2.762367838201996717e-01
7.584999999999999964e+00,-2.312871001707805518e-01
7.586000000000000298e+00,-3.115530520203174114e-01
7.586999999999999744e+00,-2.878888544928599469e-01
7.588000000000000078e+00,-3.353963908477910483e-01
7.589000000000000412e+00,-3.041625110518844100e-01
7.589999999999999858e+00,-3.850027830666422624e-01
7.591000000000000192e+00,-4.040649200840152888e-01
7.592000000000000526e+00,-3.999034639813808800e-01
7.592999999999999972e+00,-4.705102476507682097e-01
7.594000000000000306e+00,-4.297385879405775100e-01
7.594999999999999751e+00,-4.385787503331356474e-01
7.596000000000000085e+00,-4.602924926664676564e-01
7.597000000000000419e+00,-4.289935868646154726e-01
7.597999999999999865e+00,-4.082279678870248119e-01
7.599000000000000199e+00,-3.986308419900658206e-01
7.600000000000000533e+00,-3.714878595304392794e-01
7.600999999999999979e+00,-3.112188102760170549e-01
7.602000000000000313e+00,-2.603142846644361796e-01
7.602999999999999758e+00,-2.531136490691963670e-01
7.604000000000000092e+00,-2.331243433167610180e-01
7.605000000000000426e+00,-2.071545547313381752e-01
7.605999999999999872e+00,-2.110595318438663326e-01
7.607000000000000206e+00,-2.097262241395411453e-01
7.608000000000000540e+00,-2.673081172054095345e-01
7.608999999999999986e+00,-3.023958608543375060e-01
7.610000000000000320e+00,-3.291270770541031565e-01
7.610999999999999766e+00,-3.501822452675315001e-01
7.612000000000000099e+00,-3.306791046742010853e-01
7.613000000000000433e+00,-3.731468415410069128e-01
7.613999999999999879e+00,-3.956822444367008029e-01
7.615000000000000213e+00,-4.081866498795692078e-01
7.616000000000000547e+00,-3.509207829363283349e-01
7.616999999999999993e+00,-3.522266561581942623e-01
7.618000000000000327e+00,-3.655942179442682183e-01
7.618999999999999773e+00,-3.014514436937671960e-01
7.620000000000000107e+00,-3.098244359994918318e-01
7.621000000000000441e+00,-2.661380489576018471e-01
7.621999999999999886e+00,-2.239675171832294920e-01
7.623000000000000220e+00,-2.057158736204877103e-01
7.624000000000000554e+00,-1.525161128559464618e-01
7.625000000000000000e+00,-1.592349396818865392e-01
7.626000000000000334e+00,-1.653279494218987122e-01
7.626999999999999780e+00,-1.752247161769857065e-01
7.628000000000000114e+00,-2.130939207879069264e-01
7.629000000000000448e+00,-2.135380710918383662e-01
7.629999999999999893e+00,-2.620621234566123947e-01
7.631000000000000227e+00,-2.489919339437207391e-01
7.632000000000000561e+00,-3.031657067368576652e-01
7.633000000000000007e+00,-3.216036014285953981e-01
7.634000000000000341e+00,-3.148557435209329292e-01
7.634999999999999787e+00,-3.273448771437456051e-01
7.636000000000000121e+00,-3.283061416697292678e-01
7.637000000000000455e+00,-2.912834183216322370e-01
7.637999999999999901e+00,-2.893026315536484372e-01
7.639000000000000234e+00,-2.472456099741825453e-01
7.640000000000000568e+00,-2.166825455321736704e-01
7.641000000000000014e+00,-2.114412864186892282e-01
7.642000000000000348e+00,-1.326830760425732336e-01
7.642999999999999794e+00,-1.321840692765748615e-01
7.644000000000000128e+00,-1.345809092289128039e-01
7.645000000000000462e+00,-1.183460345048683304e-01
7.645999999999999908e+00,-6.295709721261553982e-02
7.647000000000000242e+00,-9.355252905062193258e-02
7.648000000000000576e+00,-1.131739112035320682e-01
7.649000000000000021e+00,-1.456814857785833084e-01
7.650000000000000355e+00,-1.645570605327986713e-01
7.650999999999999801e+00,-1.951445087399347744e-01
7.652000000000000135e+00,-2.049304944976380882e-01
7.653000000000000469e+00,-2.432545911623326673e-01
7.653999999999999915e+00,-2.760176975974890090e-01
7.655000000000000249e+00,-2.463599868395907055e-01
7.656000000000000583e+00,-2.229997542602011051e-01
7.657000000000000028e+00,-2.064953370911041808e-01
7.658000000000000362e+00,-1.520154277036909196e-01
7.658999999999999808e+00,-1.495365139136600463e-01
7.660000000000000142e+00,-1.288204659075330993e-01
7.661000000000000476e+00,-9.795958366381191107e-02
7.661999999999999922e+00,-5.420187853768425323e-02
7.663000000000000256e+00,-1.437658614708677007e-02
7.664000000000000590e+00,7.935518067133801035e-03
7.665000000000000036e+00,1.823605013733947677e-02
7.666000000000000369e+00,-5.106512429977283496e-03
7.666999999999999815e+00,-9.937418850851045815e-03
7.668000000000000149e+00,-5.867218737627132030e-02
7.669000000000000483e+00,-4.316408551918773234e-02
7.669999999999999929e+00,-5.116873537343804429e-02
7.671000000000000263e+00,-1.081158491696561086e-01
7.672000000000000597e+00,-1.243446754439151702e-01
7.673000000000000043e+00,-1.677396343321091998e-01
7.674000000000000377e+00,-1.691987825500102516e-01
7.674999999999999822e+00,-1.647835851593599521e-01
7.676000000000000156e+00,-1.833322108305831533e-01
7.677000000000000490e+00,-1.319226567271768735e-01
7.677999999999999936e+00,-1.171841081060377154e-01
7.679000000000000270e+00,-8.702942559677623313e-02
7.679999999999999716e+00,-5.722197152208560039e-02
7.681000000000000050e+00,-2.499516762431673589e-03
7.682000000000000384e+00,3.709482732582523867e-02
7.682999999999999829e+00,1.184843995917178594e-02
7.684000000000000163e+00,5.874422640007374158e-02
7.685000000000000497e+00,5.620056402232991022e-02
7.685999999999999943e+00,1.015128081866249338e-01
7.687000000000000277e+00,3.178244484273794884e-02
7.687999999999999723e+00,4.311387407864517018e-02
7.689000000000000057e+00,-1.808164435382871721e-02
7.690000000000000391e+00,-1.105638714756245443e-03
7.690999999999999837e+00,-5.480986695829782873e-02
7.692000000000000171e+00,-2.695106909942776574e-02
7.693000000000000504e+00,-7.222262063738880966e-02
7.693999999999999950e+00,-1.071809690239860224e-01
7.695000000000000284e+00,-5.191386514716281320e-02
7.695999999999999730e+00,-5.377670200961590097e-02
7.697000000000000064e+00,-4.357085992811227104e-02
7.698000000000000398e+00,5.159857252679388162e-03
7.698999999999999844e+00,-1.181567820067106270e-02
7.700000000000000178e+00,4.011248037439667236e-02
7.701000000000000512e+00,5.816643140440770632e-02
7.701999999999999957e+00,1.046297550010497901e-01
7.703000000000000291e+00,1.327879490661520168e-01
7.703999999999999737e+00,1.458533654461476592e-01
7.705000000000000071e+00,1.276690959881700282e-01
7.706000000000000405e+00,1.513740615637761133e-01
7.706999999999999851e+00,1.297567194923411049e-01
7.708000000000000185e+00,1.329130055878429695e-01
7.709000000000000519e+00,1.302415004359473161e-01
7.709999999999999964e+00,7.587462285318478938e-02
7.711000000000000298e+00,5.597326507452436706e-02
7.711999999999999744e+00,1.499205005845852257e-02
7.713000000000000078e+00,-1.149749735554317365e-02
7.714000000000000412e+00,-7.480169832284819242e-03
7.714999999999999858e+00,-1.034225270372074457e-02
7.716000000000000192e+00,1.451458541902664323e-03
7.717000000000000526e+00,3.566444803145341069e-02
7.717999999999999972e+00,4.272851303227893222e-02
7.719000000000000306e+00,5.886266708885094789e-02
7.719999999999999751e+00,1.372938670658852278e-01
7.721000000000000085e+00,1.164997618878470392e-01
7.722000000000000419e+00,1.477816937331199454e-01
7.722999999999999865e+00,2.378434480686696939e-01
7.724000000000000199e+00,2.205561444080514355e-01
7.725000000000000533e+00,2.068288261105704628e-01
7.725999999999999979e+00,2.332267482323253094e-01
7.727000000000000313e+00,2.218111147515337278e-01
7.727999999999999758e+00,2.311785839512682239e-01
7.729000000000000092e+00,1.722697881717556168e-01
7.730000000000000426e+00,1.383026303923202416e-01
7.730999999999999872e+00,1.565597653807837830e-01
7.732000000000000206e+00,9.804625160510267723e-02
7.733000000000000540e+00,5.262724042392116774e-02
7.733999999999999986e+00,9.596026881619842963e-02
7.735000000000000320e+00,1.112588800561642721e-01
7.735999999999999766e+00,8.934578778329280158e-02
7.737000000000000099e+00,8.269339178640430776e-02
7.738000000000000433e+00,9.257958225735218871e-02
7.738999999999999879e+00,1.642769411464953810e-01
7.740000000000000213e+00,1.578539613125780061e-01
7.741000000000000547e+00,2.152099448611928256e-01
7.741999999999999993e+00,2.360790868222946148e-01
7.743000000000000327e+00,2.674983425144359384e-01
7.743999999999999773e+00,2.810633379150582201e-01
7.745000000000000107e+00,3.166602796647912665e-01
7.746000000000000441e+00,2.772548622292656528e-01
7.746999999999999886e+00,2.995220545066772933e-01
7.748000000000000220e+00,2.508365813672288613e-01
7.749000000000000554e+00,2.065604237630700724e-01
7.750000000000000000e+00,2.523834997392326307e-01
7.751000000000000334e+00,1.816042161142186195e-01
7.751999999999999780e+00,1.796632474875527186e-01
7.753000000000000114e+00,1.400345739547832480e-01
7.754000000000000448e+00,1.597978645271568854e-01
7.754999999999999893e+00,1.313095452463934887e-01
7.756000000000000227e+00,1.516947429837743888e-01
7.757000000000000561e+00,2.005147972604691409e-01
7.758000000000000007e+00,1.791963991481517748e-01
7.759000000000000341e+00,2.139522681728087683e-01
7.759999999999999787e+00,2.467176350694905151e-01
7.761000000000000121e+00,2.715588572899432784e-01
7.762000000000000455e+00,3.015569796844070893e-01
7.762999999999999901e+00,3.765636168734135536e-01
7.764000000000000234e+00,3.494641207647193326e-01
7.765000000000000568e+00,3.800550003741051119e-01
7.766000000000000014e+00,4.076603474295303342e-01
7.767000000000000348e+00,3.539363072495915197e-01
7.767999999999999794e+00,3.382853207186444222e-01
7.769000000000000128e+00,2.976157523119880577e-01
7.770000000000000462e+00,2.963357565316245279e-01
7.770999999999999908e+00,2.604534861359392717e-01
7.772000000000000242e+00,2.344609127867164911e-01
7.773000000000000576e+00,2.212464524743582017e-01
7.774000000000000021e+00,1.569558375473786849e-01
7.775000000000000355e+00,2.096892623292416491e-01
7.775999999999999801e+00,2.231598157295970053e-01
7.777000000000000135e+00,2.202308009815910905e-01
7.778000000000000469e+00,2.410686906664558371e-01
7.778999999999999915e+00,3.231888128803684368e-01
7.780000000000000249e+00,3.592549234383796697e-01
7.781000000000000583e+00,3.658405934411714799e-01
7.782000000000000028e+00,4.221679640012311885e-01
7.783000000000000362e+00,4.105308902320196629e-01
7.783999999999999808e+00,4.575951068843049363e-01
7.785000000000000142e+00,4.465858991668426592e-01
7.786000000000000476e+00,4.138391033986716372e-01
7.786999999999999922e+00,4.258013045180459311e-01
7.788000000000000256e+00,4.029460366189661080e-01
7.789000000000000590e+00,3.994840270582894481e-01
7.790000000000000036e+00,3.807877765142092530e-01
7.791000000000000369e+00,3.139325874325284982e-01
7.791999999999999815e+00,3.660751539227031781e-01
7.793000000000000149e+00,2.721831672924524548e-01
7.794000000000000483e+00,2.688972158794842304e-01
7.794999999999999929e+00,2.774278883609621049e-01
7.796000000000000263e+00,2.704044249812879719e-01
7.797000000000000597e+00,2.610236949040804499e-01
7.798000000000000043e+00,3.473894055017350269e-01
7.799000000000000377e+00,3.387145169294794034e-01
7.799999999999999822e+00,3.764654491843857920e-01
7.801000000000000156e+00,3.982901290340416511e-01
7.802000000000000490e+00,4.446312427294186742e-01
7.802999999999999936e+00,4.417366349866620467e-01
7.804000000000000270e+00,4.718634569317601279e-01
7.805000000000000604e+00,5.135675221171283056e-01
7.806000000000000050e+00,4.714750784607489864e-01
7.807000000000000384e+00,5.005686443998443869e-01
7.807999999999999829e+00,4.515586377471929036e-01
7.809000000000000163e+00,4.190969876792506321e-01
7.810000000000000497e+00,4.421559407229662675e-01
7.810999999999999943e+00,4.035483825277974557e-01
7.812000000000000277e+00,3.420735814956858967e-01
7.812999999999999723e+00,3.143665441673870742e-01
7.814000000000000057e+00,2.952943760571219989e-01
7.815000000000000391e+00,3.067974305502275678e-01
7.815999999999999837e+00,3.429540127372388003e-01
7.817000000000000171e+00,3.641072537970166390e-01
7.818000000000000504e+00,3.599004409538624216e-01
7.818999999999999950e+00,4.345623034947757590e-01
7.820000000000000284e+00,4.512656063536957252e-01
7.820999999999999730e+00,4.402560715492779275e-01
7.822000000000000064e+00,4.775699338998688481e-01
7.823000000000000398e+00,4.749774329153838570e-01
7.823999999999999844e+00,5.532926565814129116e-01
7.825000000000000178e+00,5.336444159315235636e-01
7.826000000000000512e+00,4.995245542713693809e-01
7.826999999999999957e+00,5.325432100016500581e-01
7.828000000000000291e+00,5.283251611483046339e-01
7.828999999999999737e+00,4.853705989542675403e-01
7.830000000000000071e+00,4.524350843877315009e-01
7.831000000000000405e+00,4.361309373843577641e-01
7.831999999999999851e+00,3.755497691638251534e-01
7.833000000000000185e+00,3.609130765476365466e-01
7.834000000000000519e+00,3.870865636242373231e-01
7.834999999999999964e+00,3.727120778144734636e-01
7.836000000000000298e+00,3.855235402677342216e-01
7.836999999999999744e+00,3.875122133194108254e-01
7.838000000000000078e+00,4.098645300998478014e-01
7.839000000000000412e+00,4.165996657587367480e-01
7.839999999999999858e+00,4.509579361678824339e-01
7.841000000000000192e+00,4.966652642507583537e-01
7.842000000000000526e+00,5.553437184145215699e-01
7.842999999999999972e+00,5.715878880451115140e-01
7.844000000000000306e+00,5.597122003416968861e-01
7.844999999999999751e+00,5.683740531942138574e-01
7.846000000000000085e+00,5.678626619520930063e-01
7.847000000000000419e+00,5.686196698044135855e-01
7.847999999999999865e+00,5.210304683144723059e-01
7.849000000000000199e+00,5.137109135340128807e-01
7.850000000000000533e+00,4.940428795036375664e-01
7.850999999999999979e+00,4.239184260219155953e-01
7.852000000000000313e+00,4.772632695126764468e-01
7.852999999999999758e+00,3.658107486146399134e-01
7.854000000000000092e+00,3.994072277784566083e-01
7.855000000000000426e+00,3.942866541419044468e-01
7.855999999999999872e+00,3.706041919401439344e-01
7.857000000000000206e+00,3.932584887179772504e-01
7.858000000000000540e+00,4.120728770233249016e-01
7.858999999999999986e+00,4.726407397703513147e-01
7.860000000000000320e+00,4.968054446285523063e-01
7.860999999999999766e+00,5.397129252280931100e-01
7.862000000000000099e+00,5.278333131309452808e-01
7.863000000000000433e+00,5.694688936037634042e-01
7.863999999999999879e+00,5.925383112504618577e-01
7.865000000000000213e+00,5.645640064514348966e-01
7.866000000000000547e+00,5.930429079144062809e-01
7.866999999999999993e+00,5.675289350229311136e-01
7.868000000000000327e+00,5.415530045406570236e-01
7.868999999999999773e+00,4.887261302950838271e-01
7.870000000000000107e+00,4.856973232776410354e-01
7.871000000000000441e+00,4.915851021021977463e-01
7.871999999999999886e+00,4.530846707941520446e-01
7.873000000000000220e+00,4.181192505157378947e-01
7.874000000000000554e+00,4.112535542508519160e-01
7.875000000000000000e+00,3.820275152235069749e-01
7.876000000000000334e+00,3.755343437235599824e-01
7.876999999999999780e+00,4.434879932056137175e-01
7.878000000000000114e+00,4.190537307895458863e-01
7.879000000000000448e+00,4.336895609579811128e-01
7.879999999999999893e+00,4.766762353522199236e-01
7.881000000000000227e+00,5.287115638620246694e-01
7.882000000000000561e+00,5.515890274810064664e-01
7.883000000000000007e+00,6.221961628722423310e-01
7.884000000000000341e+00,5.647367320421022852e-01
7.884999999999999787e+00,6.101680491588130639e-01
7.886000000000000121e+00,5.722289691146946744e-01
7.887000000000000455e+00,6.051129137170776495e-01
7.887999999999999901e+00,5.551588582765064617e-01
7.889000000000000234e+00,5.348753625143995993e-01
7.890000000000000568e+00,5.180839266781797070e-01
7.891000000000000014e+00,4.756443218308454290e-01
7.892000000000000348e+00,4.557170464483014660e-01
7.892999999999999794e+00,4.251371581354935758e-01
7.894000000000000128e+00,3.781253679697200165e-01
7.895000000000000462e+00,3.721907258907585225e-01
7.895999999999999908e+00,3.966914857689081142e-01
7.897000000000000242e+00,4.195104682958827880e-01
7.898000000000000576e+00,4.453140961974066947e-01
7.899000000000000021e+00,4.420036964548741398e-01
7.900000000000000355e+00,5.301983861092531836e-01
7.900999999999999801e+00,5.127968311943736923e-01
7.902000000000000135e+00,5.317510267951736092e-01
7.903000000000000469e+00,5.648997540591482736e-01
7.903999999999999915e+00,6.230075476882417362e-01
7.905000000000000249e+00,5.751379481957504813e-01
7.906000000000000583e+00,5.899999536794712229e-01
7.907000000000000028e+00,5.535787755650072306e-01
7.908000000000000362e+00,5.596329152418240138e-01
7.908999999999999808e+00,5.072712943923182172e-01
7.910000000000000142e+00,4.958192000889739548e-01
7.911000000000000476e+00,4.805125819976477364e-01
7.911999999999999922e+00,4.106526133147708202e-01
7.913000000000000256e+00,4.018160833098879392e-01
7.914000000000000590e+00,3.704418804640154383e-01
7.915000000000000036e+00,3.808797725166646053e-01
7.916000000000000369e+00,3.874606198920200195e-01
7.916999999999999815e+00,4.281829308582660865e-01
7.918000000000000149e+00,4.291511352777544475e-01
7.919000000000000483e+00,4.489044554432471967e-01
7.919999999999999929e+00,4.938407242995947466e-01
7.921000000000000263e+00,4.982886042160105111e-01
7.922000000000000597e+00,5.242472415288865761e-01
7.923000000000000043e+00,5.263992219051139010e-01
7.924000000000000377e+00,5.609407809669848533e-01
7.924999999999999822e+00,5.484198931246755393e-01
7.926000000000000156e+00,5.662348658182125849e-01
7.927000000000000490e+00,5.317495507700755741e-01
7.927999999999999936e+00,5.256805211295975111e-01
7.929000000000000270e+00,5.163788465903398350e-01
7.930000000000000604e+00,4.634024830176576848e-01
7.931000000000000050e+00,4.842932475821196125e-01
7.932000000000000384e+00,3.863052713091758572e-01
7.932999999999999829e+00,3.907583766795734159e-01
7.934000000000000163e+00,3.392660397455080634e-01
7.935000000000000497e+00,3.623942986224690799e-01
7.935999999999999943e+00,3.736660620924103782e-01
7.937000000000000277e+00,3.879274526360230180e-01
7.937999999999999723e+00,3.664584459451111775e-01
7.939000000000000057e+00,3.924636274002073488e-01
7.940000000000000391e+00,4.449065111116147775e-01
7.940999999999999837e+00,4.765068633870129799e-01
7.942000000000000171e+00,4.933893851608681658e-01
7.943000000000000504e+00,5.380394177162156621e-01
7.943999999999999950e+00,5.413314415460720452e-01
7.945000000000000284e+00,5.512727514669876205e-01
7.945999999999999730e+00,5.141808754465448938e-01
7.947000000000000064e+00,5.105551799940877267e-01
7.948000000000000398e+00,4.952875591283008028e-01
7.948999999999999844e+00,4.619021202038706697e-01
7.950000000000000178e+00,4.304914334808161991e-01
7.951000000000000512e+00,4.219141108399777629e-01
7.951999999999999957e+00,4.188373699959097030e-01
7.953000000000000291e+00,3.458137240793227596e-01
7.953999999999999737e+00,3.471819559746054940e-01
7.955000000000000071e+00,3.028902044522557846e-01
7.956000000000000405e+00,3.254559319960805830e-01
7.956999999999999851e+00,3.401743911712885038e-01
7.958000000000000185e+00,3.359458265392978871e-01
7.959000000000000519e+00,4.142422401431385959e-01
7.959999999999999964e+00,4.180675797004300698e-01
7.961000000000000298e+00,4.598136259362584077e-01
7.961999999999999744e+00,4.696100641448123225e-01
7.963000000000000078e+00,4.795415720586397312e-01
7.964000000000000412e+00,5.036399517638024959e-01
7.964999999999999858e+00,5.002024110844260907e-01
7.966000000000000192e+00,4.968284383681232375e-01
7.967000000000000526e+00,4.996146149787464852e-01
7.967999999999999972e+00,4.335526540680502139e-01
7.969000000000000306e+00,4.267733204189393947e-01
7.969999999999999751e+00,3.705171432029906176e-01
7.971000000000000085e+00,3.516956916261926858e-01
7.972000000000000419e+00,3.095403622217016149e-01
7.972999999999999865e+00,2.902400961126540002e-01
7.974000000000000199e+00,2.908833770585644296e-01
7.975000000000000533e+00,3.029750777604321987e-01
7.975999999999999979e+00,2.416287400397893748e-01
7.977000000000000313e+00,2.965322550337973206e-01
7.977999999999999758e+00,3.293605626616583071e-01
7.979000000000000092e+00,3.471432545691569560e-01
7.980000000000000426e+00,3.260049404963804576e-01
7.980999999999999872e+00,3.926704904008860297e-01
7.982000000000000206e+00,4.264132464439195358e-01
7.983000000000000540e+00,4.291967121145064956e-01
7.983999999999999986e+00,4.835257475671091987e-01
7.985000000000000320e+00,4.511120924994126424e-01
7.985999999999999766e+00,4.476654710107594304e-01
7.987000000000000099e+00,4.038546679707329390e-01
7.988000000000000433e+00,3.927398092999752066e-01
7.988999999999999879e+00,3.415449905620184801e-01
7.990000000000000213e+00,3.046085234054021207e-01
7.991000000000000547e+00,2.992142548547540026e-01
7.991999999999999993e+00,2.563473365420766981e-01
7.993000000000000327e+00,2.240831222060416239e-01
7.993999999999999773e+00,2.096140980383291441e-01
7.995000000000000107e+00,2.264287369228596136e-01
7.996000000000000441e+00,2.194046959308952327e-01
7.996999999999999886e+00,2.510877338596486652e-01
7.998000000000000220e+00,2.525978365977166185e-01
7.999000000000000554e+00,2.497806110403796298e-01
8.000000000000000000e+00,2.805462745343991204e-01
8.000999999999999446e+00,3.229465225558251218e-01
8.002000000000000668e+00,3.649792301550760509e-01
8.003000000000000114e+00,3.331729013577228171e-01
8.003999999999999559e+00,4.108168002114539474e-01
8.005000000000000782e+00,3.387727554806726493e-01
8.006000000000000227e+00,3.612241520459537614e-01
8.006999999999999673e+00,3.975263495696700899e-01
8.008000000000000895e+00,3.209825857007908567e-01
8.009000000000000341e+00,2.672577617178494291e-01
8.009999999999999787e+00,2.840172837352299973e-01
8.011000000000001009e+00,2.463926481757659770e-01
8.012000000000000455e+00,1.959336564168076000e-01
8.012999999999999901e+00,1.675742261435379798e-01
8.013999999999999346e+00,1.602594411360584448e-01
8.015000000000000568e+00,1.521374971713752300e-01
8.016000000000000014e+00,1.129173184300245325e-01
8.016999999999999460e+00,1.396931976816826737e-01
8.018000000000000682e+00,1.579451072720125249e-01
8.019000000000000128e+00,1.683346552845375599e-01
8.019999999999999574e+00,2.099477767984772592e-01
8.021000000000000796e+00,2.342323353964059773e-01
8.022000000000000242e+00,2.982045553223570677e-01
8.022999999999999687e+00,2.620409147510646131e-01
8.024000000000000909e+00,2.808034875270238873e-01
8.025000000000000355e+00,2.948933412459335268e-01
8.025999999999999801e+00,2.940986854168681774e-01
8.027000000000001023e+00,2.825772168937906725e-01
8.028000000000000469e+00,2.499015173588022276e-01
8.028999999999999915e+00,2.516147071030991889e-01
8.029999999999999361e+00,1.960898069128180488e-01
8.031000000000000583e+00,1.443922505920084143e-01
8.032000000000000028e+00,1.197035101632984017e-01
8.032999999999999474e+00,8.939767191668122892e-02
8.034000000000000696e+00,6.335435701033977074e-02
8.035000000000000142e+00,7.220171287267973526e-02
8.035999999999999588e+00,4.732504364714062994e-02
8.037000000000000810e+00,9.769931340062887326e-02
8.038000000000000256e+00,1.018313713501407258e-01
8.038999999999999702e+00,1.096851910911340738e-01
8.040000000000000924e+00,1.810682506944380488e-01
8.041000000000000369e+00,1.776794544158855349e-01
8.041999999999999815e+00,2.361318951413030054e-01
8.043000000000001037e+00,2.180769483448787016e-01
8.044000000000000483e+00,2.364743299723663927e-01
8.044999999999999929e+00,2.335929373081115923e-01
8.045999999999999375e+00,2.270561137872837976e-01
8.047000000000000597e+00,2.128499682749545041e-01
8.048000000000000043e+00,1.897578340333069824e-01
8.048999999999999488e+00,1.804233668348599606e-01
8.050000000000000711e+00,9.085453541617705131e-02
8.051000000000000156e+00,7.284379214725478224e-02
8.051999999999999602e+00,4.085405550211429482e-02
8.053000000000000824e+00,1.660926409404465953e-02
8.054000000000000270e+00,6.426301290864203097e-03
8.054999999999999716e+00,-2.091290568224685176e-02
8.056000000000000938e+00,-1.923661531086043319e-02
8.057000000000000384e+00,3.344578585822298444e-02
8.057999999999999829e+00,-3.951178479887768047e-03
8.059000000000001052e+00,6.950159497077135207e-02
8.060000000000000497e+00,3.266744457922371447e-02
8.060999999999999943e+00,1.034552048551014847e-01
8.061999999999999389e+00,9.939814019775949916e-02
8.063000000000000611e+00,1.255109324525598424e-01
8.064000000000000057e+00,8.478906670565991566e-02
8.064999999999999503e+00,1.354368363983480816e-01
8.066000000000000725e+00,1.596225836469146453e-01
8.067000000000000171e+00,1.342930515435501737e-01
8.067999999999999616e+00,7.954239878174601541e-02
8.069000000000000838e+00,9.784687735123870356e-02
8.070000000000000284e+00,1.539435394728685437e-02
8.070999999999999730e+00,-1.092369237092145201e-02
8.072000000000000952e+00,-6.160409361422179708e-02
8.073000000000000398e+00,-9.388824735955765555e-02
8.073999999999999844e+00,-5.090420241023024123e-02
8.074999999999999289e+00,-9.694016717402732797e-02
8.076000000000000512e+00,-9.828125805944927518e-02
8.076999999999999957e+00,-7.652686095121229159e-02
8.077999999999999403e+00,-5.136012914582261529e-02
8.079000000000000625e+00,-4.499198759017052074e-02
8.080000000000000071e+00,-1.855213023624829871e-02
8.080999999999999517e+00,-1.701571345386890602e-02
8.082000000000000739e+00,4.115522601138333486e-02
8.083000000000000185e+00,9.230618106808603784e-02
8.083999999999999631e+00,5.754645873508956733e-02
8.085000000000000853e+00,7.088674573076417240e-02
8.086000000000000298e+00,5.264118365014071321e-02
8.086999999999999744e+00,4.743037606829784980e-02
8.088000000000000966e+00,2.660064633766252851e-02
8.089000000000000412e+00,-3.021508659889651435e-02
8.089999999999999858e+00,-5.752930945683095917e-03
8.090999999999999304e+00,-8.139696154543132889e-02
8.092000000000000526e+00,-1.082475353280607233e-01
8.092999999999999972e+00,-1.341347724683378539e-01
8.093999999999999417e+00,-2.130783722542380354e-01
8.095000000000000639e+00,-1.850532627214855896e-01
8.096000000000000085e+00,-1.979251799286558255e-01
8.096999999999999531e+00,-1.262007400587569772e-01
8.098000000000000753e+00,-1.347886928124489847e-01
8.099000000000000199e+00,-1.064694600645399447e-01
8.099999999999999645e+00,-9.559309889965295071e-02
8.101000000000000867e+00,-9.908635133124835126e-02
8.102000000000000313e+00,-7.806774498037374888e-02
8.102999999999999758e+00,-3.017205859895688569e-02
8.104000000000000981e+00,-2.271719388388891703e-02
8.105000000000000426e+00,1.920432058738483216e-02
8.105999999999999872e+00,-5.597196075445927399e-02
8.106999999999999318e+00,-4.242740157455920924e-02
8.108000000000000540e+00,-7.347104341877991329e-02
8.108999999999999986e+00,-4.590331256967979112e-02
8.109999999999999432e+00,-1.331510189613286932e-01
8.111000000000000654e+00,-2.054283427746697033e-01
8.112000000000000099e+00,-1.753658526812577334e-01
8.112999999999999545e+00,-2.103705483244647512e-01
8.114000000000000767e+00,-2.348375090401302878e-01
8.115000000000000213e+00,-2.980645696303519943e-01
8.115999999999999659e+00,-2.832511858712888908e-01
8.117000000000000881e+00,-2.237347956226305168e-01
8.118000000000000327e+00,-2.118740242871503809e-01
8.118999999999999773e+00,-2.037857764944585870e-01
8.120000000000000995e+00,-1.576617156464914238e-01
8.121000000000000441e+00,-1.345190045668049061e-01
8.121999999999999886e+00,-1.407031391649954666e-01
8.122999999999999332e+00,-1.329850191401503734e-01
8.124000000000000554e+00,-1.041126546706509504e-01
8.125000000000000000e+00,-1.269124679077877071e-01
8.125999999999999446e+00,-9.199139458822987170e-02
8.127000000000000668e+00,-1.249142623178104011e-01
8.128000000000000114e+00,-1.159214783050397379e-01
8.128999999999999559e+00,-1.795607762288829456e-01
8.130000000000000782e+00,-2.039697566934018658e-01
8.131000000000000227e+00,-2.814103325225790209e-01
8.131999999999999673e+00,-2.664154137982375214e-01
8.133000000000000895e+00,-2.991942747929187130e-01
8.134000000000000341e+00,-3.118518647941629363e-01
8.134999999999999787e+00,-2.942498669291916391e-01
8.136000000000001009e+00,-3.343046363414906019e-01
8.137000000000000455e+00,-3.219385360567937893e-01
8.137999999999999901e+00,-2.981741506552784693e-01
8.138999999999999346e+00,-2.791689803917175028e-01
8.140000000000000568e+00,-2.671366883438135997e-01
8.141000000000000014e+00,-2.319826096487867806e-01
8.141999999999999460e+00,-2.058591692347729873e-01
8.143000000000000682e+00,-2.184438100110789316e-01
8.144000000000000128e+00,-1.703991844096423569e-01
8.144999999999999574e+00,-1.717891258474894267e-01
8.146000000000000796e+00,-1.780709023528604662e-01
8.147000000000000242e+00,-2.333819247932630847e-01
8.147999999999999687e+00,-2.505383675377669817e-01
8.149000000000000909e+00,-2.532160480657877910e-01
8.150000000000000355e+00,-2.718504492459350996e-01
8.150999999999999801e+00,-3.201839831334190589e-01
8.152000000000001023e+00,-3.694303711191837536e-01
8.153000000000000469e+00,-3.434043952181862203e-01
8.153999999999999915e+00,-4.048249301155921742e-01
8.154999999999999361e+00,-3.948472301514504013e-01
8.156000000000000583e+00,-3.781105550012270333e-01
8.157000000000000028e+00,-3.781566599460918221e-01
8.157999999999999474e+00,-3.301923530053446076e-01
8.159000000000000696e+00,-3.716747992473719564e-01
8.160000000000000142e+00,-3.124419706348138814e-01
8.160999999999999588e+00,-2.667906908700688473e-01
8.162000000000000810e+00,-2.763659889946651349e-01
8.163000000000000256e+00,-2.484943557313235574e-01
8.163999999999999702e+00,-2.482097091353679397e-01
8.165000000000000924e+00,-2.391713504870527640e-01
8.166000000000000369e+00,-2.061097839200380921e-01
8.166999999999999815e+00,-2.785485546924649780e-01
8.168000000000001037e+00,-2.737757278819932805e-01
8.169000000000000483e+00,-3.498237192974322785e-01
8.169999999999999929e+00,-3.540606362069761426e-01
8.170999999999999375e+00,-3.666587580769769539e-01
8.172000000000000597e+00,-4.234497542735944919e-01
8.173000000000000043e+00,-4.273800880021937920e-01
8.173999999999999488e+00,-4.644144704015779612e-01
8.175000000000000711e+00,-4.491352386813879383e-01
8.176000000000000156e+00,-4.362818880656176290e-01
8.176999999999999602e+00,-4.548929040399039558e-01
8.178000000000000824e+00,-4.375054445965390615e-01
8.179000000000000270e+00,-3.455483941852415253e-01
8.179999999999999716e+00,-3.714150702153092842e-01
8.181000000000000938e+00,-3.246792346331196510e-01
8.182000000000000384e+00,-3.196203986779131978e-01
8.182999999999999829e+00,-3.094494560915358461e-01
8.184000000000001052e+00,-2.842147739351547631e-01
8.185000000000000497e+00,-3.039091453171333113e-01
8.185999999999999943e+00,-3.248889987915595801e-01
8.186999999999999389e+00,-3.392455350667738512e-01
8.188000000000000611e+00,-3.154126330237260745e-01
8.189000000000000057e+00,-3.832979890179131766e-01
8.189999999999999503e+00,-4.312967182389665921e-01
8.191000000000000725e+00,-4.202071933359049494e-01
8.192000000000000171e+00,-4.041536095030511255e-01
8.192999999999999616e+00,-5.106138054267816972e-01
8.194000000000000838e+00,-4.987578203420334200e-01
8.195000000000000284e+00,-4.859598988487424664e-01
8.195999999999999730e+00,-5.281550191062163169e-01
8.197000000000000952e+00,-5.020013635151573395e-01
8.198000000000000398e+00,-4.662071794831910143e-01
8.198999999999999844e+00,-4.587845758855551015e-01
8.199999999999999289e+00,-4.342098256166219139e-01
8.201000000000000512e+00,-4.063046707881646791e-01
8.201999999999999957e+00,-3.574860337234321284e-01
8.202999999999999403e+00,-3.267952100780128211e-01
8.204000000000000625e+00,-3.280530452252198303e-01
8.205000000000000071e+00,-3.314578776787434622e-01
8.205999999999999517e+00,-3.151521388274398094e-01
8.207000000000000739e+00,-3.565552242713235787e-01
8.208000000000000185e+00,-3.661907262112567008e-01
8.208999999999999631e+00,-4.198251051798538303e-01
8.210000000000000853e+00,-4.453951877053918817e-01
8.211000000000000298e+00,-4.787472473994435207e-01
8.211999999999999744e+00,-5.130642610056280750e-01
8.213000000000000966e+00,-5.343485944493078232e-01
8.214000000000000412e+00,-5.242219635646530040e-01
8.214999999999999858e+00,-5.321242036350219973e-01
8.215999999999999304e+00,-6.003612734738127399e-01
8.217000000000000526e+00,-5.254717271899457254e-01
8.217999999999999972e+00,-5.249623642439920079e-01
8.218999999999999417e+00,-4.578302263077344558e-01
8.220000000000000639e+00,-4.732905181837402941e-01
8.221000000000000085e+00,-3.861226170457445206e-01
8.221999999999999531e+00,-4.269016647480469162e-01
8.223000000000000753e+00,-3.327570955597826674e-01
8.224000000000000199e+00,-3.695698735458805562e-01
8.224999999999999645e+00,-3.857948616080768556e-01
8.226000000000000867e+00,-3.701490055266041246e-01
8.227000000000000313e+00,-3.786961881662607166e-01
8.227999999999999758e+00,-3.765909690950157707e-01
8.229000000000000981e+00,-4.435683009126568654e-01
8.230000000000000426e+00,-4.852375058275288922e-01
8.230999999999999872e+00,-5.260593986560050395e-01
8.231999999999999318e+00,-5.231123615075754518e-01
8.233000000000000540e+00,-5.395866883143417558e-01
8.233999999999999986e+00,-5.621288940577108262e-01
8.234999999999999432e+00,-6.141804801282839676e-01
8.236000000000000654e+00,-5.881069060722998731e-01
8.237000000000000099e+00,-5.718102112166610906e-01
8.237999999999999545e+00,-5.441360605304290665e-01
8.239000000000000767e+00,-5.155047446606190187e-01
8.240000000000000213e+00,-4.846048650114153089e-01
8.240999999999999659e+00,-4.435164565175643836e-01
8.242000000000000881e+00,-4.120573853334137393e-01
8.243000000000000327e+00,-4.068070831234958384e-01
8.243999999999999773e+00,-3.954967285287475098e-01
8.245000000000000995e+00,-3.532050860184577923e-01
8.246000000000000441e+00,-4.013940937162556177e-01
8.246999999999999886e+00,-4.151293414235792678e-01
8.247999999999999332e+00,-4.213623798064933812e-01
8.249000000000000554e+00,-4.772061155418172995e-01
8.250000000000000000e+00,-5.374179700391694681e-01
8.250999999999999446e+00,-5.183403076662725928e-01
8.252000000000000668e+00,-5.446318185313299143e-01
8.253000000000000114e+00,-5.480979357072290892e-01
8.253999999999999559e+00,-6.252798624073226952e-01
8.255000000000000782e+00,-6.127433406851032771e-01
8.256000000000000227e+00,-5.623287987157893353e-01
8.256999999999999673e+00,-6.060943198573840451e-01
8.258000000000000895e+00,-5.679970827913176645e-01
8.259000000000000341e+00,-5.357155718743197292e-01
8.259999999999999787e+00,-5.157135464987778750e-01
8.261000000000001009e+00,-4.080521415349695480e-01
8.262000000000000455e+00,-4.434563656887803296e-01
8.262999999999999901e+00,-4.376800111839334595e-01
8.263999999999999346e+00,-3.792930921606167405e-01
8.265000000000000568e+00,-4.305460438197956652e-01
8.266000000000000014e+00,-4.123345916339851702e-01
8.266999999999999460e+00,-4.324439280812469311e-01
8.268000000000000682e+00,-4.224266448308975352e-01
8.269000000000000128e+00,-4.744034643592797140e-01
8.269999999999999574e+00,-5.009361032103646361e-01
8.271000000000000796e+00,-5.279941242848631422e-01
8.272000000000000242e+00,-5.597415184392693366e-01
8.272999999999999687e+00,-5.518815822852709552e-01
8.274000000000000909e+00,-5.820384757696062117e-01
8.275000000000000355e+00,-5.988469975520414046e-01
8.275999999999999801e+00,-5.911217230423930769e-01
8.277000000000001023e+00,-5.960869901519825209e-01
8.278000000000000469e+00,-5.758665387596247909e-01
8.278999999999999915e+00,-5.492487020558989297e-01
8.279999999999999361e+00,-4.901690982902955351e-01
8.281000000000000583e+00,-4.430794808504903703e-01
8.282000000000000028e+00,-4.682472171840736941e-01
8.282999999999999474e+00,-4.006960734995366757e-01
8.284000000000000696e+00,-3.958894620242044970e-01
8.285000000000000142e+00,-4.037499086649057878e-01
8.285999999999999588e+00,-4.144641292264384935e-01
8.287000000000000810e+00,-3.829486404323435011e-01
8.288000000000000256e+00,-4.403932742016735125e-01
8.288999999999999702e+00,-4.810861788207881906e-01
8.290000000000000924e+00,-4.956321048054206369e-01
8.291000000000000369e+00,-5.240370948818582342e-01
8.291999999999999815e+00,-5.641945835957664634e-01
8.293000000000001037e+00,-5.718414373515510185e-01
8.294000000000000483e+00,-5.814679568595211290e-01
8.294999999999999929e+00,-6.129326832036393613e-01
8.295999999999999375e+00,-5.606390876297087100e-01
8.297000000000000597e+00,-5.372535872759657272e-01
8.298000000000000043e+00,-5.500385919163524040e-01
8.298999999999999488e+00,-5.271477447894510338e-01
8.300000000000000711e+00,-4.626283028265450459e-01
8.301000000000000156e+00,-4.195454641613022839e-01
8.301999999999999602e+00,-4.452733544896718132e-01
8.303000000000000824e+00,-4.099463680016567912e-01
8.304000000000000270e+00,-3.808801218799866550e-01
8.304999999999999716e+00,-3.670277113759271570e-01
8.306000000000000938e+00,-3.995980768191347288e-01
8.307000000000000384e+00,-3.530626983996314472e-01
8.307999999999999829e+00,-4.540316088299339858e-01
8.309000000000001052e+00,-4.000896053008337616e-01
8.310000000000000497e+00,-4.802446258844330074e-01
8.310999999999999943e+00,-5.196897579933775768e-01
8.311999999999999389e+00,-5.439487124413838748e-01
8.313000000000000611e+00,-5.046832788498267774e-01
8.314000000000000057e+00,-5.873245662431694214e-01
8.314999999999999503e+00,-5.991039094891015271e-01
8.316000000000000725e+00,-5.719553856459346219e-01
8.317000000000000171e+00,-5.385220760322827482e-01
8.317999999999999616e+00,-5.112411956542125546e-01
8.319000000000000838e+00,-4.646679126049665376e-01
8.320000000000000284e+00,-4.652813608668269763e-01
8.320999999999999730e+00,-4.078101578014690087e-01
8.322000000000000952e+00,-4.019006892301228429e-01
8.323000000000000398e+00,-3.408381136476577589e-01
8.323999999999999844e+00,-3.692626381978875161e-01
8.324999999999999289e+00,-3.518758631536295090e-01
8.326000000000000512e+00,-3.730887516056548558e-01
8.326999999999999957e+00,-3.636981876465346653e-01
8.327999999999999403e+00,-4.026002104644132440e-01
8.329000000000000625e+00,-4.086767923590763352e-01
8.330000000000000071e+00,-4.159633877482931674e-01
8.330999999999999517e+00,4.932176722915101452e-01
8.332000000000000739e+00,-1.468423581181133031e-01
8.333000000000000185e+00,-9.785289463586059888e-01
8.333999999999999631e+00,-4.902036979085775958e-01
8.335000000000000853e+00,-5.427405117483476982e-01
8.336000000000000298e+00,-5.083405421363914600e-01
8.336999999999999744e+00,-4.833781171179614145e-01
8.338000000000000966e+00,-4.941872909034537575e-01
8.339000000000000412e+00,-4.369550445418839413e-01
8.339999999999999858e+00,-4.015880307113426917e-01
8.340999999999999304e+00,-3.842988477610869147e-01
8.342000000000000526e+00,-3.605621169677885596e-01
8.342999999999999972e+00,-3.635002794360850387e-01
8.343999999999999417e+00,-3.306722077821938610e-01
8.345000000000000639e+00,-3.029134205117642864e-01
8.346000000000000085e+00,-3.242929535268522789e-01
8.346999999999999531e+00,-3.116040732011212122e-01
8.348000000000000753e+00,-3.479326138100860555e-01
8.349000000000000199e+00,-4.020695612468951907e-01
8.349999999999999645e+00,-4.099362925880203901e-01
8.351000000000000867e+00,-3.954196839143232500e-01
8.352000000000000313e+00,-4.823831321054292132e-01
8.352999999999999758e+00,-4.742352554081140648e-01
8.354000000000000981e+00,-5.015095835685697834e-01
8.355000000000000426e+00,-4.559983038294735946e-01
8.355999999999999872e+00,-4.696235995353523207e-01
8.356999999999999318e+00,-4.544758882275752310e-01
8.358000000000000540e+00,-4.756192038951838064e-01
8.358999999999999986e+00,-3.859578514843456931e-01
8.359999999999999432e+00,-3.687312820811580183e-01
8.361000000000000654e+00,-2.978768104026527364e-01
8.362000000000000099e+00,-3.126364560416826088e-01
8.362999999999999545e+00,-2.664632153357956446e-01
8.364000000000000767e+00,-2.496384645088038645e-01
8.365000000000000213e+00,-2.742865765574674652e-01
8.365999999999999659e+00,-2.672571724502360024e-01
8.367000000000000881e+00,-2.805793716527558712e-01
8.368000000000000327e+00,-3.145775566429758197e-01
8.368999999999999773e+00,-3.140680431465177613e-01
8.370000000000000995e+00,-3.454713929299256803e-01
8.371000000000000441e+00,-3.618623897925464794e-01
8.371999999999999886e+00,-4.322410938210347053e-01
8.372999999999999332e+00,-4.774434598120108064e-01
8.374000000000000554e+00,-4.043219728580380035e-01
8.375000000000000000e+00,-4.059084501886714991e-01
8.375999999999999446e+00,-4.522532485952124315e-01
8.377000000000000668e+00,-3.617178604728210067e-01
8.378000000000000114e+00,-3.998099243937341951e-01
8.378999999999999559e+00,-3.128282711780763781e-01
8.380000000000000782e+00,-3.131756885254362577e-01
8.381000000000000227e+00,-2.531094436632913003e-01
8.381999999999999673e+00,-2.518518768677214803e-01
8.383000000000000895e+00,-2.332132437438361738e-01
8.384000000000000341e+00,-1.916247594975953872e-01
8.384999999999999787e+00,-1.919190848126272886e-01
8.386000000000001009e+00,-2.214723098229507137e-01
8.387000000000000455e+00,-1.953667689608476477e-01
8.387999999999999901e+00,-2.412664158154742000e-01
8.388999999999999346e+00,-2.434111489254419947e-01
8.390000000000000568e+00,-2.785195126339704008e-01
8.391000000000000014e+00,-3.209248626374427982e-01
8.391999999999999460e+00,-3.470289508395600353e-01
8.393000000000000682e+00,-3.332830753310267458e-01
8.394000000000000128e+00,-3.737076805965510173e-01
8.394999999999999574e+00,-3.501512435213075536e-01
8.396000000000000796e+00,-3.846724264435402718e-01
8.397000000000000242e+00,-3.456820513182854993e-01
8.397999999999999687e+00,-3.170430315897763140e-01
8.399000000000000909e+00,-2.892666150384818891e-01
8.400000000000000355e+00,-2.616519804074113886e-01
8.400999999999999801e+00,-2.349941090825615753e-01
8.402000000000001023e+00,-1.817576877024979221e-01
8.403000000000000469e+00,-1.553177875855661916e-01
8.403999999999999915e+00,-1.213257074625467558e-01
8.404999999999999361e+00,-1.314157110324883637e-01
8.406000000000000583e+00,-1.411043136462414860e-01
8.407000000000000028e+00,-1.274008352823949308e-01
8.407999999999999474e+00,-1.643646670091582496e-01
8.409000000000000696e+00,-1.646844580618573861e-01
8.410000000000000142e+00,-1.760968234704381186e-01
8.410999999999999588e+00,-2.407813949898450212e-01
8.412000000000000810e+00,-2.746479588217364820e-01
8.413000000000000256e+00,-2.593517987442479633e-01
8.413999999999999702e+00,-2.760619030947385477e-01
8.415000000000000924e+00,-3.192260505476389731e-01
8.416000000000000369e+00,-2.648253664828909004e-01
8.416999999999999815e+00,-2.326691065265235614e-01
8.418000000000001037e+00,-2.357083576758301213e-01
8.419000000000000483e+00,-1.709660305656005852e-01
8.419999999999999929e+00,-1.620179422068398767e-01
8.420999999999999375e+00,-1.373174966105910610e-01
8.422000000000000597e+00,-1.089281348693002527e-01
8.423000000000000043e+00,-6.441197549513155707e-02
8.423999999999999488e+00,-6.630760754718942329e-02
8.425000000000000711e+00,-3.579203269858724501e-02
8.426000000000000156e+00,-3.113219779162076928e-02
8.426999999999999602e+00,-2.133554619611399694e-02
8.428000000000000824e+00,-7.463768536650244867e-02
8.429000000000000270e+00,-7.544586875171734042e-02
8.429999999999999716e+00,-1.564123911122971555e-01
8.431000000000000938e+00,-1.968568358962692333e-01
8.432000000000000384e+00,-1.902443921504474444e-01
8.432999999999999829e+00,-1.861464866377525174e-01
8.434000000000001052e+00,-2.083761665085202275e-01
8.435000000000000497e+00,-2.035339883614979417e-01
8.435999999999999943e+00,-1.426831926259813366e-01
8.436999999999999389e+00,-1.621673718401911990e-01
8.438000000000000611e+00,-1.695702425677920455e-01
8.439000000000000057e+00,-1.052230780303023555e-01
8.439999999999999503e+00,-1.280778894175447491e-01
8.441000000000000725e+00,-1.740739677752325965e-02
8.442000000000000171e+00,1.449672661894446657e-02
8.442999999999999616e+00,2.661633384377330713e-02
8.444000000000000838e+00,2.742456579810539918e-02
8.445000000000000284e+00,3.723618461305765182e-02
8.445999999999999730e+00,1.330769074872881208e-03
8.447000000000000952e+00,1.664241926824022721e-02
8.448000000000000398e+00,6.769777186164727123e-03
8.448999999999999844e+00,1.629930182873655375e-03
8.449999999999999289e+00,-5.183013282990906606e-02
8.451000000000000512e+00,-9.182407667619681135e-02
8.451999999999999957e+00,-1.297697909420093276e-01
8.452999999999999403e+00,-1.077876218184384560e-01
8.454000000000000625e+00,-1.292781825376262128e-01
8.455000000000000071e+00,-1.570142824920691960e-01
8.455999999999999517e+00,-7.952660022327770473e-02
8.457000000000000739e+00,-1.173030222709442877e-01
8.458000000000000185e+00,-7.346479228454705357e-02
8.458999999999999631e+00,-1.175039889793491263e-02
8.460000000000000853e+00,-1.749840477817437645e-03
8.461000000000000298e+00,4.810638151552446007e-02
8.461999999999999744e+00,5.303450340573151456e-02
8.463000000000000966e+00,1.047923756929773909e-01
8.464000000000000412e+00,1.093710746237772508e-01
8.464999999999999858e+00,1.407975081389289396e-01
8.465999999999999304e+00,1.092361814667027892e-01
8.467000000000000526e+00,1.224824835205338552e-01
8.467999999999999972e+00,8.914564552670681263e-02
8.468999999999999417e+00,3.083603423651664135e-02
8.470000000000000639e+00,3.819748877072560306e-02
8.471000000000000085e+00,9.646970653384729505e-03
8.471999999999999531e+00,8.212373546318159356e-03
8.473000000000000753e+00,-3.135673862309486248e-02
8.474000000000000199e+00,-4.421621459769188578e-02
8.474999999999999645e+00,-4.522437805371815056e-02
8.476000000000000867e+00,-6.009087692313709594e-02
8.477000000000000313e+00,-2.564643470320149277e-02
8.477999999999999758e+00,1.585491969357211151e-02
8.479000000000000981e+00,2.583664205489139692e-02
8.480000000000000426e+00,7.935844846399441044e-02
8.480999999999999872e+00,1.217312340401617010e-01
8.481999999999999318e+00,1.537968098278434947e-01
8.483000000000000540e+00,1.997155925459122017e-01
8.483999999999999986e+00,1.777560556614479759e-01
8.484999999999999432e+00,2.013751085306025868e-01
8.486000000000000654e+00,1.981411426603289505e-01
8.487000000000000099e+00,1.800657441750181109e-01
8.487999999999999545e+00,1.651895290279181971e-01
8.489000000000000767e+00,9.743420613174533229e-02
8.490000000000000213e+00,9.260499990210341315e-02
8.490999999999999659e+00,9.537989501938146097e-02
8.492000000000000881e+00,5.251368151154472280e-02
8.493000000000000327e+00,7.972746082949802582e-02
8.493999999999999773e+00,5.084982147934040408e-02
8.495000000000000995e+00,1.276894610650691764e-02
8.496000000000000441e+00,1.858451650549282352e-02
8.496999999999999886e+00,9.213402298074951924e-02
8.497999999999999332e+00,1.049094780297306628e-01
8.499000000000000554e+00,1.108448314136359358e-01
8.500000000000000000e+00,1.856538466360259931e-01
8.500999999999999446e+00,1.760440532180841955e-01
8.502000000000000668e+00,2.641611588058105919e-01
8.503000000000000114e+00,2.199150539191640497e-01
8.503999999999999559e+00,2.960542298385947513e-01
8.505000000000000782e+00,2.787253308531478235e-01
8.506000000000000227e+00,2.583360478521360970e-01
8.506999999999999673e+00,2.664068227980678771e-01
8.508000000000000895e+00,2.173823648942984355e-01
8.509000000000000341e+00,2.212641018712482033e-01
8.509999999999999787e+00,1.999075799807261689e-01
8.511000000000001009e+00,1.803803167091984627e-01
8.512000000000000455e+00,1.440868512280014668e-01
8.512999999999999901e+00,1.282838813497641228e-01
8.513999999999999346e+00,9.349913941326130906e-02
8.515000000000000568e+00,1.192344681406077578e-01
8.516000000000000014e+00,1.273222955755429486e-01
8.516999999999999460e+00,1.572520278097041813e-01
8.518000000000000682e+00,1.550811566625666382e-01
8.519000000000000128e+00,1.933803013855759922e-01
8.519999999999999574e+00,2.442206546581377202e-01
8.521000000000000796e+00,2.452628013204418977e-01
8.522000000000000242e+00,3.331284156738133495e-01
8.522999999999999687e+00,2.679127473410461424e-01
8.524000000000000909e+00,3.324142380633127725e-01
8.525000000000000355e+00,3.334193873813987019e-01
8.525999999999999801e+00,3.556616996681853937e-01
8.527000000000001023e+00,3.299782138549151589e-01
8.528000000000000469e+00,3.120701466802387469e-01
8.528999999999999915e+00,3.045889206278979966e-01
8.529999999999999361e+00,3.088769836174388161e-01
8.531000000000000583e+00,2.590966655266108143e-01
8.532000000000000028e+00,2.084656226593168682e-01
8.532999999999999474e+00,1.915205748780827166e-01
8.534000000000000696e+00,1.918688319713167667e-01
8.535000000000000142e+00,2.019984176085784788e-01
8.535999999999999588e+00,1.776559992953188061e-01
8.537000000000000810e+00,1.815221211843551785e-01
8.538000000000000256e+00,2.212004330617529657e-01
8.538999999999999702e+00,2.369089337225109004e-01
8.540000000000000924e+00,2.981325958675580812e-01
8.541000000000000369e+00,2.998813718945243512e-01
8.541999999999999815e+00,3.677567935133895238e-01
8.543000000000001037e+00,3.699798514590291187e-01
8.544000000000000483e+00,3.801254948298284919e-01
8.544999999999999929e+00,4.294057089981389019e-01
8.545999999999999375e+00,3.986497062951182002e-01
8.547000000000000597e+00,4.064314119286880356e-01
8.548000000000000043e+00,4.168674324948348220e-01
8.548999999999999488e+00,3.414257692295294411e-01
8.550000000000000711e+00,3.637388232239486263e-01
8.551000000000000156e+00,2.865471598730353620e-01
8.551999999999999602e+00,2.777601997359481767e-01
8.553000000000000824e+00,2.314800418810369909e-01
8.554000000000000270e+00,2.178248891052481095e-01
8.554999999999999716e+00,2.305220766721206294e-01
8.556000000000000938e+00,3.051367647873539646e-01
8.557000000000000384e+00,2.383243278409166721e-01
8.557999999999999829e+00,3.166097749018118579e-01
8.559000000000001052e+00,3.294342392949661802e-01
8.560000000000000497e+00,3.544659437179896178e-01
8.560999999999999943e+00,4.016126977698268874e-01
8.561999999999999389e+00,4.265434805880409241e-01
8.563000000000000611e+00,4.633437905753499675e-01
8.564000000000000057e+00,4.707178167493334398e-01
8.564999999999999503e+00,4.527645540485633058e-01
8.566000000000000725e+00,4.567671171447727496e-01
8.567000000000000171e+00,4.493030166816579518e-01
8.567999999999999616e+00,4.330475620105524448e-01
8.569000000000000838e+00,4.396892539263400068e-01
8.570000000000000284e+00,3.900425689226526549e-01
8.570999999999999730e+00,3.849608962000036771e-01
8.572000000000000952e+00,3.163431797631233722e-01
8.573000000000000398e+00,3.082381186361305425e-01
8.573999999999999844e+00,2.599117167250464266e-01
8.575000000000001066e+00,2.945141312301348124e-01
8.576000000000000512e+00,2.938101114410350267e-01
8.576999999999999957e+00,3.018497890012890594e-01
8.577999999999999403e+00,3.227781504058741535e-01
8.579000000000000625e+00,3.565603278966603118e-01
8.580000000000000071e+00,4.199651391011420265e-01
8.580999999999999517e+00,4.544254404492227839e-01
8.582000000000000739e+00,4.811546715488730364e-01
8.583000000000000185e+00,4.899958801155597232e-01
8.583999999999999631e+00,4.750345924323878255e-01
8.585000000000000853e+00,5.743984133859263430e-01
8.586000000000000298e+00,5.320341695300169205e-01
8.586999999999999744e+00,5.326412881878919148e-01
8.588000000000000966e+00,4.619729086576441213e-01
8.589000000000000412e+00,4.776192075922733316e-01
8.589999999999999858e+00,4.204165230720142143e-01
8.590999999999999304e+00,3.933152588054321663e-01
8.592000000000000526e+00,3.665835677237165302e-01
8.592999999999999972e+00,3.620549013724134180e-01
8.593999999999999417e+00,3.320938681656444569e-01
8.595000000000000639e+00,3.326020344397051520e-01
8.596000000000000085e+00,3.392745303330596540e-01
8.596999999999999531e+00,3.696263401954480998e-01
8.598000000000000753e+00,3.682738468662555276e-01
8.599000000000000199e+00,4.166082511152432444e-01
8.599999999999999645e+00,4.663975880602926338e-01
8.601000000000000867e+00,4.802382849959188071e-01
8.602000000000000313e+00,5.082705482305780453e-01
8.602999999999999758e+00,5.516207804202684084e-01
8.604000000000000981e+00,5.712823533214145266e-01
8.605000000000000426e+00,6.050024704376902873e-01
8.605999999999999872e+00,5.733814651869901802e-01
8.606999999999999318e+00,5.642332207601996608e-01
8.608000000000000540e+00,5.026964883796821715e-01
8.608999999999999986e+00,4.665632087062266398e-01
8.609999999999999432e+00,4.913024382775398324e-01
8.611000000000000654e+00,4.158041039840217890e-01
8.612000000000000099e+00,3.853716230879563609e-01
8.612999999999999545e+00,4.003124574802624513e-01
8.614000000000000767e+00,4.026998265275387734e-01
8.615000000000000213e+00,3.601791267053585655e-01
8.615999999999999659e+00,3.858487846822418743e-01
8.617000000000000881e+00,4.106752853654879187e-01
8.618000000000000327e+00,3.940993361730842359e-01
8.618999999999999773e+00,4.400118312437116264e-01
8.620000000000000995e+00,4.471544858175006132e-01
8.621000000000000441e+00,5.011149674803881959e-01
8.621999999999999886e+00,5.546774120068670433e-01
8.622999999999999332e+00,5.899011241700331531e-01
8.624000000000000554e+00,5.850272174547044290e-01
8.625000000000000000e+00,5.593752630844639473e-01
8.625999999999999446e+00,5.870092517536419363e-01
8.627000000000000668e+00,5.576294443012032032e-01
8.628000000000000114e+00,5.319858427598476158e-01
8.628999999999999559e+00,5.286157540325810977e-01
8.630000000000000782e+00,4.893727560445525482e-01
8.631000000000000227e+00,4.660929937438432202e-01
8.631999999999999673e+00,4.456921085521030057e-01
8.633000000000000895e+00,4.194526081505595139e-01
8.634000000000000341e+00,3.923735247574967611e-01
8.634999999999999787e+00,3.558334753713852106e-01
8.636000000000001009e+00,4.061211750921233099e-01
8.637000000000000455e+00,4.106749948569483610e-01
8.637999999999999901e+00,4.748784967103990562e-01
8.638999999999999346e+00,4.500882663705111919e-01
8.640000000000000568e+00,4.791064100643738222e-01
8.641000000000000014e+00,5.426824009949642313e-01
8.641999999999999460e+00,5.377241907339641580e-01
8.643000000000000682e+00,5.576337989731274813e-01
8.644000000000000128e+00,5.790388473079215448e-01
8.644999999999999574e+00,6.415264142423358074e-01
8.646000000000000796e+00,5.811974188082704718e-01
8.647000000000000242e+00,6.029039262068257576e-01
8.647999999999999687e+00,5.646092109330284048e-01
8.649000000000000909e+00,5.745927768631579058e-01
8.650000000000000355e+00,5.060113529410974476e-01
8.650999999999999801e+00,4.727023243140862085e-01
8.652000000000001023e+00,4.515804328550913072e-01
8.653000000000000469e+00,4.363916739436931036e-01
8.653999999999999915e+00,3.952156649936822141e-01
8.654999999999999361e+00,4.099991939685108111e-01
8.656000000000000583e+00,3.638461698319020998e-01
8.657000000000000028e+00,4.192521597740350159e-01
8.657999999999999474e+00,4.461503767549450661e-01
8.659000000000000696e+00,4.831608270716644116e-01
8.660000000000000142e+00,5.226613540989952789e-01
8.660999999999999588e+00,4.939000778597694152e-01
8.662000000000000810e+00,5.614720646411055505e-01
8.663000000000000256e+00,5.920501737350208904e-01
8.663999999999999702e+00,5.689848268146937560e-01
8.665000000000000924e+00,6.272144154254905013e-01
8.666000000000000369e+00,5.704061752863796020e-01
8.666999999999999815e+00,5.900527162857838182e-01
8.668000000000001037e+00,5.377108580623882750e-01
8.669000000000000483e+00,5.402052423838291650e-01
8.669999999999999929e+00,4.943145042154552526e-01
8.670999999999999375e+00,4.466233168218889937e-01
8.672000000000000597e+00,4.368054079131419853e-01
8.673000000000000043e+00,4.301250695945131319e-01
8.673999999999999488e+00,4.043938901400166430e-01
8.675000000000000711e+00,4.235054762638290615e-01
8.676000000000000156e+00,3.954431663195776547e-01
8.676999999999999602e+00,4.248083515314218794e-01
8.678000000000000824e+00,4.037289508896077517e-01
8.679000000000000270e+00,4.536497560435558962e-01
8.679999999999999716e+00,4.751916664040747862e-01
8.681000000000000938e+00,5.123311219474520062e-01
8.682000000000000384e+00,5.575410822174216019e-01
8.682999999999999829e+00,5.404107841986155458e-01
8.684000000000001052e+00,5.728175052709552073e-01
8.685000000000000497e+00,5.714484259572054636e-01
8.685999999999999943e+00,5.820772922802076588e-01
8.686999999999999389e+00,5.838469393483816106e-01
8.688000000000000611e+00,5.626059528994367120e-01
8.689000000000000057e+00,5.065095451313986752e-01
8.689999999999999503e+00,4.700944378441553884e-01
8.691000000000000725e+00,4.371922308716231220e-01
8.692000000000000171e+00,3.897992840847888107e-01
8.692999999999999616e+00,3.962071036649258970e-01
8.694000000000000838e+00,3.672891948417026375e-01
8.695000000000000284e+00,3.518227906248942993e-01
8.695999999999999730e+00,3.537267504577131794e-01
8.697000000000000952e+00,4.093561094713313864e-01
8.698000000000000398e+00,4.276624865815887855e-01
8.698999999999999844e+00,4.211996379309452254e-01
8.700000000000001066e+00,4.538755682771193345e-01
8.701000000000000512e+00,4.716106729464366598e-01
8.701999999999999957e+00,5.191336436190092662e-01
8.702999999999999403e+00,5.400763784749783580e-01
8.704000000000000625e+00,5.134131510633548334e-01
8.705000000000000071e+00,5.655664552341350682e-01
8.705999999999999517e+00,5.282039912585612118e-01
8.707000000000000739e+00,5.539100298470152062e-01
8.708000000000000185e+00,5.250287563875037922e-01
8.708999999999999631e+00,4.614378087024584851e-01
8.710000000000000853e+00,4.466205045736555412e-01
8.711000000000000298e+00,3.978181169576604503e-01
8.711999999999999744e+00,3.475105234552022804e-01
8.713000000000000966e+00,3.628773277161163602e-01
8.714000000000000412e+00,3.197206338726337194e-01
8.714999999999999858e+00,3.314531679140091391e-01
8.715999999999999304e+00,3.353659900972363328e-01
8.717000000000000526e+00,3.601109844367715862e-01
8.717999999999999972e+00,3.784165610062341090e-01
8.718999999999999417e+00,3.987042612724519541e-01
8.720000000000000639e+00,4.572184565046064630e-01
8.721000000000000085e+00,4.764553065156292289e-01
8.721999999999999531e+00,4.966542192819666246e-01
8.723000000000000753e+00,5.103740383042668638e-01
8.724000000000000199e+00,5.188300000804368928e-01
8.724999999999999645e+00,4.987642529901878952e-01
8.726000000000000867e+00,5.269517706627697695e-01
8.727000000000000313e+00,4.653380456748072991e-01
8.727999999999999758e+00,4.515095781580565348e-01
8.729000000000000981e+00,4.385286147104626164e-01
8.730000000000000426e+00,4.131372049703752047e-01
8.730999999999999872e+00,4.010714197004724424e-01
8.731999999999999318e+00,3.404919225151712414e-01
8.733000000000000540e+00,3.043614119165646836e-01
8.733999999999999986e+00,3.166407525037078230e-01
8.734999999999999432e+00,2.887904372394419772e-01
8.736000000000000654e+00,2.974985964702277497e-01
8.737000000000000099e+00,3.085157017332362250e-01
8.737999999999999545e+00,2.909519289771124173e-01
8.739000000000000767e+00,3.496194247574049285e-01
8.740000000000000213e+00,3.721722407684560641e-01
8.740999999999999659e+00,4.213579407305938496e-01
8.742000000000000881e+00,4.416365944908766661e-01
8.743000000000000327e+00,4.928799688832197212e-01
8.743999999999999773e+00,4.710300984588199902e-01
8.745000000000000995e+00,4.924551573876240207e-01
8.746000000000000441e+00,4.296178513001821520e-01
8.746999999999999886e+00,4.635511031560578532e-01
8.747999999999999332e+00,3.997889183447042027e-01
8.749000000000000554e+00,3.602975491748945935e-01
8.750000000000000000e+00,3.768672437366141215e-01
8.750999999999999446e+00,3.204417909895909133e-01
8.752000000000000668e+00,3.000550903193289765e-01
8.753000000000000114e+00,2.816467918972282991e-01
8.753999999999999559e+00,2.488860162603214188e-01
8.755000000000000782e+00,2.476784528177905786e-01
8.756000000000000227e+00,2.374360964694368636e-01
8.756999999999999673e+00,2.448144572150886544e-01
8.758000000000000895e+00,2.678035387054882310e-01
8.759000000000000341e+00,2.739691290711961935e-01
8.759999999999999787e+00,2.838861567469222469e-01
8.761000000000001009e+00,3.540598968889234199e-01
8.762000000000000455e+00,3.686398408634966040e-01
8.762999999999999901e+00,3.837388394947888748e-01
8.763999999999999346e+00,4.420294648647301594e-01
8.765000000000000568e+00,4.027902326179298997e-01
8.766000000000000014e+00,3.919920672776511794e-01
8.766999999999999460e+00,3.824996545513535406e-01
8.768000000000000682e+00,3.628917392391354246e-01
8.769000000000000128e+00,3.159438368893354721e-01
8.769999999999999574e+00,3.017359766892687145e-01
8.771000000000000796e+00,2.527605071785385960e-01
8.772000000000000242e+00,1.998067416782930705e-01
8.772999999999999687e+00,2.211706092703659143e-01
8.774000000000000909e+00,1.447853923352765415e-01
8.775000000000000355e+00,2.027670607581477935e-01
8.775999999999999801e+00,1.926822072679630904e-01
8.777000000000001023e+00,1.668209539851773782e-01
8.778000000000000469e+00,1.959380404466045944e-01
8.778999999999999915e+00,2.286204221820209437e-01
8.779999999999999361e+00,2.517166010398999010e-01
8.781000000000000583e+00,3.004324593376329067e-01
8.782000000000000028e+00,3.272368558089554513e-01
8.782999999999999474e+00,3.264949648891038447e-01
8.784000000000000696e+00,3.455826448760250802e-01
8.785000000000000142e+00,3.539725279181341611e-01
8.785999999999999588e+00,3.154827533087206648e-01
8.787000000000000810e+00,3.090706683561116330e-01
8.788000000000000256e+00,2.984513472484625618e-01
8.788999999999999702e+00,2.458456420723426628e-01
8.790000000000000924e+00,2.109649550995244816e-01
8.791000000000000369e+00,2.078548107171112325e-01
8.791999999999999815e+00,1.443414657756589559e-01
8.793000000000001037e+00,1.560065631374571438e-01
8.794000000000000483e+00,1.276913750118688629e-01
8.794999999999999929e+00,1.030165761082399434e-01
8.795999999999999375e+00,1.099928046217737432e-01
8.797000000000000597e+00,1.030249453986183117e-01
8.798000000000000043e+00,1.305361886237102476e-01
8.798999999999999488e+00,1.223387793731693790e-01
8.800000000000000711e+00,1.558451417477084155e-01
8.801000000000000156e+00,2.133241268084246911e-01
8.801999999999999602e+00,2.364724856749436110e-01
8.803000000000000824e+00,2.207598065441096213e-01
8.804000000000000270e+00,2.409803144139724129e-01
8.804999999999999716e+00,2.705464598922526775e-01
8.806000000000000938e+00,2.724834073583389804e-01
8.807000000000000384e+00,2.543306868528835141e-01
8.807999999999999829e+00,2.093002390727459749e-01
8.809000000000001052e+00,1.929219975252305097e-01
8.810000000000000497e+00,1.401022280005844445e-01
8.810999999999999943e+00,1.127005182799845906e-01
8.811999999999999389e+00,9.474243234389986834e-02
8.813000000000000611e+00,2.767655559006317045e-02
8.814000000000000057e+00,3.837145343036980905e-02
8.814999999999999503e+00,2.762315250101823882e-02
8.816000000000000725e+00,4.243053535686178157e-02
8.817000000000000171e+00,2.755382583359843041e-02
8.817999999999999616e+00,7.143338094645121372e-02
8.819000000000000838e+00,4.738722078506162755e-02
8.820000000000000284e+00,1.462881862404806499e-01
8.820999999999999730e+00,1.198955452081907208e-01
8.822000000000000952e+00,1.363674657236133847e-01
8.823000000000000398e+00,1.895753090562198595e-01
8.823999999999999844e+00,1.763856465146686203e-01
8.825000000000001066e+00,1.608692595546314663e-01
8.826000000000000512e+00,1.618237896377029972e-01
8.826999999999999957e+00,1.592175921161882168e-01
8.827999999999999403e+00,1.286082644510712636e-01
8.829000000000000625e+00,1.070896169986676888e-01
8.830000000000000071e+00,4.904292432629932946e-02
8.830999999999999517e+00,3.658868989982288350e-02
8.832000000000000739e+00,1.520429045007843510e-02
8.833000000000000185e+00,-2.752205054225307507e-02
8.833999999999999631e+00,-4.308863438657332262e-02
8.835000000000000853e+00,-2.266674316513248022e-02
8.836000000000000298e+00,-7.075319625446213623e-02
8.836999999999999744e+00,-4.752275478260827024e-02
8.838000000000000966e+00,-2.143318248598685694e-02
8.839000000000000412e+00,2.638770266321772973e-02
8.839999999999999858e+00,1.316616857146115857e-02
8.840999999999999304e+00,7.816961542326973655e-02
8.842000000000000526e+00,1.021336658080623794e-01
8.842999999999999972e+00,7.351607294128179038e-02
8.843999999999999417e+00,1.086433973051453561e-01
8.845000000000000639e+00,9.105608692355719735e-02
8.846000000000000085e+00,9.547677041734324577e-02
8.846999999999999531e+00,1.105255068362441390e-01
8.848000000000000753e+00,7.083896435239928069e-02
8.849000000000000199e+00,2.633678081362249290e-02
8.849999999999999645e+00,1.234485828412456958e-02
8.851000000000000867e+00,-8.544980023234277633e-02
8.852000000000000313e+00,-9.851147010550218019e-02
8.852999999999999758e+00,-9.196926462594084972e-02
8.854000000000000981e+00,-9.383897602412367978e-02
8.855000000000000426e+00,-1.283189810539986098e-01
8.855999999999999872e+00,-1.609126783836274943e-01
8.856999999999999318e+00,-1.025695089753808770e-01
8.858000000000000540e+00,-1.059520959748440627e-01
8.858999999999999986e+00,-1.096963163688741139e-01
8.859999999999999432e+00,-4.757678895396655339e-02
8.861000000000000654e+00,-3.805062580856991006e-02
8.862000000000000099e+00,-2.160654101066855626e-02
8.862999999999999545e+00,1.421522520564477698e-02
8.864000000000000767e+00,-1.123110968438734147e-02
8.865000000000000213e+00,2.406208849872507050e-02
8.865999999999999659e+00,1.742771202031770383e-02
8.867000000000000881e+00,-3.859758327204444728e-02
8.868000000000000327e+00,-3.255107817267700182e-02
8.868999999999999773e+00,-7.322827163555462038e-02
8.870000000000000995e+00,-8.552336268337534797e-02
8.871000000000000441e+00,-1.365820634195050731e-01
8.871999999999999886e+00,-1.294328329187849069e-01
8.872999999999999332e+00,-2.137351288887647804e-01
8.874000000000000554e+00,-1.978468987711964888e-01
8.875000000000000000e+00,-2.137633027307720979e-01
8.875999999999999446e+00,-2.024052850363001199e-01
8.877000000000000668e+00,-2.053488719444249710e-01
8.878000000000000114e+00,-1.641289746900057300e-01
8.878999999999999559e+00,-1.870604924669741764e-01
8.880000000000000782e+00,-1.139101631976354168e-01
8.881000000000000227e+00,-1.414625712385634004e-01
8.881999999999999673e+00,-1.061163183147206535e-01
8.883000000000000895e+00,-7.936058802930075207e-02
8.884000000000000341e+00,-7.054248751208683221e-02
8.884999999999999787e+00,-6.719253874758393530e-02
8.886000000000001009e+00,-8.862327361969474238e-02
8.887000000000000455e+00,-1.035344125393729969e-01
8.887999999999999901e+00,-9.269231984912473798e-02
8.888999999999999346e+00,-1.539443875144971274e-01
8.890000000000000568e+00,-1.952598801687081831e-01
8.891000000000000014e+00,-2.035716028918367060e-01
8.891999999999999460e+00,-2.079741935643894812e-01
8.893000000000000682e+00,-2.714512599491666345e-01
8.894000000000000128e+00,-3.066343217172606828e-01
8.894999999999999574e+00,-3.387800020978340987e-01
8.896000000000000796e+00,-2.847415532944671535e-01
8.897000000000000242e+00,-2.601565010366514441e-01
8.897999999999999687e+00,-2.893680638761519375e-01
8.899000000000000909e+00,-2.003295955656684002e-01
8.900000000000000355e+00,-1.778608632760655950e-01
8.900999999999999801e+00,-1.695889466993778794e-01
8.902000000000001023e+00,-1.742704233153959392e-01
8.903000000000000469e+00,-1.561665983569473226e-01
8.903999999999999915e+00,-1.547847386241870127e-01
8.904999999999999361e+00,-1.211507746245219230e-01
8.906000000000000583e+00,-1.609227061006580362e-01
8.907000000000000028e+00,-1.743254275576650580e-01
8.907999999999999474e+00,-1.874257364317602481e-01
8.909000000000000696e+00,-2.283867230077532284e-01
8.910000000000000142e+00,-2.522279404716503692e-01
8.910999999999999588e+00,-2.508924564990515638e-01
8.912000000000000810e+00,-3.165177074782508648e-01
8.913000000000000256e+00,-3.657384173978289188e-01
8.913999999999999702e+00,-3.627631148333187450e-01
8.915000000000000924e+00,-3.658927766835681217e-01
8.916000000000000369e+00,-3.397930741116654274e-01
8.916999999999999815e+00,-3.388262480568686175e-01
8.918000000000001037e+00,-3.343582493259870114e-01
8.919000000000000483e+00,-3.229051551781477736e-01
8.919999999999999929e+00,-2.961145056413465038e-01
8.920999999999999375e+00,-2.461783494105146686e-01
8.922000000000000597e+00,-2.663618628884004691e-01
8.923000000000000043e+00,-2.040733639681205080e-01
8.923999999999999488e+00,-1.978841126209231194e-01
8.925000000000000711e+00,-1.893091325700073935e-01
8.926000000000000156e+00,-1.656611290164657913e-01
8.926999999999999602e+00,-2.087404763312984968e-01
8.928000000000000824e+00,-2.451050153538942566e-01
8.929000000000000270e+00,-2.793468829066939052e-01
8.929999999999999716e+00,-3.311560399206082139e-01
8.931000000000000938e+00,-3.342661160716862145e-01
8.932000000000000384e+00,-3.764902702714656435e-01
8.932999999999999829e+00,-3.827800093048195351e-01
8.934000000000001052e+00,-4.449416809045828591e-01
8.935000000000000497e+00,-4.343485299187529458e-01
8.935999999999999943e+00,-4.222758042798655520e-01
8.936999999999999389e+00,-3.844517570064279188e-01
8.938000000000000611e+00,-3.876965618242342315e-01
8.939000000000000057e+00,-3.642576096487576409e-01
8.939999999999999503e+00,-3.625671088213811566e-01
8.941000000000000725e+00,-3.309818415221222887e-01
8.942000000000000171e+00,-2.823464077552936824e-01
8.942999999999999616e+00,-2.694896601363395705e-01
8.944000000000000838e+00,-2.677817687258167156e-01
8.945000000000000284e+00,-2.559515326449622874e-01
8.945999999999999730e+00,-2.589547721920971712e-01
8.947000000000000952e+00,-2.908464758329286082e-01
8.948000000000000398e+00,-2.645463131385148992e-01
8.948999999999999844e+00,-3.432978605116057125e-01
8.950000000000001066e+00,-3.620421329381591780e-01
8.951000000000000512e+00,-4.313511172379040914e-01
8.951999999999999957e+00,-4.347840082180222110e-01
8.952999999999999403e+00,-4.650275473114036662e-01
8.954000000000000625e+00,-4.691870778278713350e-01
8.955000000000000071e+00,-4.608186200988693138e-01
8.955999999999999517e+00,-4.564481451323613159e-01
8.957000000000000739e+00,-4.748985022750916163e-01
8.958000000000000185e+00,-4.203349680370099262e-01
8.958999999999999631e+00,-4.415725689599794834e-01
8.960000000000000853e+00,-3.973473529758605460e-01
8.961000000000000298e+00,-3.985441471882205100e-01
8.961999999999999744e+00,-3.586765312638096059e-01
8.963000000000000966e+00,-3.265954183236559061e-01
8.964000000000000412e+00,-3.273733595409866193e-01
8.964999999999999858e+00,-2.790680768665788625e-01
8.965999999999999304e+00,-3.149419415153539292e-01
8.967000000000000526e+00,-3.215075203437476326e-01
8.967999999999999972e+00,-3.356642273227665174e-01
8.968999999999999417e+00,-3.989589413135749552e-01
8.970000000000000639e+00,-3.982620962936051501e-01
8.971000000000000085e+00,-4.648602453399075518e-01
8.971999999999999531e+00,-4.476537099843418410e-01
8.973000000000000753e+00,-4.999336022585307848e-01
8.974000000000000199e+00,-5.097901050992500460e-01
8.974999999999999645e+00,-5.407454037134431513e-01
8.976000000000000867e+00,-5.133315830732165796e-01
8.977000000000000313e+00,-5.118650609474812985e-01
8.977999999999999758e+00,-5.184525469685123955e-01
8.979000000000000981e+00,-4.852028355653172365e-01
8.980000000000000426e+00,-4.230566751208122978e-01
8.980999999999999872e+00,-3.794636769061691117e-01
8.981999999999999318e+00,-4.262532169297732487e-01
8.983000000000000540e+00,-3.517362334283246073e-01
8.983999999999999986e+00,-3.301443861253674505e-01
8.984999999999999432e+00,-3.338991554637303905e-01
8.986000000000000654e+00,-3.903980903875281516e-01
8.987000000000000099e+00,-3.834159737430141157e-01
8.987999999999999545e+00,-3.845068721490647601e-01
8.989000000000000767e+00,-4.125053838638806925e-01
8.990000000000000213e+00,-4.514854630304320215e-01
8.990999999999999659e+00,-4.677143378672206642e-01
8.992000000000000881e+00,-5.358711298090941266e-01
8.993000000000000327e+00,-5.546379123870239791e-01
8.993999999999999773e+00,-5.674314625896852426e-01
8.995000000000000995e+00,-5.564579275174852402e-01
8.996000000000000441e+00,-5.881506354065936248e-01
8.996999999999999886e+00,-5.607455576794369012e-01
8.997999999999999332e+00,-5.409247516438574488e-01
8.999000000000000554e+00,-4.986159761510400301e-01
9.000000000000000000e+00,-5.032580929729341124e-01
9.000999999999999446e+00,-4.163703717327548737e-01
9.002000000000000668e+00,-3.740505771303697657e-01
9.003000000000000114e+00,-4.293651706855490247e-01
9.003999999999999559e+00,-3.955755075062751258e-01
9.005000000000000782e+00,-3.636954008083745915e-01
9.006000000000000227e+00,-4.150221964540109498e-01
9.006999999999999673e+00,-4.230357785065282927e-01
9.008000000000000895e+00,-3.938410383793946590e-01
9.009000000000000341e+00,-4.812209266774126748e-01
9.009999999999999787e+00,-4.569663851045415170e-01
9.011000000000001009e+00,-4.941776045551877772e-01
9.012000000000000455e+00,-5.762443525014825374e-01
9.012999999999999901e+00,-5.457190700492424718e-01
9.013999999999999346e+00,-5.554073328641173646e-01
9.015000000000000568e+00,-5.737832964709426165e-01
9.016000000000000014e+00,-5.778890514552603719e-01
9.016999999999999460e+00,-5.755500435965699157e-01
9.018000000000000682e+00,-5.352143595787655084e-01
9.019000000000000128e+00,-5.330627971341184157e-01
9.019999999999999574e+00,-4.846738683203856146e-01
9.021000000000000796e+00,-4.362965949178632119e-01
9.022000000000000242e+00,-4.524439717014561713e-01
9.022999999999999687e+00,-4.307397115512814900e-01
9.024000000000000909e+00,-4.579983603630795597e-01
9.025000000000000355e+00,-3.898584724859111006e-01
9.025999999999999801e+00,-4.251968185255347032e-01
9.027000000000001023e+00,-4.116820401627303561e-01
9.028000000000000469e+00,-4.533517611725189633e-01
9.028999999999999915e+00,-4.662782392203009829e-01
9.029999999999999361e+00,-5.028294217575134395e-01
9.031000000000000583e+00,-5.285187653369557426e-01
9.032000000000000028e+00,-5.663757735051965225e-01
9.032999999999999474e+00,-5.934616538978412237e-01
9.034000000000000696e+00,-5.999580215259560090e-01
9.035000000000000142e+00,-6.387831114020372514e-01
9.035999999999999588e+00,-5.880628230767028786e-01
9.037000000000000810e+00,-5.958413582050436919e-01
9.038000000000000256e+00,-5.648974083334027396e-01
9.038999999999999702e+00,-5.139008322928406702e-01
9.040000000000000924e+00,-5.031609214068283320e-01
9.041000000000000369e+00,-4.418293895664656135e-01
9.041999999999999815e+00,-4.217860033391124253e-01
9.043000000000001037e+00,-4.116786666352465485e-01
9.044000000000000483e+00,-3.989366961584126514e-01
9.044999999999999929e+00,-4.026407073457319852e-01
9.045999999999999375e+00,-3.982941454259054104e-01
9.047000000000000597e+00,-4.252379349901294070e-01
9.048000000000000043e+00,-4.389755449985565106e-01
9.048999999999999488e+00,-4.895919110156790044e-01
9.050000000000000711e+00,-4.931510739364901030e-01
9.051000000000000156e+00,-5.337872262037558491e-01
9.051999999999999602e+00,-5.693545037365207451e-01
9.053000000000000824e+00,-5.906785062252543073e-01
9.054000000000000270e+00,-6.100053802642136924e-01
9.054999999999999716e+00,-6.363629314857995878e-01
9.056000000000000938e+00,-5.535068152452427004e-01
9.057000000000000384e+00,-6.213585893706344843e-01
9.057999999999999829e+00,-5.453857047251177148e-01
9.059000000000001052e+00,-5.412768140817774132e-01
9.060000000000000497e+00,-4.899830883482570454e-01
9.060999999999999943e+00,-4.648690319215506572e-01
9.061999999999999389e+00,-4.048401552552721716e-01
9.063000000000000611e+00,-4.069798638878204811e-01
9.064000000000000057e+00,-4.141231965929575987e-01
9.064999999999999503e+00,-3.890643042823065390e-01
9.066000000000000725e+00,-3.879103400528425838e-01
9.067000000000000171e+00,-4.199474088778097913e-01
9.067999999999999616e+00,-4.290084137464083569e-01
9.069000000000000838e+00,-4.288318576169006247e-01
9.070000000000000284e+00,-4.685380653823868480e-01
9.070999999999999730e+00,-5.018342374026276698e-01
9.072000000000000952e+00,-5.200056247746913662e-01
9.073000000000000398e+00,-6.113005716826112046e-01
9.073999999999999844e+00,-5.572981133180965330e-01
9.075000000000001066e+00,-5.787287459803773793e-01
9.076000000000000512e+00,-5.615102904481060753e-01
9.076999999999999957e+00,-5.375098566839057179e-01
9.077999999999999403e+00,-5.194684854409795660e-01
9.079000000000000625e+00,-5.104913763700262841e-01
9.080000000000000071e+00,-4.704382822953019905e-01
9.080999999999999517e+00,-4.308258123867743095e-01
9.082000000000000739e+00,-3.973605511084618014e-01
9.083000000000000185e+00,-3.837081035117139716e-01
9.083999999999999631e+00,-3.587330291812595995e-01
9.085000000000000853e+00,-4.072151550117256713e-01
9.086000000000000298e+00,-3.770917405682125412e-01
9.086999999999999744e+00,-4.176412519849781457e-01
9.088000000000000966e+00,-4.089507102408882488e-01
9.089000000000000412e+00,-4.369202629521438119e-01
9.089999999999999858e+00,-4.568384775570843437e-01
9.090999999999999304e+00,-4.752124323245769943e-01
9.092000000000000526e+00,-4.818537224844490208e-01
9.092999999999999972e+00,-5.260495950039345558e-01
9.093999999999999417e+00,-5.665864709613331884e-01
9.095000000000000639e+00,-5.119844309789157721e-01
9.096000000000000085e+00,-5.335086918495859365e-01
9.096999999999999531e+00,-5.257377749302016845e-01
9.098000000000000753e+00,-5.072685455751395622e-01
9.099000000000000199e+00,-4.892641700703904695e-01
9.099999999999999645e+00,-4.252858672260990125e-01
9.101000000000000867e+00,-3.915255783018640190e-01
9.102000000000000313e+00,-3.873534714295291947e-01
9.102999999999999758e+00,-3.813384278976982844e-01
9.104000000000000981e+00,-3.237144557003813761e-01
9.105000000000000426e+00,-3.120144722239110990e-01
9.105999999999999872e+00,-2.990132453560645498e-01
9.106999999999999318e+00,-3.313931694521730087e-01
9.108000000000000540e+00,-3.278086224620088696e-01
9.108999999999999986e+00,-4.035841828219467464e-01
9.109999999999999432e+00,-4.065839402920860546e-01
9.111000000000000654e+00,-4.545336637228915011e-01
9.112000000000000099e+00,-4.344004706173035246e-01
9.112999999999999545e+00,-4.888905601610616936e-01
9.114000000000000767e+00,-4.831720714747886891e-01
9.115000000000000213e+00,-5.307076178700468327e-01
9.115999999999999659e+00,-4.841015059014340260e-01
9.117000000000000881e+00,-4.907987344484984749e-01
9.118000000000000327e+00,-4.626601248142501732e-01
9.118999999999999773e+00,-4.207159134165126546e-01
9.120000000000000995e+00,-3.747717540409286063e-01
9.121000000000000441e+00,-3.558614412121334780e-01
9.121999999999999886e+00,-3.335762079204112607e-01
9.122999999999999332e+00,-3.402311635389926869e-01
9.124000000000000554e+00,-2.832543200473739975e-01
9.125000000000000000e+00,-2.581840599560502048e-01
9.125999999999999446e+00,-2.731756200790243505e-01
9.127000000000000668e+00,-2.869165279188106710e-01
9.128000000000000114e+00,-2.798095230184680648e-01
9.128999999999999559e+00,-3.178556325265120552e-01
9.130000000000000782e+00,-3.988496260223070577e-01
9.131000000000000227e+00,-3.851605099327919945e-01
9.131999999999999673e+00,-4.185623940563174550e-01
9.133000000000000895e+00,-4.873495651932959749e-01
9.134000000000000341e+00,-4.489089749653991657e-01
9.134999999999999787e+00,-4.870898689437613838e-01
9.136000000000001009e+00,-4.461749524594236793e-01
9.137000000000000455e+00,-4.123669738495419068e-01
9.137999999999999901e+00,-3.894334971261272926e-01
9.138999999999999346e+00,-3.532966796640559237e-01
9.140000000000000568e+00,-3.111110048442063403e-01
9.141000000000000014e+00,-2.861426329304065930e-01
9.141999999999999460e+00,-2.493205219826606645e-01
9.143000000000000682e+00,-2.786062566521049222e-01
9.144000000000000128e+00,-2.736169156300093386e-01
9.144999999999999574e+00,-2.580988401216085526e-01
9.146000000000000796e+00,-2.457808499447401984e-01
9.147000000000000242e+00,-2.455771003728084434e-01
9.147999999999999687e+00,-2.858845405976128129e-01
9.149000000000000909e+00,-2.738380660751239537e-01
9.150000000000000355e+00,-3.040798582642028070e-01
9.150999999999999801e+00,-3.442168521729090380e-01
9.152000000000001023e+00,-3.507670351783754858e-01
9.153000000000000469e+00,-3.500203379291879080e-01
9.153999999999999915e+00,-3.829801366815805963e-01
9.154999999999999361e+00,-3.752089186915045227e-01
9.156000000000000583e+00,-4.200167753995386888e-01
9.157000000000000028e+00,-4.018808417764786478e-01
9.157999999999999474e+00,-3.188328218267767467e-01
9.159000000000000696e+00,-3.304061819192308791e-01
9.160000000000000142e+00,-2.646631030113678618e-01
9.160999999999999588e+00,-2.047947699806053901e-01
9.162000000000000810e+00,-2.105619034550966495e-01
9.163000000000000256e+00,-1.754424716766048165e-01
9.163999999999999702e+00,8.249475330221750502e-01
9.165000000000000924e+00,1.458356098882143403e-01
9.166000000000000369e+00,-6.471959926105346206e-01
9.166999999999999815e+00,-1.444153263098361673e-01
9.168000000000001037e+00,-1.763604270476749336e-01
9.169000000000000483e+00,-1.815082919825241614e-01
9.169999999999999929e+00,-2.432878552977527087e-01
9.170999999999999375e+00,-3.036335273677518987e-01
9.172000000000000597e+00,-2.729161228504179970e-01
9.173000000000000043e+00,-3.001891914938464856e-01
9.173999999999999488e+00,-3.241263450821922909e-01
9.175000000000000711e+00,-3.106921749613266170e-01
9.176000000000000156e+00,-3.024020051741660442e-01
9.176999999999999602e+00,-2.874524148173504545e-01
9.178000000000000824e+00,-2.774989687022029750e-01
9.179000000000000270e+00,-2.200479346769848576e-01
9.179999999999999716e+00,-1.914931291422302673e-01
9.181000000000000938e+00,-1.422750567081876583e-01
9.182000000000000384e+00,-1.474211432501805752e-01
9.182999999999999829e+00,-1.313029285337727059e-01
9.184000000000001052e+00,-9.248058852331104973e-02
9.185000000000000497e+00,-8.606169462269910864e-02
9.185999999999999943e+00,-6.484412931043712081e-02
9.186999999999999389e+00,-8.863458676728039332e-02
9.188000000000000611e+00,-1.308711300169574099e-01
9.189000000000000057e+00,-1.385420175715554869e-01
9.189999999999999503e+00,-1.587055740741706023e-01
9.191000000000000725e+00,-1.789954412608198153e-01
9.192000000000000171e+00,-2.146749155481958715e-01
9.192999999999999616e+00,-2.228130854661761751e-01
9.194000000000000838e+00,-2.243973326255460365e-01
9.195000000000000284e+00,-2.128125804226624063e-01
9.195999999999999730e+00,-2.669348194668452190e-01
9.197000000000000952e+00,-2.049698691387070171e-01
9.198000000000000398e+00,-1.922481026222579159e-01
9.198999999999999844e+00,-1.254944206411024998e-01
9.200000000000001066e+00,-1.374179102769052530e-01
9.201000000000000512e+00,-9.562185553400534554e-02
9.201999999999999957e+00,-5.052384975592366656e-02
9.202999999999999403e+00,-1.507854638373375133e-02
9.204000000000000625e+00,-2.850358995728560774e-02
9.205000000000000071e+00,8.483024324006535610e-03
9.205999999999999517e+00,5.326723312002623612e-03
9.207000000000000739e+00,-4.559434096861522678e-02
9.208000000000000185e+00,-5.627631164946882147e-02
9.208999999999999631e+00,-6.410247446245877223e-02
9.210000000000000853e+00,-7.070622558067553298e-02
9.211000000000000298e+00,-7.206611954787106589e-02
9.211999999999999744e+00,-1.226610557307998284e-01
9.213000000000000966e+00,-1.689999049099660811e-01
9.214000000000000412e+00,-1.659381445732753535e-01
9.214999999999999858e+00,-1.560801329195732334e-01
9.216000000000001080e+00,-1.653515046314346093e-01
9.217000000000000526e+00,-1.192872881725354495e-01
9.217999999999999972e+00,-6.094692471461018307e-02
9.218999999999999417e+00,-6.958042180558769718e-02
9.220000000000000639e+00,-3.555109968298351963e-02
9.221000000000000085e+00,-3.332648921943853065e-02
9.221999999999999531e+00,3.370628468422541546e-02
9.223000000000000753e+00,8.219106844355905661e-02
9.224000000000000199e+00,4.212617419343479136e-02
9.224999999999999645e+00,1.027398626791274500e-01
9.226000000000000867e+00,8.405703250620776001e-02
9.227000000000000313e+00,6.240309545004769920e-02
9.227999999999999758e+00,7.214902628862909784e-02
9.229000000000000981e+00,1.593858498742523749e-02
9.230000000000000426e+00,-3.618172974134598735e-02
9.230999999999999872e+00,-5.278729016076835756e-02
9.231999999999999318e+00,-5.591094300626132246e-02
9.233000000000000540e+00,-7.753237374734607557e-02
9.233999999999999986e+00,-1.014432702090121430e-01
9.234999999999999432e+00,-7.526053648189212630e-02
9.236000000000000654e+00,-7.420284798892227973e-02
9.237000000000000099e+00,-3.886849354391408440e-02
9.237999999999999545e+00,-3.765141730367505685e-02
9.239000000000000767e+00,-3.331454948198571409e-02
9.240000000000000213e+00,4.927461585132880684e-03
9.240999999999999659e+00,8.399456316354464436e-02
9.242000000000000881e+00,1.233602539189908309e-01
9.243000000000000327e+00,1.426864721842434625e-01
9.243999999999999773e+00,1.606718910459552230e-01
9.245000000000000995e+00,1.710002391435583025e-01
9.246000000000000441e+00,1.757461101438952400e-01
9.246999999999999886e+00,1.697145605384021982e-01
9.247999999999999332e+00,1.081897207144184025e-01
9.249000000000000554e+00,7.409199949948999664e-02
9.250000000000000000e+00,4.661939901010501291e-02
9.250999999999999446e+00,1.183526957150565495e-01
9.252000000000000668e+00,6.143737352364114779e-02
9.253000000000000114e+00,3.081407656052523314e-02
9.253999999999999559e+00,4.843568115432947407e-03
9.255000000000000782e+00,2.595134095713796940e-02
9.256000000000000227e+00,-8.912773062389869883e-03
9.256999999999999673e+00,4.866611787232802411e-02
9.258000000000000895e+00,2.424827433440696761e-02
9.259000000000000341e+00,1.020386792108224500e-01
9.259999999999999787e+00,1.523156806778216410e-01
9.261000000000001009e+00,1.888802839291463254e-01
9.262000000000000455e+00,1.794694340616516670e-01
9.262999999999999901e+00,1.902485820800171867e-01
9.263999999999999346e+00,2.436820329670564000e-01
9.265000000000000568e+00,2.161297366769393546e-01
9.266000000000000014e+00,2.613707946830763351e-01
9.266999999999999460e+00,2.010040971562807588e-01
9.268000000000000682e+00,2.332399444268397071e-01
9.269000000000000128e+00,2.120112826645562387e-01
9.269999999999999574e+00,1.529094436430038506e-01
9.271000000000000796e+00,1.100565306679175681e-01
9.272000000000000242e+00,1.022172087288728687e-01
9.272999999999999687e+00,7.812837491044276328e-02
9.274000000000000909e+00,7.328137212564680980e-02
9.275000000000000355e+00,5.713813389040497959e-02
9.275999999999999801e+00,9.575365283028440533e-02
9.277000000000001023e+00,8.238987245891007949e-02
9.278000000000000469e+00,1.559250489617188817e-01
9.278999999999999915e+00,1.342940958605047252e-01
9.279999999999999361e+00,1.828987004771904235e-01
9.281000000000000583e+00,2.178502536051376282e-01
9.282000000000000028e+00,2.694915237402034647e-01
9.282999999999999474e+00,2.669669029392754411e-01
9.284000000000000696e+00,2.958124104396531173e-01
9.285000000000000142e+00,3.173824170995311889e-01
9.285999999999999588e+00,3.249989075395358085e-01
9.287000000000000810e+00,3.127159396856999951e-01
9.288000000000000256e+00,2.933927787976485235e-01
9.288999999999999702e+00,2.612931692430487396e-01
9.290000000000000924e+00,2.564876507314481913e-01
9.291000000000000369e+00,2.268962076258476956e-01
9.291999999999999815e+00,1.443678578153562708e-01
9.293000000000001037e+00,1.555699689020935139e-01
9.294000000000000483e+00,1.406855049059376750e-01
9.294999999999999929e+00,1.487176150332178148e-01
9.295999999999999375e+00,1.568399967039595944e-01
9.297000000000000597e+00,1.780998595100166115e-01
9.298000000000000043e+00,2.246784802813485971e-01
9.298999999999999488e+00,2.423202002148415191e-01
9.300000000000000711e+00,2.703908123041648959e-01
9.301000000000000156e+00,3.314688759828671172e-01
9.301999999999999602e+00,3.548012926258870547e-01
9.303000000000000824e+00,3.674552223340513124e-01
9.304000000000000270e+00,3.483379120598896761e-01
9.304999999999999716e+00,3.652313380081729788e-01
9.306000000000000938e+00,3.764473831286019867e-01
9.307000000000000384e+00,3.574064110898410029e-01
9.307999999999999829e+00,3.462723367015981268e-01
9.309000000000001052e+00,3.332873676058437096e-01
9.310000000000000497e+00,2.874542496439421169e-01
9.310999999999999943e+00,2.746246319764402144e-01
9.311999999999999389e+00,2.667026283492861527e-01
9.313000000000000611e+00,2.237573592139008860e-01
9.314000000000000057e+00,2.280277851939694900e-01
9.314999999999999503e+00,1.767770478862481787e-01
9.316000000000000725e+00,2.064601048094029390e-01
9.317000000000000171e+00,2.403812452604035532e-01
9.317999999999999616e+00,2.784766128910383109e-01
9.319000000000000838e+00,2.701683948488536879e-01
9.320000000000000284e+00,3.411236172717178050e-01
9.320999999999999730e+00,3.475431219705770736e-01
9.322000000000000952e+00,4.269820424931551894e-01
9.323000000000000398e+00,3.938332604854646313e-01
9.323999999999999844e+00,4.157689446818452761e-01
9.325000000000001066e+00,4.603943743377446607e-01
9.326000000000000512e+00,4.831116172503295836e-01
9.326999999999999957e+00,4.221406957420104633e-01
9.327999999999999403e+00,4.154749140982467726e-01
9.329000000000000625e+00,3.933126487691672168e-01
9.330000000000000071e+00,3.578690719176916279e-01
9.330999999999999517e+00,3.353310630145479032e-01
9.332000000000000739e+00,2.944117455262296734e-01
9.333000000000000185e+00,2.987986693427758800e-01
9.333999999999999631e+00,2.845311087071827894e-01
9.335000000000000853e+00,2.996146486945309162e-01
9.336000000000000298e+00,2.761538515069644761e-01
9.336999999999999744e+00,3.014444178223576465e-01
9.338000000000000966e+00,2.942338179366506545e-01
9.339000000000000412e+00,3.503647675634358194e-01
9.339999999999999858e+00,3.986286828340442345e-01
9.341000000000001080e+00,4.464459269925956098e-01
9.342000000000000526e+00,4.729099951818196423e-01
9.342999999999999972e+00,4.356345687808425571e-01
9.343999999999999417e+00,4.948331529602915113e-01
9.345000000000000639e+00,4.855521751958431498e-01
9.346000000000000085e+00,5.031400650361802507e-01
9.346999999999999531e+00,5.245729684501644341e-01
9.348000000000000753e+00,4.994215556676578904e-01
9.349000000000000199e+00,4.770545212772860921e-01
9.349999999999999645e+00,3.940059174118845098e-01
9.351000000000000867e+00,3.703074948882434936e-01
9.352000000000000313e+00,3.411403678036503129e-01
9.352999999999999758e+00,3.394323192414637202e-01
9.354000000000000981e+00,3.089641233273349163e-01
9.355000000000000426e+00,3.364938097615329804e-01
9.355999999999999872e+00,3.592267262475666301e-01
9.356999999999999318e+00,3.471326224812731343e-01
9.358000000000000540e+00,3.989097824049331886e-01
9.358999999999999986e+00,4.054147813783870458e-01
9.359999999999999432e+00,4.306015770352329408e-01
9.361000000000000654e+00,4.649639932121334418e-01
9.362000000000000099e+00,5.177584541025046505e-01
9.362999999999999545e+00,4.805479834294992258e-01
9.364000000000000767e+00,5.281189689585683578e-01
9.365000000000000213e+00,5.316616826973694643e-01
9.365999999999999659e+00,5.332579399929879838e-01
9.367000000000000881e+00,5.429409462040728496e-01
9.368000000000000327e+00,5.093395290493694105e-01
9.368999999999999773e+00,4.845947765200568913e-01
9.370000000000000995e+00,4.842330097515983311e-01
9.371000000000000441e+00,4.297136136988636834e-01
9.371999999999999886e+00,3.703313261540783774e-01
9.372999999999999332e+00,3.590750921699950027e-01
9.374000000000000554e+00,3.891173230993898446e-01
9.375000000000000000e+00,3.469734606785332964e-01
9.375999999999999446e+00,3.695717113457100966e-01
9.377000000000000668e+00,3.733045118714068966e-01
9.378000000000000114e+00,4.018164454499050242e-01
9.378999999999999559e+00,4.350339786161840916e-01
9.380000000000000782e+00,4.747593792311355920e-01
9.381000000000000227e+00,5.077103811332324135e-01
9.381999999999999673e+00,5.418872927285238728e-01
9.383000000000000895e+00,5.646269333368247878e-01
9.384000000000000341e+00,5.855832020406342986e-01
9.384999999999999787e+00,5.818023846054443116e-01
9.386000000000001009e+00,5.850057737295443205e-01
9.387000000000000455e+00,5.552025377220904945e-01
9.387999999999999901e+00,5.722999190011884840e-01
9.388999999999999346e+00,5.352210761134423844e-01
9.390000000000000568e+00,4.521960953473368461e-01
9.391000000000000014e+00,4.316067746799916449e-01
9.391999999999999460e+00,4.398555856803553765e-01
9.393000000000000682e+00,4.264277333524812419e-01
9.394000000000000128e+00,4.117328039751274593e-01
9.394999999999999574e+00,3.797474208430529075e-01
9.396000000000000796e+00,3.996394998159208400e-01
9.397000000000000242e+00,3.876883578417689158e-01
9.397999999999999687e+00,4.053720620466284563e-01
9.399000000000000909e+00,4.403678358174844543e-01
9.400000000000000355e+00,4.984349558247734846e-01
9.400999999999999801e+00,5.215299570018574471e-01
9.402000000000001023e+00,5.761571327235921469e-01
9.403000000000000469e+00,5.821380894002352591e-01
9.403999999999999915e+00,6.013862814670170032e-01
9.404999999999999361e+00,5.861701336114090166e-01
9.406000000000000583e+00,6.179816341833295201e-01
9.407000000000000028e+00,5.737740633535808321e-01
9.407999999999999474e+00,5.980469170341794483e-01
9.409000000000000696e+00,5.093878438888796989e-01
9.410000000000000142e+00,4.855214787537535104e-01
9.410999999999999588e+00,3.902739133887830336e-01
9.412000000000000810e+00,4.215112403331236490e-01
9.413000000000000256e+00,4.767619053831337328e-01
9.413999999999999702e+00,4.023797734965361972e-01
9.415000000000000924e+00,3.622195066136161268e-01
9.416000000000000369e+00,4.102848245668028193e-01
9.416999999999999815e+00,4.247701569801820010e-01
9.418000000000001037e+00,4.405288185017479652e-01
9.419000000000000483e+00,4.595187517076679828e-01
9.419999999999999929e+00,4.869761780940605189e-01
9.420999999999999375e+00,5.298084070879865992e-01
9.422000000000000597e+00,5.509758985455589508e-01
9.423000000000000043e+00,5.687155063542757016e-01
9.423999999999999488e+00,5.846222199774125938e-01
9.425000000000000711e+00,5.955476002763068211e-01
9.426000000000000156e+00,5.690415528132586331e-01
9.426999999999999602e+00,6.017077687365199878e-01
9.428000000000000824e+00,5.692949247408288782e-01
9.429000000000000270e+00,5.354065858485324014e-01
9.429999999999999716e+00,4.627587588752473668e-01
9.431000000000000938e+00,4.770403555104921756e-01
9.432000000000000384e+00,4.575980582768898186e-01
9.432999999999999829e+00,4.223484040476104817e-01
9.434000000000001052e+00,4.216883573871342272e-01
9.435000000000000497e+00,3.790941058050431023e-01
9.435999999999999943e+00,3.974242972990023604e-01
9.436999999999999389e+00,3.980378161393432479e-01
9.438000000000000611e+00,4.490290382454239504e-01
9.439000000000000057e+00,4.900413034405323165e-01
9.439999999999999503e+00,4.945744258697192253e-01
9.441000000000000725e+00,5.741572243192567537e-01
9.442000000000000171e+00,5.472360938733770164e-01
9.442999999999999616e+00,5.373549378009756516e-01
9.444000000000000838e+00,5.665638720518411109e-01
9.445000000000000284e+00,5.857399548149464508e-01
9.445999999999999730e+00,5.842395622124012533e-01
9.447000000000000952e+00,5.674546722422258993e-01
9.448000000000000398e+00,5.595093431088281610e-01
9.448999999999999844e+00,5.428624382465769838e-01
9.450000000000001066e+00,4.849635234049186061e-01
9.451000000000000512e+00,4.080437426016088054e-01
9.451999999999999957e+00,4.672323276651263457e-01
9.452999999999999403e+00,3.975678987343652104e-01
9.454000000000000625e+00,3.972209628936188563e-01
9.455000000000000071e+00,3.917790069406749121e-01
9.455999999999999517e+00,4.243382270792550592e-01
9.457000000000000739e+00,4.014359667911999163e-01
9.458000000000000185e+00,4.159172178264745057e-01
9.458999999999999631e+00,4.740389202042528116e-01
9.460000000000000853e+00,5.025117203581589420e-01
9.461000000000000298e+00,4.941023987271893625e-01
9.461999999999999744e+00,4.837052874570185734e-01
9.463000000000000966e+00,5.149192759098325523e-01
9.464000000000000412e+00,5.878009008089173371e-01
9.464999999999999858e+00,5.888361204093283119e-01
9.466000000000001080e+00,5.757896505044710622e-01
9.467000000000000526e+00,5.453581517888589358e-01
9.467999999999999972e+00,5.470435423557064025e-01
9.468999999999999417e+00,4.975737926389902643e-01
9.470000000000000639e+00,4.842384124310394333e-01
9.471000000000000085e+00,4.205507160731363769e-01
9.471999999999999531e+00,4.145984814644317895e-01
9.473000000000000753e+00,3.682678981205967372e-01
9.474000000000000199e+00,3.842063536120765566e-01
9.474999999999999645e+00,3.206852737983609813e-01
9.476000000000000867e+00,3.576884095057872859e-01
9.477000000000000313e+00,3.693735293105383510e-01
9.477999999999999758e+00,4.323549662679764816e-01
9.479000000000000981e+00,4.590395804080377173e-01
9.480000000000000426e+00,4.454532481889048601e-01
9.480999999999999872e+00,4.903756435142960224e-01
9.481999999999999318e+00,5.039006786907659352e-01
9.483000000000000540e+00,5.292440707481392836e-01
9.483999999999999986e+00,5.120075069316423200e-01
9.484999999999999432e+00,5.016482498744982976e-01
9.486000000000000654e+00,5.472788730433353344e-01
9.487000000000000099e+00,5.299552342474819211e-01
9.487999999999999545e+00,4.506407956214463773e-01
9.489000000000000767e+00,4.519809844617735939e-01
9.490000000000000213e+00,3.966203302162055744e-01
9.490999999999999659e+00,4.110676106749009406e-01
9.492000000000000881e+00,3.823269431929464113e-01
9.493000000000000327e+00,3.323183337363829759e-01
9.493999999999999773e+00,3.291527314845008600e-01
9.495000000000000995e+00,2.713033579377900351e-01
9.496000000000000441e+00,2.782042395243316535e-01
9.496999999999999886e+00,3.556084542276939375e-01
9.497999999999999332e+00,3.688794197776367745e-01
9.499000000000000554e+00,3.679879343798270752e-01
9.500000000000000000e+00,4.066888045842532717e-01
9.500999999999999446e+00,4.512482032789094100e-01
9.502000000000000668e+00,4.922260436216009949e-01
9.503000000000000114e+00,5.118149917879868394e-01
9.503999999999999559e+00,4.762342318753155501e-01
9.505000000000000782e+00,4.749131946688972539e-01
9.506000000000000227e+00,4.651167910907185732e-01
9.506999999999999673e+00,4.746800958736122622e-01
9.508000000000000895e+00,4.286037751993361233e-01
9.509000000000000341e+00,4.203488820794220038e-01
9.509999999999999787e+00,3.478824054943739918e-01
9.511000000000001009e+00,3.430961858257960406e-01
9.512000000000000455e+00,3.346633326615013893e-01
9.512999999999999901e+00,3.228171275949674457e-01
9.513999999999999346e+00,2.907623736653142665e-01
9.515000000000000568e+00,2.453007791724594322e-01
9.516000000000000014e+00,2.803486655297094954e-01
9.516999999999999460e+00,3.226575825985934509e-01
9.518000000000000682e+00,2.911244819786888427e-01
9.519000000000000128e+00,3.509954048703489149e-01
9.519999999999999574e+00,3.434499976095573559e-01
9.521000000000000796e+00,3.980347856961780617e-01
9.522000000000000242e+00,4.207505833106706117e-01
9.522999999999999687e+00,3.852800616301147452e-01
9.524000000000000909e+00,4.534571329424738062e-01
9.525000000000000355e+00,4.579461341481811942e-01
9.525999999999999801e+00,4.337313773784473026e-01
9.527000000000001023e+00,4.117466024581639128e-01
9.528000000000000469e+00,3.864700785648720327e-01
9.528999999999999915e+00,3.677365763580301428e-01
9.529999999999999361e+00,3.252701121396736061e-01
9.531000000000000583e+00,2.987815119965033239e-01
9.532000000000000028e+00,2.539687884553542552e-01
9.532999999999999474e+00,2.335220036609485517e-01
9.534000000000000696e+00,1.955473460531762797e-01
9.535000000000000142e+00,2.058844499068850642e-01
9.535999999999999588e+00,2.072931071795902080e-01
9.537000000000000810e+00,2.107338842149810987e-01
9.538000000000000256e+00,2.409548460657197633e-01
9.538999999999999702e+00,2.247256841743081879e-01
9.540000000000000924e+00,3.050532714778042553e-01
9.541000000000000369e+00,3.104679273071737078e-01
9.541999999999999815e+00,3.375646428844401581e-01
9.543000000000001037e+00,3.711458497953798452e-01
9.544000000000000483e+00,3.567381454165525767e-01
9.544999999999999929e+00,3.892345249163615684e-01
9.545999999999999375e+00,3.878494807013474488e-01
9.547000000000000597e+00,3.540730405841843176e-01
9.548000000000000043e+00,3.006735179965993043e-01
9.548999999999999488e+00,2.758589328144422925e-01
9.550000000000000711e+00,2.636112912729272617e-01
9.551000000000000156e+00,2.130231668244223775e-01
9.551999999999999602e+00,1.867625395319988391e-01
9.553000000000000824e+00,1.596678384440976817e-01
9.554000000000000270e+00,1.480242433820085635e-01
9.554999999999999716e+00,1.525277875351497003e-01
9.556000000000000938e+00,1.097114697664958727e-01
9.557000000000000384e+00,1.513630704751416090e-01
9.557999999999999829e+00,1.388227177670227908e-01
9.559000000000001052e+00,2.000702374366277736e-01
9.560000000000000497e+00,2.470683820657761376e-01
9.560999999999999943e+00,2.484417154747521894e-01
9.561999999999999389e+00,2.600700646452640541e-01
9.563000000000000611e+00,2.910687596517306241e-01
9.564000000000000057e+00,2.772830886643122272e-01
9.564999999999999503e+00,2.729046581022160911e-01
9.566000000000000725e+00,2.975396905598534092e-01
9.567000000000000171e+00,2.724487374924299266e-01
9.567999999999999616e+00,2.584109545947168018e-01
9.569000000000000838e+00,2.006200695023453995e-01
9.570000000000000284e+00,1.696623233175788836e-01
9.570999999999999730e+00,1.462994947178119232e-01
9.572000000000000952e+00,1.443421751804948028e-01
9.573000000000000398e+00,8.520853257080783505e-02
9.573999999999999844e+00,1.033110304647126554e-01
9.575000000000001066e+00,9.575951740247004573e-02
9.576000000000000512e+00,7.154567046076526493e-02
9.576999999999999957e+00,6.036305813665286679e-02
9.577999999999999403e+00,5.376881390416728829e-02
9.579000000000000625e+00,1.414751705103380330e-01
9.580000000000000071e+00,1.363379230170718714e-01
9.580999999999999517e+00,1.539656403901895065e-01
9.582000000000000739e+00,1.775897236427683434e-01
9.583000000000000185e+00,2.255598463835934431e-01
9.583999999999999631e+00,2.556139651782433075e-01
9.585000000000000853e+00,2.583976125134166413e-01
9.586000000000000298e+00,2.122762077629447020e-01
9.586999999999999744e+00,1.765149512165113121e-01
9.588000000000000966e+00,1.522873342655889362e-01
9.589000000000000412e+00,1.352023448119484828e-01
9.589999999999999858e+00,8.632661158145048252e-02
9.591000000000001080e+00,8.247692974316425674e-02
9.592000000000000526e+00,3.446008207437296911e-02
9.592999999999999972e+00,3.536835957119315033e-02
9.593999999999999417e+00,-5.331049315720248760e-02
9.595000000000000639e+00,-2.307771697933046207e-02
9.596000000000000085e+00,-2.570327657670845589e-02
9.596999999999999531e+00,-2.085445567952050328e-02
9.598000000000000753e+00,3.031348459823634406e-02
9.599000000000000199e+00,2.046139738339767394e-02
9.599999999999999645e+00,9.755856850251955203e-02
9.601000000000000867e+00,7.967381154471803173e-02
9.602000000000000313e+00,1.289418594090307735e-01
9.602999999999999758e+00,1.114403923455319911e-01
9.604000000000000981e+00,1.647419854197896272e-01
9.605000000000000426e+00,1.759873758603322236e-01
9.605999999999999872e+00,1.289313551009249603e-01
9.606999999999999318e+00,1.089429804781783251e-01
9.608000000000000540e+00,9.892739914204501384e-02
9.608999999999999986e+00,6.527609321664699926e-02
9.609999999999999432e+00,2.216951399149489840e-02
9.611000000000000654e+00,-6.677169657086211990e-03
9.612000000000000099e+00,-1.409146241699939933e-02
9.612999999999999545e+00,-9.764195434654265870e-02
9.614000000000000767e+00,-1.293067409213985997e-01
9.615000000000000213e+00,-7.478945012357438027e-02
9.615999999999999659e+00,-8.544850094298336862e-02
9.617000000000000881e+00,-8.694729049886776306e-02
9.618000000000000327e+00,-9.235599879739123108e-02
9.618999999999999773e+00,-2.841887533256605772e-02
9.620000000000000995e+00,-2.720200783489673882e-02
9.621000000000000441e+00,4.662136211969931943e-02
9.621999999999999886e+00,1.611738071665089200e-02
9.622999999999999332e+00,4.509447927236334003e-02
9.624000000000000554e+00,8.477922024327527728e-02
9.625000000000000000e+00,4.781031249836428104e-02
9.625999999999999446e+00,7.140329537474482402e-02
9.627000000000000668e+00,1.253140472484903789e-02
9.628000000000000114e+00,-7.904768734593323187e-03
9.628999999999999559e+00,3.012360078237345806e-04
9.630000000000000782e+00,-7.308371580076339358e-02
9.631000000000000227e+00,-1.004155778362743889e-01
9.631999999999999673e+00,-1.198837511736353389e-01
9.633000000000000895e+00,-1.596241400304335145e-01
9.634000000000000341e+00,-1.537625787821439438e-01
9.634999999999999787e+00,-1.489848280616707099e-01
9.636000000000001009e+00,-1.747830707865026811e-01
9.637000000000000455e+00,-1.660067515461153831e-01
9.637999999999999901e+00,-1.469304095178851077e-01
9.638999999999999346e+00,-1.147710045594231704e-01
9.640000000000000568e+00,-1.045470602414301925e-01
9.641000000000000014e+00,-6.247944337644843749e-02
9.641999999999999460e+00,-4.379540694811417251e-02
9.643000000000000682e+00,8.559887855068976092e-04
9.644000000000000128e+00,1.177271191201531564e-02
9.644999999999999574e+00,-3.332262144739392418e-02
9.646000000000000796e+00,-5.630190040757555858e-02
9.647000000000000242e+00,-6.683253672922810640e-02
9.647999999999999687e+00,-8.311177813905157308e-02
9.649000000000000909e+00,-9.081764976166518955e-02
9.650000000000000355e+00,-1.319678452302033012e-01
9.650999999999999801e+00,-1.961256695884810719e-01
9.652000000000001023e+00,-1.778517198917087816e-01
9.653000000000000469e+00,-2.394586868965133952e-01
9.653999999999999915e+00,-2.500500968342901364e-01
9.654999999999999361e+00,-2.609515640034564266e-01
9.656000000000000583e+00,-2.365686463545218499e-01
9.657000000000000028e+00,-2.228768985506456024e-01
9.657999999999999474e+00,-2.372499452315224022e-01
9.659000000000000696e+00,-2.293394531314315032e-01
9.660000000000000142e+00,-1.839918854889785460e-01
9.660999999999999588e+00,-1.609398058753216953e-01
9.662000000000000810e+00,-1.134263120979068229e-01
9.663000000000000256e+00,-1.195671300536216841e-01
9.663999999999999702e+00,-8.813253769392152825e-02
9.665000000000000924e+00,-1.050823607108017643e-01
9.666000000000000369e+00,-1.050175384553358043e-01
9.666999999999999815e+00,-1.438867293743262832e-01
9.668000000000001037e+00,-1.230828834262674143e-01
9.669000000000000483e+00,-1.726470772035276768e-01
9.669999999999999929e+00,-2.400417578453608036e-01
9.670999999999999375e+00,-2.584821489917767390e-01
9.672000000000000597e+00,-3.015940476753237176e-01
9.673000000000000043e+00,-3.285149199704865408e-01
9.673999999999999488e+00,-3.224789897058175092e-01
9.675000000000000711e+00,-3.284845196860003425e-01
9.676000000000000156e+00,-3.287891941529446638e-01
9.676999999999999602e+00,-3.351998313209578750e-01
9.678000000000000824e+00,-2.868728654782639054e-01
9.679000000000000270e+00,-2.730703213297796528e-01
9.679999999999999716e+00,-2.703873526679468342e-01
9.681000000000000938e+00,-2.298264116473850427e-01
9.682000000000000384e+00,-2.005261085835086110e-01
9.682999999999999829e+00,-2.138751027220705259e-01
9.684000000000001052e+00,-1.610467238810214252e-01
9.685000000000000497e+00,-1.871295664807904047e-01
9.685999999999999943e+00,-1.826472272976369382e-01
9.686999999999999389e+00,-2.037151188207032559e-01
9.688000000000000611e+00,-1.997770958153114451e-01
9.689000000000000057e+00,-2.423265840810415461e-01
9.689999999999999503e+00,-3.061996848132481075e-01
9.691000000000000725e+00,-3.453465988642450690e-01
9.692000000000000171e+00,-3.590388058095558277e-01
9.692999999999999616e+00,-3.549360806654528466e-01
9.694000000000000838e+00,-3.848663906093066078e-01
9.695000000000000284e+00,-3.791081786206186299e-01
9.695999999999999730e+00,-4.176290931782895011e-01
9.697000000000000952e+00,-4.000636523467130390e-01
9.698000000000000398e+00,-3.863716915604454849e-01
9.698999999999999844e+00,-3.465818838309403516e-01
9.700000000000001066e+00,-3.238106570840315057e-01
9.701000000000000512e+00,-3.243119502359285145e-01
9.701999999999999957e+00,-2.675000443825841234e-01
9.702999999999999403e+00,-2.435927264828161853e-01
9.704000000000000625e+00,-2.359728161502153143e-01
9.705000000000000071e+00,-2.522154697088050401e-01
9.705999999999999517e+00,-2.363595309286144197e-01
9.707000000000000739e+00,-2.472000110191271693e-01
9.708000000000000185e+00,-2.714645573925307809e-01
9.708999999999999631e+00,-3.189282237917220875e-01
9.710000000000000853e+00,-3.381465065205008780e-01
9.711000000000000298e+00,-3.869000765439151168e-01
9.711999999999999744e+00,-4.154338187570780216e-01
9.713000000000000966e+00,-4.096282600845210231e-01
9.714000000000000412e+00,-4.280304801020436423e-01
9.714999999999999858e+00,-4.483293729644312053e-01
9.716000000000001080e+00,-4.479683881632915976e-01
9.717000000000000526e+00,-4.194330532444928150e-01
9.717999999999999972e+00,-4.061523501756593157e-01
9.718999999999999417e+00,-3.920419669199968760e-01
9.720000000000000639e+00,-3.713674050403568683e-01
9.721000000000000085e+00,-3.383293963545260796e-01
9.721999999999999531e+00,-3.388581911848793093e-01
9.723000000000000753e+00,-3.514745932550341068e-01
9.724000000000000199e+00,-2.740323893584228898e-01
9.724999999999999645e+00,-3.042417397965406778e-01
9.726000000000000867e+00,-3.321018902415403540e-01
9.727000000000000313e+00,-3.238461895866064921e-01
9.727999999999999758e+00,-3.225206814949279632e-01
9.729000000000000981e+00,-3.586648889319886679e-01
9.730000000000000426e+00,-3.937052851685228227e-01
9.730999999999999872e+00,-4.711900198977832521e-01
9.731999999999999318e+00,-4.360677273198187431e-01
9.733000000000000540e+00,-4.632153399387038961e-01
9.733999999999999986e+00,-4.857933907961643483e-01
9.734999999999999432e+00,-5.369632411122344795e-01
9.736000000000000654e+00,-5.199680045970149767e-01
9.737000000000000099e+00,-5.177037195292217842e-01
9.737999999999999545e+00,-4.286938103792242716e-01
9.739000000000000767e+00,-4.740149961036514981e-01
9.740000000000000213e+00,-4.049402314257866675e-01
9.740999999999999659e+00,-4.069501848121113152e-01
9.742000000000000881e+00,-3.984446607182005051e-01
9.743000000000000327e+00,-3.871381370099141184e-01
9.743999999999999773e+00,-3.240805972536044410e-01
9.745000000000000995e+00,-2.987503141659796357e-01
9.746000000000000441e+00,-3.383840359886749471e-01
9.746999999999999886e+00,-3.528064971803598904e-01
9.747999999999999332e+00,-3.784966856223379583e-01
9.749000000000000554e+00,-4.202784695385100022e-01
9.750000000000000000e+00,-4.340920250696721494e-01
9.750999999999999446e+00,-5.078602951976146640e-01
9.752000000000000668e+00,-4.941939701225038228e-01
9.753000000000000114e+00,-5.672837300427349128e-01
9.753999999999999559e+00,-5.556699997608864905e-01
9.755000000000000782e+00,-5.224285171229822167e-01
9.756000000000000227e+00,-5.620650966831741702e-01
9.756999999999999673e+00,-4.874216492703860037e-01
9.758000000000000895e+00,-5.491803997666122594e-01
9.759000000000000341e+00,-4.896759450541543490e-01
9.759999999999999787e+00,-4.636135060053941381e-01
9.761000000000001009e+00,-4.296874633514046193e-01
9.762000000000000455e+00,-3.990381340202743266e-01
9.762999999999999901e+00,-3.605702696154842180e-01
9.763999999999999346e+00,-3.420291455385481294e-01
9.765000000000000568e+00,-3.699997984462181089e-01
9.766000000000000014e+00,-3.692848405353192920e-01
9.766999999999999460e+00,-3.853931370860728123e-01
9.768000000000000682e+00,-4.370314213319000385e-01
9.769000000000000128e+00,-4.671184385333213007e-01
9.769999999999999574e+00,-4.582029187921122237e-01
9.771000000000000796e+00,-5.037768832023536980e-01
9.772000000000000242e+00,-5.866558725294491738e-01
9.772999999999999687e+00,-5.625387808997820427e-01
9.774000000000000909e+00,-6.100958729160796956e-01
9.775000000000000355e+00,-5.791604601338025127e-01
9.775999999999999801e+00,-5.746040271501822172e-01
9.777000000000001023e+00,-5.962535291270172344e-01
9.778000000000000469e+00,-5.301414608946348750e-01
9.778999999999999915e+00,-4.976586486071704063e-01
9.779999999999999361e+00,-4.799259357166072992e-01
9.781000000000000583e+00,-4.530428789567688130e-01
9.782000000000000028e+00,-4.215187271449309936e-01
9.782999999999999474e+00,-4.183699975750496125e-01
9.784000000000000696e+00,-4.051282284852781856e-01
9.785000000000000142e+00,-4.452278714478014043e-01
9.785999999999999588e+00,-3.891672993050047102e-01
9.787000000000000810e+00,-4.054090669635083133e-01
9.788000000000000256e+00,-4.298290734944263392e-01
9.788999999999999702e+00,-4.556423107374992232e-01
9.790000000000000924e+00,-5.111383179901085594e-01
9.791000000000000369e+00,-5.371892935366406885e-01
9.791999999999999815e+00,-5.724631772742401203e-01
9.793000000000001037e+00,-5.854877987981134124e-01
9.794000000000000483e+00,-5.671522203625360969e-01
9.794999999999999929e+00,-6.143063503105294920e-01
9.795999999999999375e+00,-6.035416094208115867e-01
9.797000000000000597e+00,-5.628463372250250840e-01
9.798000000000000043e+00,-5.713523523279866456e-01
9.798999999999999488e+00,-5.463894439087222388e-01
9.800000000000000711e+00,-4.975523040813369380e-01
9.801000000000000156e+00,-4.848921121891861530e-01
9.801999999999999602e+00,-4.281857378020422211e-01
9.803000000000000824e+00,-4.108880432041033814e-01
9.804000000000000270e+00,-4.359362863645036001e-01
9.804999999999999716e+00,-4.145373397052953823e-01
9.806000000000000938e+00,-3.756525269583338988e-01
9.807000000000000384e+00,-4.405066206316444744e-01
9.807999999999999829e+00,-4.322755901776490495e-01
9.809000000000001052e+00,-4.489506030211916632e-01
9.810000000000000497e+00,-4.839315586993869212e-01
9.810999999999999943e+00,-5.258021579097393872e-01
9.811999999999999389e+00,-5.583806323761513202e-01
9.813000000000000611e+00,-5.827311086555898578e-01
9.814000000000000057e+00,-5.827016230923403040e-01
9.814999999999999503e+00,-6.201224054224835358e-01
9.816000000000000725e+00,-6.044749319474014282e-01
9.817000000000000171e+00,-5.681518029425403071e-01
9.817999999999999616e+00,-5.388491225233128512e-01
9.819000000000000838e+00,-4.974029563133298693e-01
9.820000000000000284e+00,-4.928903864683373270e-01
9.820999999999999730e+00,-4.626780732850568900e-01
9.822000000000000952e+00,-4.788198100075116148e-01
9.823000000000000398e+00,-3.906259363563187592e-01
9.823999999999999844e+00,-4.108071218510418454e-01
9.825000000000001066e+00,-3.919488416573413403e-01
9.826000000000000512e+00,-3.860536231814923891e-01
9.826999999999999957e+00,-4.248500563848762734e-01
9.827999999999999403e+00,-4.469866689207196986e-01
9.829000000000000625e+00,-4.697629104019258039e-01
9.830000000000000071e+00,-4.814028150190872157e-01
9.830999999999999517e+00,-5.080013088753100314e-01
9.832000000000000739e+00,-5.655022362061657981e-01
9.833000000000000185e+00,-5.736452498387778487e-01
9.833999999999999631e+00,-5.603522744024826974e-01
9.835000000000000853e+00,-6.106307073946093400e-01
9.836000000000000298e+00,-5.870981261849382848e-01
9.836999999999999744e+00,-5.703469922115701474e-01
9.838000000000000966e+00,-5.653446368854968540e-01
9.839000000000000412e+00,-5.372241679192080177e-01
9.839999999999999858e+00,-5.135722115085420425e-01
9.841000000000001080e+00,-4.420692438457102802e-01
9.842000000000000526e+00,-4.303256423564131294e-01
9.842999999999999972e+00,-3.839398337443652998e-01
9.843999999999999417e+00,-3.616488402339911312e-01
9.845000000000000639e+00,-3.784874114237372078e-01
9.846000000000000085e+00,-4.069860813480611350e-01
9.846999999999999531e+00,-3.816427024489085218e-01
9.848000000000000753e+00,-4.251093547423206997e-01
9.849000000000000199e+00,-4.259879080060655077e-01
9.849999999999999645e+00,-4.985253624062359057e-01
9.851000000000000867e+00,-4.839354123054959711e-01
9.852000000000000313e+00,-5.725022504206929153e-01
9.852999999999999758e+00,-5.688588295396252992e-01
9.854000000000000981e+00,-5.347675811270045099e-01
9.855000000000000426e+00,-5.388429165320473002e-01
9.855999999999999872e+00,-5.538416364618838905e-01
9.856999999999999318e+00,-5.394923003327440902e-01
9.858000000000000540e+00,-5.244891287411465042e-01
9.858999999999999986e+00,-4.809695269554038477e-01
9.859999999999999432e+00,-4.564424282987182280e-01
9.861000000000000654e+00,-4.254104398187528724e-01
9.862000000000000099e+00,-3.626219672550535233e-01
9.862999999999999545e+00,-3.437522831173820959e-01
9.864000000000000767e+00,-3.501612925494149708e-01
9.865000000000000213e+00,-3.320359705880278067e-01
9.865999999999999659e+00,-3.498916158585306246e-01
9.867000000000000881e+00,-3.647312620182355247e-01
9.868000000000000327e+00,-3.827321326350834330e-01
9.868999999999999773e+00,-4.026192305366359525e-01
9.870000000000000995e+00,-4.702532201006833223e-01
9.871000000000000441e+00,-4.947596993108836494e-01
9.871999999999999886e+00,-4.880711524584948613e-01
9.872999999999999332e+00,-4.878443049147742072e-01
9.874000000000000554e+00,-5.337571097999971315e-01
9.875000000000000000e+00,-5.179563108089021428e-01
9.875999999999999446e+00,-5.399258623136589108e-01
9.877000000000000668e+00,-5.019300450399941660e-01
9.878000000000000114e+00,-4.995230882078471879e-01
9.878999999999999559e+00,-4.539532515356628495e-01
9.880000000000000782e+00,-4.389374631035433127e-01
9.881000000000000227e+00,-3.799857077873807221e-01
9.881999999999999673e+00,-4.020919580602930199e-01
9.883000000000000895e+00,-3.168110059674702494e-01
9.884000000000000341e+00,-3.211254608571197933e-01
9.884999999999999787e+00,-3.075271908775083496e-01
9.886000000000001009e+00,-2.684327222909996813e-01
9.887000000000000455e+00,-3.347820074181990790e-01
9.887999999999999901e+00,-3.489671679906998780e-01
9.888999999999999346e+00,-3.285787970306608963e-01
9.890000000000000568e+00,-3.772949607217339629e-01
9.891000000000000014e+00,-4.203850188429835155e-01
9.891999999999999460e+00,-4.648615665116070383e-01
9.893000000000000682e+00,-4.813798198178922405e-01
9.894000000000000128e+00,-4.770316103051199241e-01
9.894999999999999574e+00,-4.601504518806830424e-01
9.896000000000000796e+00,-4.520893344346560427e-01
9.897000000000000242e+00,-4.466206016202892704e-01
9.897999999999999687e+00,-4.271505005411999623e-01
9.899000000000000909e+00,-4.150947819971601005e-01
9.900000000000000355e+00,-3.525385695287009957e-01
9.900999999999999801e+00,-3.592444726535818922e-01
9.902000000000001023e+00,-3.091531277756134344e-01
9.903000000000000469e+00,-2.872811549361116157e-01
9.903999999999999915e+00,-2.512576706720218711e-01
9.904999999999999361e+00,-2.274161560931525494e-01
9.906000000000000583e+00,-2.518114847858811678e-01
9.907000000000000028e+00,-2.718136367891419436e-01
9.907999999999999474e+00,-2.580197907459509943e-01
9.909000000000000696e+00,-3.065533893416356181e-01
9.910000000000000142e+00,-3.373473488365357764e-01
9.910999999999999588e+00,-3.584040434688849364e-01
9.912000000000000810e+00,-3.992522822047360198e-01
9.913000000000000256e+00,-3.933256221289715415e-01
9.913999999999999702e+00,-4.455188729993309615e-01
9.915000000000000924e+00,-4.145848468558274158e-01
9.916000000000000369e+00,-3.902766563666618671e-01
9.916999999999999815e+00,-4.013208274476920412e-01
9.918000000000001037e+00,-3.476297325550891104e-01
9.919000000000000483e+00,-3.409362651283678880e-01
9.919999999999999929e+00,-3.156638827502150635e-01
9.920999999999999375e+00,-2.483167946964328632e-01
9.922000000000000597e+00,-2.677296410758975842e-01
9.923000000000000043e+00,-2.201602144229917735e-01
9.923999999999999488e+00,-1.960506915033908282e-01
9.925000000000000711e+00,-2.137092132924787447e-01
9.926000000000000156e+00,-1.711746732727733589e-01
9.926999999999999602e+00,-1.911247193271735645e-01
9.928000000000000824e+00,-2.028799862287199440e-01
9.929000000000000270e+00,-2.582179972607600571e-01
9.929999999999999716e+00,-2.711409488126744760e-01
9.931000000000000938e+00,-3.158552396634417558e-01
9.932000000000000384e+00,-3.166053099719823294e-01
9.932999999999999829e+00,-3.674642376236225139e-01
9.934000000000001052e+00,-3.539354708047080522e-01
9.935000000000000497e+00,-3.641302104983130672e-01
9.935999999999999943e+00,-3.216768268122910945e-01
9.936999999999999389e+00,-3.156732886866079890e-01
9.938000000000000611e+00,-3.050904342099964861e-01
9.939000000000000057e+00,-2.689740078027653691e-01
9.939999999999999503e+00,-2.086243978962903090e-01
9.941000000000000725e+00,-1.854509223049149724e-01
9.942000000000000171e+00,-1.495626527463841116e-01
9.942999999999999616e+00,-1.350088231732545496e-01
9.944000000000000838e+00,-1.446126369107265108e-01
9.945000000000000284e+00,-1.277596712011824232e-01
9.945999999999999730e+00,-1.013679903310015090e-01
9.947000000000000952e+00,-1.381898590645769254e-01
9.948000000000000398e+00,-1.860180387849920125e-01
9.948999999999999844e+00,-1.596567517511835455e-01
9.950000000000001066e+00,-1.935740963290747130e-01
9.951000000000000512e+00,-2.283010873643670502e-01
9.951999999999999957e+00,-2.806400452692865977e-01
9.952999999999999403e+00,-2.829329928139507899e-01
9.954000000000000625e+00,-2.708521724231203187e-01
9.955000000000000071e+00,-3.325946394766662317e-01
9.955999999999999517e+00,-2.734524231881091394e-01
9.957000000000000739e+00,-2.469670014230941901e-01
9.958000000000000185e+00,-1.911162346622817532e-01
9.958999999999999631e+00,-1.804548205880410483e-01
9.960000000000000853e+00,-1.771060055170704806e-01
9.961000000000000298e+00,-1.484942513095061367e-01
9.961999999999999744e+00,-9.093721914798999495e-02
9.963000000000000966e+00,-7.234022820869082104e-02
9.964000000000000412e+00,-5.511418595490366612e-02
9.964999999999999858e+00,-3.575864280418947216e-02
9.966000000000001080e+00,-4.497744447030058157e-02
9.967000000000000526e+00,-2.145661888788021054e-02
9.967999999999999972e+00,-5.133328863124984875e-02
9.968999999999999417e+00,-9.221577758272918313e-02
9.970000000000000639e+00,-8.404112238236592647e-02
9.971000000000000085e+00,-1.364380711530482071e-01
9.971999999999999531e+00,-1.376689902837734125e-01
9.973000000000000753e+00,-1.938407987727532311e-01
9.974000000000000199e+00,-1.658974335712470605e-01
9.974999999999999645e+00,-1.958803493705020826e-01
9.976000000000000867e+00,-2.231084471760684806e-01
9.977000000000000313e+00,-1.536878520200830045e-01
9.977999999999999758e+00,-1.670554384647336410e-01
9.979000000000000981e+00,-9.742350760445243896e-02
9.980000000000000426e+00,-5.249009462141592669e-02
9.980999999999999872e+00,-8.453581213076191703e-02
9.982000000000001094e+00,-1.529849786507796183e-03
9.983000000000000540e+00,2.941780319601114413e-03
9.983999999999999986e+00,6.796674321097292970e-02
9.984999999999999432e+00,3.496740930343368581e-02
9.986000000000000654e+00,2.500584590460158685e-02
9.987000000000000099e+00,2.551693529936277516e-02
9.987999999999999545e+00,-5.159647083300210324e-03
9.989000000000000767e+00,5.686518338654585059e-03
9.990000000000000213e+00,-8.771039753377504744e-02
9.990999999999999659e+00,-8.264949384323730386e-02
9.992000000000000881e+00,-8.905758581111436478e-02
9.993000000000000327e+00,-1.167203872266292658e-01
9.993999999999999773e+00,-1.454625952373785891e-01
9.995000000000000995e+00,-1.128779445972331180e-01
9.996000000000000441e+00,-1.319896647656134403e-01
9.996999999999999886e+00,9.037741509512395854e-01
9.997999999999999332e+00,2.332683336523498352e-01
9.999000000000000554e+00,-5.418025636206952322e-01
1.000000000000000000e+01,-4.085914492314979968e-02
1.000099999999999945e+01,5.208229363108989735e-02
1.000200000000000067e+01,5.846298358762603425e-02
1.000300000000000011e+01,7.841114115571265475e-02
1.000399999999999956e+01,1.167187910235714665e-01
1.000500000000000078e+01,1.154192038718964142e-01
1.000600000000000023e+01,1.415741944327536250e-01
1.000699999999999967e+01,1.261033166985904286e-01
1.000800000000000090e+01,9.406681364655251898e-02
1.000900000000000034e+01,7.424993353882043678e-02
1.000999999999999979e+01,4.117526683886071903e-02
1.001100000000000101e+01,-3.313293155728782441e-03
1.001200000000000045e+01,-6.452930737794043692e-04
1.001299999999999990e+01,-3.651671018997261486e-02
1.001399999999999935e+01,-2.348847894756034282e-02
1.001500000000000057e+01,-4.045558389441830660e-02
1.001600000000000001e+01,-4.526433273899496679e-03
1.001699999999999946e+01,-2.391913024407266164e-02
1.001800000000000068e+01,-9.144231784386516737e-03
1.001900000000000013e+01,5.937332059870112366e-02
1.001999999999999957e+01,4.425847052439474405e-02
1.002100000000000080e+01,1.229695832560967067e-01
1.002200000000000024e+01,1.538247410147611238e-01
1.002299999999999969e+01,1.428540795594923085e-01
1.002400000000000091e+01,1.666913010093026282e-01
1.002500000000000036e+01,2.154442259920934244e-01
1.002599999999999980e+01,1.823707663226584175e-01
1.002700000000000102e+01,2.051066984659555836e-01
1.002800000000000047e+01,2.008857515291088414e-01
1.002899999999999991e+01,1.607535181736120811e-01
1.002999999999999936e+01,1.239528237991497223e-01
1.003100000000000058e+01,1.426125274845271018e-01
1.003200000000000003e+01,4.975373780520605388e-02
1.003299999999999947e+01,2.256730641439928797e-02
1.003400000000000070e+01,3.349172729759866685e-02
1.003500000000000014e+01,1.897777138652126383e-02
1.003599999999999959e+01,3.967448489386257715e-02
1.003700000000000081e+01,7.883696964814676522e-02
1.003800000000000026e+01,7.246091609932352184e-02
1.003899999999999970e+01,1.551483610479536535e-01
1.004000000000000092e+01,1.551747164989754069e-01
1.004100000000000037e+01,1.847872917430154749e-01
1.004199999999999982e+01,2.320655865965649545e-01
1.004300000000000104e+01,2.284591065427229450e-01
1.004400000000000048e+01,2.671673189158338402e-01
1.004499999999999993e+01,2.608763081045908372e-01
1.004599999999999937e+01,2.879767120371424238e-01
1.004700000000000060e+01,2.810492637676821337e-01
1.004800000000000004e+01,2.440770088759197654e-01
1.004899999999999949e+01,2.329231963633571767e-01
1.005000000000000071e+01,2.356097166507131746e-01
1.005100000000000016e+01,1.782330498352285852e-01
1.005199999999999960e+01,2.002148666699394286e-01
1.005300000000000082e+01,1.499171770677649174e-01
1.005400000000000027e+01,1.365068234492158583e-01
1.005499999999999972e+01,9.313616208349012604e-02
1.005600000000000094e+01,1.150273711267514598e-01
1.005700000000000038e+01,1.312447808932558080e-01
1.005799999999999983e+01,1.705322270809087049e-01
1.005900000000000105e+01,2.224574311004156313e-01
1.006000000000000050e+01,2.511228912892848886e-01
1.006099999999999994e+01,2.592271674725579178e-01
1.006199999999999939e+01,3.045913442366811053e-01
1.006300000000000061e+01,3.145595297764945397e-01
1.006400000000000006e+01,3.539901623454825286e-01
1.006499999999999950e+01,3.688686538175767193e-01
1.006600000000000072e+01,3.776433395480237043e-01
1.006700000000000017e+01,3.430375676199503010e-01
1.006799999999999962e+01,3.210866955120964539e-01
1.006900000000000084e+01,2.757877580035276166e-01
1.007000000000000028e+01,2.753767424701517030e-01
1.007099999999999973e+01,2.281147831337095033e-01
1.007200000000000095e+01,2.208190842987619584e-01
1.007300000000000040e+01,2.236814731442759996e-01
1.007399999999999984e+01,2.049545603226074486e-01
1.007500000000000107e+01,1.775811236694125606e-01
1.007600000000000051e+01,2.305937556674340916e-01
1.007699999999999996e+01,2.112359221058411896e-01
1.007799999999999940e+01,2.468231962594716888e-01
1.007900000000000063e+01,2.595820636776057788e-01
1.008000000000000007e+01,3.142372499399109786e-01
1.008099999999999952e+01,3.396190837178111321e-01
1.008200000000000074e+01,3.750065845782618035e-01
1.008300000000000018e+01,3.961743527203702708e-01
1.008399999999999963e+01,4.378411823606940811e-01
1.008500000000000085e+01,3.864338086462015820e-01
1.008600000000000030e+01,4.233993615238812458e-01
1.008699999999999974e+01,3.957044990587429978e-01
1.008800000000000097e+01,4.174203230781067253e-01
1.008900000000000041e+01,3.762970935073893797e-01
1.008999999999999986e+01,3.838128633435112791e-01
1.009100000000000108e+01,3.096100828137671734e-01
1.009200000000000053e+01,2.913078913247380552e-01
1.009299999999999997e+01,2.818482893034406911e-01
1.009399999999999942e+01,2.606418852288875376e-01
1.009500000000000064e+01,2.892063762970336072e-01
1.009600000000000009e+01,2.611981523842196173e-01
1.009699999999999953e+01,2.304872644387067071e-01
1.009800000000000075e+01,3.010752047682360155e-01
1.009900000000000020e+01,3.729443665740248548e-01
1.009999999999999964e+01,3.413857666423359971e-01
1.010100000000000087e+01,3.926742017221180325e-01
1.010200000000000031e+01,4.088661535440103467e-01
1.010299999999999976e+01,4.177316476369875575e-01
1.010400000000000098e+01,4.893075335696773775e-01
1.010500000000000043e+01,5.011995223273352229e-01
1.010599999999999987e+01,5.173766653457038123e-01
1.010700000000000109e+01,4.563323054848938964e-01
1.010800000000000054e+01,4.638925001975180429e-01
1.010899999999999999e+01,4.416398404516310161e-01
1.010999999999999943e+01,3.697703664621483366e-01
1.011100000000000065e+01,3.703975580422877445e-01
1.011200000000000010e+01,3.248557471908544714e-01
1.011299999999999955e+01,2.882642876628984663e-01
1.011400000000000077e+01,2.864046063413815402e-01
1.011500000000000021e+01,2.874889364904101852e-01
1.011599999999999966e+01,3.290083318780154809e-01
1.011700000000000088e+01,3.113189692444790491e-01
1.011800000000000033e+01,3.433964964618390070e-01
1.011899999999999977e+01,3.809265782563655001e-01
1.012000000000000099e+01,4.060081943424827533e-01
1.012100000000000044e+01,4.294318029288209382e-01
1.012199999999999989e+01,4.936588841949066664e-01
1.012299999999999933e+01,5.321279052589441561e-01
1.012400000000000055e+01,5.153886050638329941e-01
1.012500000000000000e+01,5.167184486320872683e-01
1.012599999999999945e+01,5.402873592193107033e-01
1.012700000000000067e+01,5.359225296968285202e-01
1.012800000000000011e+01,5.034407574710483280e-01
1.012899999999999956e+01,4.229973526193823719e-01
1.013000000000000078e+01,4.129636998640200951e-01
1.013100000000000023e+01,3.702066939467210660e-01
1.013199999999999967e+01,3.971156668638493592e-01
1.013300000000000090e+01,3.766786819284054233e-01
1.013400000000000034e+01,3.534609466683376056e-01
1.013499999999999979e+01,3.508098969075941209e-01
1.013600000000000101e+01,3.636295382485345562e-01
1.013700000000000045e+01,3.783877367239719680e-01
1.013799999999999990e+01,4.008555976410647648e-01
1.013899999999999935e+01,4.069023933182470687e-01
1.014000000000000057e+01,4.336061632729866777e-01
1.014100000000000001e+01,4.738819276024935356e-01
1.014199999999999946e+01,5.089524726012671918e-01
1.014300000000000068e+01,5.212753070196851635e-01
1.014400000000000013e+01,5.473297897957439817e-01
1.014499999999999957e+01,5.467986873157774097e-01
1.014600000000000080e+01,5.367549598677195943e-01
1.014700000000000024e+01,5.526269542155110015e-01
1.014799999999999969e+01,5.148219587540212583e-01
1.014900000000000091e+01,4.992445736045619809e-01
1.015000000000000036e+01,4.782995166579685486e-01
1.015099999999999980e+01,4.373954134115737302e-01
1.015200000000000102e+01,4.139808415872840985e-01
1.015300000000000047e+01,3.769616511800566450e-01
1.015399999999999991e+01,3.791770941084251501e-01
1.015499999999999936e+01,3.815873248233030424e-01
1.015600000000000058e+01,3.399102923265171494e-01
1.015700000000000003e+01,3.854623816101677702e-01
1.015799999999999947e+01,3.778306139272559760e-01
1.015900000000000070e+01,4.548998748154822747e-01
1.016000000000000014e+01,4.825725744745947843e-01
1.016099999999999959e+01,5.470877930167380443e-01
1.016200000000000081e+01,5.444813410974279622e-01
1.016300000000000026e+01,5.594552928849395590e-01
1.016399999999999970e+01,5.881772972883532180e-01
1.016500000000000092e+01,6.000065541799672886e-01
1.016600000000000037e+01,6.004085622286499113e-01
1.016699999999999982e+01,5.986744584470007347e-01
1.016800000000000104e+01,5.669399675896492630e-01
1.016900000000000048e+01,5.682235484365059097e-01
1.016999999999999993e+01,4.974466126093201601e-01
1.017099999999999937e+01,4.464930241488772600e-01
1.017200000000000060e+01,4.399738506754802825e-01
1.017300000000000004e+01,4.124888552886232795e-01
1.017399999999999949e+01,4.173566281887725049e-01
1.017500000000000071e+01,3.971092343424711402e-01
1.017600000000000016e+01,3.690305534370135754e-01
1.017699999999999960e+01,4.269940796728686205e-01
1.017800000000000082e+01,4.465469779564801844e-01
1.017900000000000027e+01,4.413390834729501444e-01
1.017999999999999972e+01,4.913539247315020231e-01
1.018100000000000094e+01,5.042278935951627350e-01
1.018200000000000038e+01,5.474631835198477958e-01
1.018299999999999983e+01,5.908641389537017119e-01
1.018400000000000105e+01,6.195248350968172169e-01
1.018500000000000050e+01,6.008619763738538566e-01
1.018599999999999994e+01,6.096872754213782386e-01
1.018699999999999939e+01,5.626091289355765745e-01
1.018800000000000061e+01,5.578514211257102895e-01
1.018900000000000006e+01,5.420537604259043629e-01
1.018999999999999950e+01,5.099943375109468047e-01
1.019100000000000072e+01,5.034239764807081352e-01
1.019200000000000017e+01,4.487861117331714556e-01
1.019299999999999962e+01,4.260960955625590629e-01
1.019400000000000084e+01,3.639456243804315427e-01
1.019500000000000028e+01,3.978030135274470691e-01
1.019599999999999973e+01,4.124777512744801644e-01
1.019700000000000095e+01,4.205874008414554055e-01
1.019800000000000040e+01,4.579676554105919228e-01
1.019899999999999984e+01,4.758500824513355321e-01
1.020000000000000107e+01,5.082775623685876765e-01
1.020100000000000051e+01,5.100571412207343114e-01
1.020199999999999996e+01,5.825203306283081028e-01
1.020299999999999940e+01,5.503075553324109359e-01
1.020400000000000063e+01,6.050793989454745780e-01
1.020500000000000007e+01,6.032000397981641671e-01
1.020599999999999952e+01,6.123524759664177308e-01
1.020700000000000074e+01,5.725550883310420724e-01
1.020800000000000018e+01,5.625526893451993082e-01
1.020899999999999963e+01,5.180562385266185288e-01
1.021000000000000085e+01,4.953121953841385650e-01
1.021100000000000030e+01,5.033593965380385171e-01
1.021199999999999974e+01,4.319747727520463210e-01
1.021300000000000097e+01,4.027278907494291071e-01
1.021400000000000041e+01,3.828433684111594570e-01
1.021499999999999986e+01,4.151424393394039791e-01
1.021600000000000108e+01,3.888626074569476176e-01
1.021700000000000053e+01,3.983257054339632286e-01
1.021799999999999997e+01,4.192098879430193881e-01
1.021899999999999942e+01,5.033969358966829954e-01
1.022000000000000064e+01,4.841711460007024348e-01
1.022100000000000009e+01,5.077487827580995372e-01
1.022199999999999953e+01,5.521242903578862382e-01
1.022300000000000075e+01,5.765691365655459810e-01
1.022400000000000020e+01,5.800914702026864767e-01
1.022499999999999964e+01,5.589725965964190690e-01
1.022600000000000087e+01,5.604206094924540915e-01
1.022700000000000031e+01,5.432819022453169167e-01
1.022799999999999976e+01,5.554183069167020204e-01
1.022900000000000098e+01,4.939485732096175474e-01
1.023000000000000043e+01,4.909115569845205473e-01
1.023099999999999987e+01,4.651042063610729138e-01
1.023200000000000109e+01,4.104762079458070256e-01
1.023300000000000054e+01,3.916163313269995228e-01
1.023399999999999999e+01,3.573118452877112050e-01
1.023499999999999943e+01,3.849764428921953474e-01
1.023600000000000065e+01,3.880442198055125691e-01
1.023700000000000010e+01,3.746770585370901574e-01
1.023799999999999955e+01,3.556234946156251464e-01
1.023900000000000077e+01,4.174824640003647058e-01
1.024000000000000021e+01,5.138975387682201967e-01
1.024099999999999966e+01,5.097959210922882178e-01
1.024200000000000088e+01,5.033530221283754047e-01
1.024300000000000033e+01,5.464179664620730792e-01
1.024399999999999977e+01,5.339663558456790859e-01
1.024500000000000099e+01,5.678876505983490031e-01
1.024600000000000044e+01,5.326115877104306007e-01
1.024699999999999989e+01,5.141409658846523012e-01
1.024799999999999933e+01,4.850605110707552625e-01
1.024900000000000055e+01,4.753090906634661050e-01
1.025000000000000000e+01,4.392151031315059684e-01
1.025099999999999945e+01,4.055424041652792577e-01
1.025200000000000067e+01,3.323986579185063128e-01
1.025300000000000011e+01,3.619138254706412150e-01
1.025399999999999956e+01,3.691641921540437243e-01
1.025500000000000078e+01,3.181851163144246986e-01
1.025600000000000023e+01,2.987896551125323596e-01
1.025699999999999967e+01,3.606670200473905408e-01
1.025800000000000090e+01,3.759521347020950421e-01
1.025900000000000034e+01,3.836642800873119596e-01
1.025999999999999979e+01,4.385560809817999894e-01
1.026100000000000101e+01,4.420839790131014801e-01
1.026200000000000045e+01,4.991028911149982816e-01
1.026299999999999990e+01,4.888410696987094406e-01
1.026399999999999935e+01,4.864517784872770534e-01
1.026500000000000057e+01,5.396901654001908799e-01
1.026600000000000001e+01,4.956681806423160475e-01
1.026699999999999946e+01,4.739861989939495035e-01
1.026800000000000068e+01,4.571745315042137769e-01
1.026900000000000013e+01,4.383440065548618314e-01
1.026999999999999957e+01,3.754903323049138542e-01
1.027100000000000080e+01,3.469020095043315322e-01
1.027200000000000024e+01,3.548924780664545198e-01
1.027299999999999969e+01,3.454772298650412576e-01
1.027400000000000091e+01,2.846998729131603456e-01
1.027500000000000036e+01,2.861594468837601601e-01
1.027599999999999980e+01,3.191063254545170036e-01
1.027700000000000102e+01,3.034632079072172584e-01
1.027800000000000047e+01,3.365702979079294721e-01
1.027899999999999991e+01,3.361058023049264820e-01
1.027999999999999936e+01,3.734527980615890419e-01
1.028100000000000058e+01,3.789171706434615872e-01
1.028200000000000003e+01,4.198985531382340430e-01
1.028299999999999947e+01,4.368823799342663183e-01
1.028400000000000070e+01,4.955701015588849789e-01
1.028500000000000014e+01,4.433060984094834289e-01
1.028599999999999959e+01,4.616063566042208355e-01
1.028700000000000081e+01,4.127995920449539224e-01
1.028800000000000026e+01,4.135536829842457185e-01
1.028899999999999970e+01,3.759596308072458148e-01
1.029000000000000092e+01,3.448135002274045902e-01
1.029100000000000037e+01,3.284701895961920637e-01
1.029199999999999982e+01,2.850789847570580626e-01
1.029300000000000104e+01,2.288610029925622902e-01
1.029400000000000048e+01,2.354726964441808401e-01
1.029499999999999993e+01,2.597492589660796991e-01
1.029599999999999937e+01,2.145702678737912983e-01
1.029700000000000060e+01,2.476405391439884252e-01
1.029800000000000004e+01,2.660295305069542149e-01
1.029899999999999949e+01,2.869504278190900814e-01
1.030000000000000071e+01,3.445290356047045477e-01
1.030100000000000016e+01,3.550244242952310669e-01
1.030199999999999960e+01,3.463360975428620980e-01
1.030300000000000082e+01,3.781657228974608653e-01
1.030400000000000027e+01,3.947889673813800293e-01
1.030499999999999972e+01,3.704390468750889953e-01
1.030600000000000094e+01,3.841892947446103879e-01
1.030700000000000038e+01,3.984777706033423850e-01
1.030799999999999983e+01,3.604331450512961443e-01
1.030900000000000105e+01,3.493898003264139795e-01
1.031000000000000050e+01,2.826942722815066200e-01
1.031099999999999994e+01,2.746082004221759854e-01
1.031199999999999939e+01,2.165808268967667483e-01
1.031300000000000061e+01,2.224045085622592954e-01
1.031400000000000006e+01,1.535386724011721105e-01
1.031499999999999950e+01,1.566989120203200192e-01
1.031600000000000072e+01,1.923531648483324252e-01
1.031700000000000017e+01,1.957242521964894233e-01
1.031799999999999962e+01,1.942641400122308570e-01
1.031900000000000084e+01,2.159577207436108037e-01
1.032000000000000028e+01,2.533513199655607062e-01
1.032099999999999973e+01,2.803224371514367319e-01
1.032200000000000095e+01,2.909223270831703401e-01
1.032300000000000040e+01,3.445977007539512971e-01
1.032399999999999984e+01,3.234811952374033739e-01
1.032500000000000107e+01,3.691188215944215534e-01
1.032600000000000051e+01,3.007738550593479498e-01
1.032699999999999996e+01,3.172246520616656684e-01
1.032799999999999940e+01,2.851495426255443721e-01
1.032900000000000063e+01,2.469877987286633048e-01
1.033000000000000007e+01,2.169861891351149430e-01
1.033099999999999952e+01,1.719337401204391880e-01
1.033200000000000074e+01,1.444610950509385150e-01
1.033300000000000018e+01,1.210231515403230595e-01
1.033399999999999963e+01,1.117742863831585748e-01
1.033500000000000085e+01,1.112219599567658146e-01
1.033600000000000030e+01,1.206879942155165142e-01
1.033699999999999974e+01,1.069429684150399046e-01
1.033800000000000097e+01,1.089372121705546037e-01
1.033900000000000041e+01,1.512706575334625270e-01
1.033999999999999986e+01,1.832362873973945039e-01
1.034100000000000108e+01,1.970782279791073455e-01
1.034200000000000053e+01,1.939669104072476724e-01
1.034299999999999997e+01,2.354241754946636844e-01
1.034399999999999942e+01,2.521796051351852253e-01
1.034500000000000064e+01,2.518715219998869936e-01
1.034600000000000009e+01,2.038512424294360026e-01
1.034699999999999953e+01,2.192189555179315241e-01
1.034800000000000075e+01,1.820258776785349530e-01
1.034900000000000020e+01,1.467581395758594254e-01
1.034999999999999964e+01,1.295269082112605608e-01
1.035100000000000087e+01,1.145078851799175845e-01
1.035200000000000031e+01,7.158674498389774876e-02
1.035299999999999976e+01,7.661967039629952181e-02
1.035400000000000098e+01,3.683008983795781066e-02
1.035500000000000043e+01,1.284546464256366982e-03
1.035599999999999987e+01,1.471995700651487771e-02
1.035700000000000109e+01,3.199650066142115112e-02
1.035800000000000054e+01,4.248408865614126950e-02
1.035899999999999999e+01,6.304791833724844585e-02
1.035999999999999943e+01,7.341329637190267821e-02
1.036100000000000065e+01,1.700485083740194137e-01
1.036200000000000010e+01,1.357502163294395103e-01
1.036299999999999955e+01,1.387164319343659746e-01
1.036400000000000077e+01,1.660317264537331250e-01
1.036500000000000021e+01,1.286458233201544787e-01
1.036599999999999966e+01,1.881580884351186367e-01
1.036700000000000088e+01,1.404962255688363415e-01
1.036800000000000033e+01,1.328393748366407667e-01
1.036899999999999977e+01,9.053554657592335908e-02
1.037000000000000099e+01,7.775383346229959580e-02
1.037100000000000044e+01,4.184457686954935057e-02
1.037199999999999989e+01,-2.146047585318994894e-02
1.037299999999999933e+01,-5.492124212665226018e-02
1.037400000000000055e+01,-6.130238808876732615e-02
1.037500000000000000e+01,-4.610388712342816664e-03
1.037599999999999945e+01,-6.829204829740817551e-02
1.037700000000000067e+01,-4.632385318683535785e-02
1.037800000000000011e+01,-2.611209444355992726e-02
1.037899999999999956e+01,3.130864100099023384e-03
1.038000000000000078e+01,1.613653154675018589e-02
1.038100000000000023e+01,5.031962833280871628e-02
1.038199999999999967e+01,8.963129848559733825e-02
1.038300000000000090e+01,6.582150518471457934e-02
1.038400000000000034e+01,1.278047360553705158e-01
1.038499999999999979e+01,1.424309638929142086e-01
1.038600000000000101e+01,6.779085404697626771e-02
1.038700000000000045e+01,1.148190579839365177e-01
1.038799999999999990e+01,7.640171057771402707e-02
1.038899999999999935e+01,-4.479452778781586181e-03
1.039000000000000057e+01,-2.091753567336717898e-02
1.039100000000000001e+01,-5.858475949365980762e-02
1.039199999999999946e+01,-7.271134848984313337e-02
1.039300000000000068e+01,-1.019014963978358140e-01
1.039400000000000013e+01,-1.405633598160711817e-01
1.039499999999999957e+01,-1.491442969357486548e-01
1.039600000000000080e+01,-1.667379620501779347e-01
1.039700000000000024e+01,-1.446678779106417290e-01
1.039799999999999969e+01,-1.323167203229008992e-01
1.039900000000000091e+01,-8.966853217737895398e-02
1.040000000000000036e+01,-3.574338102349625818e-02
1.040099999999999980e+01,-4.494999592348089545e-02
1.040200000000000102e+01,2.227332810833225485e-03
1.040300000000000047e+01,1.190551866894061506e-02
1.040399999999999991e+01,1.519474059771037944e-02
1.040499999999999936e+01,1.177985077830395744e-02
1.040600000000000058e+01,1.865804209688803894e-02
1.040700000000000003e+01,-2.862250349500863877e-02
1.040799999999999947e+01,-3.674291119184445314e-02
1.040900000000000070e+01,-8.542989254826090229e-02
1.041000000000000014e+01,-1.200904935284516639e-01
1.041099999999999959e+01,-1.627056629027234247e-01
1.041200000000000081e+01,-1.722835537080757984e-01
1.041300000000000026e+01,-2.030865058085931651e-01
1.041399999999999970e+01,-2.024204434238586758e-01
1.041500000000000092e+01,-2.208807858232915977e-01
1.041600000000000037e+01,-2.453048113317615464e-01
1.041699999999999982e+01,-2.243558040659970887e-01
1.041800000000000104e+01,-1.922857819788479916e-01
1.041900000000000048e+01,-1.668005737820700274e-01
1.041999999999999993e+01,-1.446160215266595606e-01
1.042099999999999937e+01,-1.172569882168794375e-01
1.042200000000000060e+01,-1.089871538907142973e-01
1.042300000000000004e+01,-4.115695199606672627e-02
1.042399999999999949e+01,-8.057928388327806335e-02
1.042500000000000071e+01,-3.704480824875047706e-02
1.042600000000000016e+01,-3.865498071790091084e-02
1.042699999999999960e+01,-9.783287250331113016e-02
1.042800000000000082e+01,-1.115793395518595021e-01
1.042900000000000027e+01,-1.561751826102275587e-01
1.042999999999999972e+01,-1.961047612675274610e-01
1.043100000000000094e+01,-2.116577113775619523e-01
1.043200000000000038e+01,-2.602886775381844653e-01
1.043299999999999983e+01,-2.980902590510996486e-01
1.043400000000000105e+01,-2.691370416992125980e-01
1.043500000000000050e+01,-3.203205740504806442e-01
1.043599999999999994e+01,-3.175179499813683415e-01
1.043699999999999939e+01,-2.890291177358920161e-01
1.043800000000000061e+01,-3.026243392089227879e-01
1.043900000000000006e+01,-2.684321670660783088e-01
1.043999999999999950e+01,-2.048076846368901971e-01
1.044100000000000072e+01,-1.896861846479620251e-01
1.044200000000000017e+01,-1.653334398851603604e-01
1.044299999999999962e+01,-1.355410617796009853e-01
1.044400000000000084e+01,-1.185992603915917154e-01
1.044500000000000028e+01,-1.843420235316624300e-01
1.044599999999999973e+01,-1.646617110740976053e-01
1.044700000000000095e+01,-1.392101430916531934e-01
1.044800000000000040e+01,-1.806907690059671445e-01
1.044899999999999984e+01,-2.034772587417327805e-01
1.045000000000000107e+01,-2.633505798652411856e-01
1.045100000000000051e+01,-2.974323690142828269e-01
1.045199999999999996e+01,-3.224706462974694099e-01
1.045299999999999940e+01,-3.371108685626608703e-01
1.045400000000000063e+01,-3.608091925639199671e-01
1.045500000000000007e+01,-3.781278883748205866e-01
1.045599999999999952e+01,-3.572190492204636580e-01
1.045700000000000074e+01,-3.725975685277825300e-01
1.045800000000000018e+01,-3.498830456200894834e-01
1.045899999999999963e+01,-3.245576878965014123e-01
1.046000000000000085e+01,-2.674951452498154358e-01
1.046100000000000030e+01,-2.592393903736094352e-01
1.046199999999999974e+01,-2.112162965517999924e-01
1.046300000000000097e+01,-2.121415676251033056e-01
1.046400000000000041e+01,-1.666697453327260769e-01
1.046499999999999986e+01,-2.065293858315409847e-01
1.046600000000000108e+01,-2.111446757858250201e-01
1.046700000000000053e+01,-2.486568385169657114e-01
1.046799999999999997e+01,-2.467397062007450070e-01
1.046899999999999942e+01,-2.539680351600057673e-01
1.047000000000000064e+01,-3.193967704216767456e-01
1.047100000000000009e+01,-3.858329431922372654e-01
1.047199999999999953e+01,-3.335768317633640567e-01
1.047300000000000075e+01,-4.194113084208186404e-01
1.047400000000000020e+01,-4.221265624799191429e-01
1.047499999999999964e+01,-4.522878911432977045e-01
1.047600000000000087e+01,-4.283513584270173813e-01
1.047700000000000031e+01,-4.014352859192963363e-01
1.047799999999999976e+01,-4.066576338236917443e-01
1.047900000000000098e+01,-3.614024698154448823e-01
1.048000000000000043e+01,-3.556781970285929351e-01
1.048099999999999987e+01,-3.061865042101785117e-01
1.048200000000000109e+01,-3.153746485358931428e-01
1.048300000000000054e+01,-3.031119792979864447e-01
1.048399999999999999e+01,-2.527762805301942972e-01
1.048499999999999943e+01,-3.172389898056617863e-01
1.048600000000000065e+01,-2.492709385915443943e-01
1.048700000000000010e+01,-2.905027195864213763e-01
1.048799999999999955e+01,-3.000196456046081983e-01
1.048900000000000077e+01,-3.422505044293474574e-01
1.049000000000000021e+01,-3.931543737809014005e-01
1.049099999999999966e+01,-4.135690212049255576e-01
1.049200000000000088e+01,-4.433487515400783008e-01
1.049300000000000033e+01,-4.914009670740522862e-01
1.049399999999999977e+01,-4.839646410329869752e-01
1.049500000000000099e+01,-4.629738452675904448e-01
1.049600000000000044e+01,-4.855217767136106310e-01
1.049699999999999989e+01,-4.968322298074056564e-01
1.049799999999999933e+01,-4.884743597483566235e-01
1.049900000000000055e+01,-4.479123546112028231e-01
1.050000000000000000e+01,-4.117803265395559853e-01
1.050099999999999945e+01,-3.660715465956202452e-01
1.050200000000000067e+01,-3.746415345071729130e-01
1.050300000000000011e+01,-3.318416973749835353e-01
1.050399999999999956e+01,-3.165532732063440213e-01
1.050500000000000078e+01,-3.018060849396591028e-01
1.050600000000000023e+01,-3.289086423608735266e-01
1.050699999999999967e+01,-3.650817543946882071e-01
1.050800000000000090e+01,-3.793004015240862836e-01
1.050900000000000034e+01,-3.933772168558180016e-01
1.050999999999999979e+01,-4.361870942110632754e-01
1.051100000000000101e+01,-4.598498305830211463e-01
1.051200000000000045e+01,-4.976728007768430606e-01
1.051299999999999990e+01,-4.934203217023088728e-01
1.051399999999999935e+01,-5.083737883342567265e-01
1.051500000000000057e+01,-5.227387937850591637e-01
1.051600000000000001e+01,-5.308433118460008648e-01
1.051699999999999946e+01,-4.984717720382845774e-01
1.051800000000000068e+01,-4.833607583908188232e-01
1.051900000000000013e+01,-4.987862849073468885e-01
1.051999999999999957e+01,-4.430512039322136997e-01
1.052100000000000080e+01,-4.026680880099294813e-01
1.052200000000000024e+01,-4.003364647923365327e-01
1.052299999999999969e+01,-3.548491562036045766e-01
1.052400000000000091e+01,-3.760360823547089226e-01
1.052500000000000036e+01,-3.524326185685541235e-01
1.052599999999999980e+01,-3.619466088965432315e-01
1.052700000000000102e+01,-3.533905743434281321e-01
1.052800000000000047e+01,-3.878562610156693902e-01
1.052899999999999991e+01,-4.190300316444999784e-01
1.052999999999999936e+01,-4.558164328688163458e-01
1.053100000000000058e+01,-4.805866374162879873e-01
1.053200000000000003e+01,-5.336390980158215447e-01
1.053299999999999947e+01,-5.416480340656897319e-01
1.053400000000000070e+01,-5.416165944414570443e-01
1.053500000000000014e+01,-5.688601860125079845e-01
1.053599999999999959e+01,-5.786217732783207612e-01
1.053700000000000081e+01,-5.206938690679211446e-01
1.053800000000000026e+01,-5.256087443543272508e-01
1.053899999999999970e+01,-5.214028740718299471e-01
1.054000000000000092e+01,-4.958195991001598801e-01
1.054100000000000037e+01,-4.551917562350845103e-01
1.054199999999999982e+01,-4.115154657183007214e-01
1.054300000000000104e+01,-4.210849379045787377e-01
1.054400000000000048e+01,-3.490776851712485973e-01
1.054499999999999993e+01,-3.454219171132494326e-01
1.054599999999999937e+01,-3.608853874270963602e-01
1.054700000000000060e+01,-3.954509152239904513e-01
1.054800000000000004e+01,-4.132075556971586683e-01
1.054899999999999949e+01,-4.827497851802014517e-01
1.055000000000000071e+01,-4.887781620433617746e-01
1.055100000000000016e+01,-5.297901054758544781e-01
1.055199999999999960e+01,-5.506427235506868856e-01
1.055300000000000082e+01,-5.253064611677846774e-01
1.055400000000000027e+01,-5.777352971518658897e-01
1.055499999999999972e+01,-6.094571414410385746e-01
1.055600000000000094e+01,-6.257826165222870607e-01
1.055700000000000038e+01,-5.883101701668704830e-01
1.055799999999999983e+01,-5.863965460744003932e-01
1.055900000000000105e+01,-4.778223875804727960e-01
1.056000000000000050e+01,-5.128656164725995392e-01
1.056099999999999994e+01,-4.581582088608007752e-01
1.056199999999999939e+01,-4.128260944253990816e-01
1.056300000000000061e+01,-4.381049107559269462e-01
1.056400000000000006e+01,-4.108326647787567953e-01
1.056499999999999950e+01,-4.252417718885252995e-01
1.056600000000000072e+01,-3.993210571273867471e-01
1.056700000000000017e+01,-3.891806698068623893e-01
1.056799999999999962e+01,-4.490511953482313467e-01
1.056900000000000084e+01,-4.977386527728416277e-01
1.057000000000000028e+01,-5.065430393973818779e-01
1.057099999999999973e+01,-5.394440911615571155e-01
1.057200000000000095e+01,-5.616559553439902652e-01
1.057300000000000040e+01,-5.734884969953693012e-01
1.057399999999999984e+01,-5.907928600762184512e-01
1.057500000000000107e+01,-5.747383522903477537e-01
1.057600000000000051e+01,-6.218298361908132232e-01
1.057699999999999996e+01,-5.730821359005550120e-01
1.057799999999999940e+01,-5.536306847649260510e-01
1.057900000000000063e+01,-5.881611774170217855e-01
1.058000000000000007e+01,-4.950260053909658620e-01
1.058099999999999952e+01,-4.739955723208659766e-01
1.058200000000000074e+01,-4.503332603441572712e-01
1.058300000000000018e+01,-4.192667218196646228e-01
1.058399999999999963e+01,-3.853721534740842669e-01
1.058500000000000085e+01,-4.211167961183079900e-01
1.058600000000000030e+01,-4.304728507982040764e-01
1.058699999999999974e+01,-4.287184838742477133e-01
1.058800000000000097e+01,-4.488641153311326293e-01
1.058900000000000041e+01,-4.678202055250139657e-01
1.058999999999999986e+01,-4.733710454315234184e-01
1.059100000000000108e+01,-5.195725408519797917e-01
1.059200000000000053e+01,-5.357904705479562546e-01
1.059299999999999997e+01,-5.463593763297300843e-01
1.059399999999999942e+01,-5.863385047159991315e-01
1.059500000000000064e+01,-6.151980268833118215e-01
1.059600000000000009e+01,-6.200485635443905297e-01
1.059699999999999953e+01,-5.731496104273646752e-01
1.059800000000000075e+01,-5.131084890324300041e-01
1.059900000000000020e+01,-5.367991206054051334e-01
1.059999999999999964e+01,-4.975970422016359196e-01
1.060100000000000087e+01,-4.449485743652771275e-01
1.060200000000000031e+01,-4.405586667651206212e-01
1.060299999999999976e+01,-3.745556835204579271e-01
1.060400000000000098e+01,-4.041812924069445034e-01
1.060500000000000043e+01,-4.093708621896632316e-01
1.060599999999999987e+01,-3.982844908594392885e-01
1.060700000000000109e+01,-3.846283870137661154e-01
1.060800000000000054e+01,-4.259652622488149243e-01
1.060899999999999999e+01,-4.404202438977217193e-01
1.060999999999999943e+01,-4.922929012284110173e-01
1.061100000000000065e+01,-4.841044827133021422e-01
1.061200000000000010e+01,-5.722583657947216684e-01
1.061299999999999955e+01,-5.719439937813035613e-01
1.061400000000000077e+01,-5.735534820142678125e-01
1.061500000000000021e+01,-5.737644951121659842e-01
1.061599999999999966e+01,-5.726476957861441619e-01
1.061700000000000088e+01,-5.557408930318663565e-01
1.061800000000000033e+01,-5.223191787443501877e-01
1.061899999999999977e+01,-4.904199584831119285e-01
1.062000000000000099e+01,-4.742776202513188655e-01
1.062100000000000044e+01,-4.292046094288091695e-01
1.062199999999999989e+01,-4.002255981794527462e-01
1.062300000000000111e+01,-4.097587505472899960e-01
1.062400000000000055e+01,-3.429482889215702546e-01
1.062500000000000000e+01,-3.693324847237575703e-01
1.062599999999999945e+01,-3.336578391897859208e-01
1.062700000000000067e+01,-3.581892699271910785e-01
1.062800000000000011e+01,-3.961535234797775584e-01
1.062899999999999956e+01,-4.297230405660116270e-01
1.063000000000000078e+01,-4.289653020239457826e-01
1.063100000000000023e+01,-4.653222324609316285e-01
1.063199999999999967e+01,-5.082508196087465180e-01
1.063300000000000090e+01,-5.322609891259857395e-01
1.063400000000000034e+01,-5.497752416233157025e-01
1.063499999999999979e+01,-5.540311299741605966e-01
1.063600000000000101e+01,-5.497143020692905058e-01
1.063700000000000045e+01,-5.320725221956740247e-01
1.063799999999999990e+01,-5.227791370710719310e-01
1.063899999999999935e+01,-4.331260257355419863e-01
1.064000000000000057e+01,-4.637344420457190641e-01
1.064100000000000001e+01,-4.027606650803147725e-01
1.064199999999999946e+01,-3.746825070268449687e-01
1.064300000000000068e+01,-3.407881406071670005e-01
1.064400000000000013e+01,-3.272884916011903345e-01
1.064499999999999957e+01,-3.215154401675776041e-01
1.064600000000000080e+01,-3.300234044909108322e-01
1.064700000000000024e+01,-2.987231197958925000e-01
1.064799999999999969e+01,-3.160071244631763032e-01
1.064900000000000091e+01,-3.883668841068964594e-01
1.065000000000000036e+01,-4.179389145282708662e-01
1.065099999999999980e+01,-4.852623574846495758e-01
1.065200000000000102e+01,-5.009477672094470035e-01
1.065300000000000047e+01,-4.687427060180188176e-01
1.065399999999999991e+01,-5.110853933555030704e-01
1.065499999999999936e+01,-5.183930769517343107e-01
1.065600000000000058e+01,-5.106494417677439612e-01
1.065700000000000003e+01,-4.822004979028340910e-01
1.065799999999999947e+01,-4.517587859080644530e-01
1.065900000000000070e+01,-3.799711467461256986e-01
1.066000000000000014e+01,-3.837162826442759855e-01
1.066099999999999959e+01,-3.655399937325687909e-01
1.066200000000000081e+01,-3.270278240984774154e-01
1.066300000000000026e+01,-2.942688109426664922e-01
1.066399999999999970e+01,-3.045072695144480646e-01
1.066500000000000092e+01,-2.964975796800545238e-01
1.066600000000000037e+01,-2.904935018341107678e-01
1.066699999999999982e+01,-2.813161771649443921e-01
1.066800000000000104e+01,-3.472554002823153296e-01
1.066900000000000048e+01,-3.356755547684175944e-01
1.066999999999999993e+01,-3.858812195043318516e-01
1.067099999999999937e+01,-4.040627647562088365e-01
1.067200000000000060e+01,-4.241835354289416049e-01
1.067300000000000004e+01,-4.290990229056694805e-01
1.067399999999999949e+01,-4.671242839313411999e-01
1.067500000000000071e+01,-4.666502834787595866e-01
1.067600000000000016e+01,-4.238505600006471918e-01
1.067699999999999960e+01,-3.984821860933537852e-01
1.067800000000000082e+01,-4.074827534038781285e-01
1.067900000000000027e+01,-3.662854049871858697e-01
1.067999999999999972e+01,-3.525954353315471912e-01
1.068100000000000094e+01,-2.737204906263301929e-01
1.068200000000000038e+01,-2.270011588952056680e-01
1.068299999999999983e+01,-2.122542754406166188e-01
1.068400000000000105e+01,-2.207658728111203672e-01
1.068500000000000050e+01,-2.186576898284101345e-01
1.068599999999999994e+01,-2.238707884457601938e-01
1.068699999999999939e+01,-2.620688024565394625e-01
1.068800000000000061e+01,-2.738815263756807505e-01
1.068900000000000006e+01,-2.275889708014898483e-01
1.068999999999999950e+01,-3.174669566539500831e-01
1.069100000000000072e+01,-3.502317572976730298e-01
1.069200000000000017e+01,-3.352038952746959621e-01
1.069299999999999962e+01,-3.732444360911535419e-01
1.069400000000000084e+01,-3.735583108945478292e-01
1.069500000000000028e+01,-4.123033099284740821e-01
1.069599999999999973e+01,-3.603782562616997809e-01
1.069700000000000095e+01,-3.750697645003990832e-01
1.069800000000000040e+01,-3.643716332119771306e-01
1.069899999999999984e+01,-2.735559710991225524e-01
1.070000000000000107e+01,-2.443539107369669949e-01
1.070100000000000051e+01,-2.286779709364976099e-01
1.070199999999999996e+01,-2.084966161521616124e-01
1.070299999999999940e+01,-1.998387727982923190e-01
1.070400000000000063e+01,-1.570319874864824217e-01
1.070500000000000007e+01,-1.417475805634257902e-01
1.070599999999999952e+01,-1.583897504159827441e-01
1.070700000000000074e+01,-1.831347629481455686e-01
1.070800000000000018e+01,-1.220894309326777116e-01
1.070899999999999963e+01,-2.081220220554266809e-01
1.071000000000000085e+01,-2.429366268409873797e-01
1.071100000000000030e+01,-2.657151067735202266e-01
1.071199999999999974e+01,-2.881219476037296667e-01
1.071300000000000097e+01,-2.928660950243739403e-01
1.071400000000000041e+01,-3.252322313167637091e-01
1.071499999999999986e+01,-3.437595010377730853e-01
1.071600000000000108e+01,-3.448674148347304347e-01
1.071700000000000053e+01,-2.928135089384187872e-01
1.071799999999999997e+01,-2.552951834676606135e-01
1.071899999999999942e+01,-2.229598931138901674e-01
1.072000000000000064e+01,-1.890702350842501100e-01
1.072100000000000009e+01,-1.643723432155528852e-01
1.072199999999999953e+01,-1.550681522846469595e-01
1.072300000000000075e+01,-9.300327623670116839e-02
1.072400000000000020e+01,-7.018503728972344535e-02
1.072499999999999964e+01,-6.867400932956557735e-02
1.072600000000000087e+01,-8.239015086303788649e-02
1.072700000000000031e+01,-1.085550804659450586e-01
1.072799999999999976e+01,-9.777348465202326255e-02
1.072900000000000098e+01,-1.117773700510021340e-01
1.073000000000000043e+01,-1.799970080488260127e-01
1.073099999999999987e+01,-1.903137681618500832e-01
1.073200000000000109e+01,-2.118115696920497282e-01
1.073300000000000054e+01,-1.957281705947510331e-01
1.073399999999999999e+01,-2.307775255711216333e-01
1.073499999999999943e+01,-2.166142084890610997e-01
1.073600000000000065e+01,-2.153559766533278685e-01
1.073700000000000010e+01,-2.016306985917713512e-01
1.073799999999999955e+01,-1.875417101771334194e-01
1.073900000000000077e+01,-1.646152737333653193e-01
1.074000000000000021e+01,-8.971117704989388375e-02
1.074099999999999966e+01,-4.971148086823573564e-02
1.074200000000000088e+01,-6.075562638989998043e-02
1.074300000000000033e+01,-5.146777338820697489e-02
1.074399999999999977e+01,-1.196513273739123473e-02
1.074500000000000099e+01,8.545990228152625101e-03
1.074600000000000044e+01,-9.518882947266618655e-03
1.074699999999999989e+01,-5.087400169125351479e-02
1.074800000000000111e+01,-5.914743177832889470e-02
1.074900000000000055e+01,-4.387896221162599503e-02
1.075000000000000000e+01,-6.737146181482514540e-02
1.075099999999999945e+01,-1.049613454777033883e-01
1.075200000000000067e+01,-1.208289113192808073e-01
1.075300000000000011e+01,-1.291643083644173906e-01
1.075399999999999956e+01,-1.754439638209598362e-01
1.075500000000000078e+01,-1.536038791422001670e-01
1.075600000000000023e+01,-1.500479791842763699e-01
1.075699999999999967e+01,-1.136133000312801733e-01
1.075800000000000090e+01,-8.286340544620177107e-02
1.075900000000000034e+01,-7.066371407188036524e-02
1.075999999999999979e+01,-4.518908483648766301e-03
1.076100000000000101e+01,-1.947133003384690642e-02
1.076200000000000045e+01,3.626821230400734813e-02
1.076299999999999990e+01,8.397588426105860593e-02
1.076399999999999935e+01,6.110758544517821966e-02
1.076500000000000057e+01,7.586831711503889963e-02
1.076600000000000001e+01,5.761970551360953013e-02
1.076699999999999946e+01,7.253015092592381141e-02
1.076800000000000068e+01,2.557236981111511709e-02
1.076900000000000013e+01,3.571174200984945923e-02
1.076999999999999957e+01,3.727953208164747761e-02
1.077100000000000080e+01,-3.128530694249190974e-02
1.077200000000000024e+01,-1.711067512953659553e-02
1.077299999999999969e+01,-9.119547254801219083e-02
1.077400000000000091e+01,-7.591081882982342321e-02
1.077500000000000036e+01,-7.497230743908853134e-02
1.077599999999999980e+01,-1.847729031938738498e-02
1.077700000000000102e+01,-1.841445489128556989e-02
1.077800000000000047e+01,-1.862073348299784353e-02
1.077899999999999991e+01,2.716455663387591993e-02
1.077999999999999936e+01,5.242729571089612545e-02
1.078100000000000058e+01,6.787193288320350626e-02
1.078200000000000003e+01,1.426269911191438700e-01
1.078299999999999947e+01,1.557476241315676746e-01
1.078400000000000070e+01,1.236416019825180984e-01
1.078500000000000014e+01,1.807093547502011954e-01
1.078599999999999959e+01,2.046397073660209398e-01
1.078700000000000081e+01,1.376353960824912570e-01
1.078800000000000026e+01,1.305377259908111487e-01
1.078899999999999970e+01,1.253788949357990956e-01
1.079000000000000092e+01,5.936550875122250520e-02
1.079100000000000037e+01,6.533416631384959816e-02
1.079199999999999982e+01,7.341781659923427017e-03
1.079300000000000104e+01,1.847910223670511110e-02
1.079400000000000048e+01,-8.703400397035113145e-03
1.079499999999999993e+01,-7.198532898104417765e-03
1.079599999999999937e+01,-4.780202197638769995e-02
1.079700000000000060e+01,1.101539751654262433e-02
1.079800000000000004e+01,3.295505164040078011e-02
1.079899999999999949e+01,1.200313228986914088e-01
1.080000000000000071e+01,1.337628869770779716e-01
1.080100000000000016e+01,1.267638050106377479e-01
1.080199999999999960e+01,1.964585030628901718e-01
1.080300000000000082e+01,2.485516976906677611e-01
1.080400000000000027e+01,2.557110479890626342e-01
1.080499999999999972e+01,2.310783891067919871e-01
1.080600000000000094e+01,2.198536508550013036e-01
1.080700000000000038e+01,2.295680745151509328e-01
1.080799999999999983e+01,1.970964488529223235e-01
1.080900000000000105e+01,1.955758919579001220e-01
1.081000000000000050e+01,1.490896520678000881e-01
1.081099999999999994e+01,1.620827025991428971e-01
1.081199999999999939e+01,8.385538645256278290e-02
1.081300000000000061e+01,1.130520072610158161e-01
1.081400000000000006e+01,6.588770404397666092e-02
1.081499999999999950e+01,5.359986991664977829e-02
1.081600000000000072e+01,8.340203588919102573e-02
1.081700000000000017e+01,1.180655715819345364e-01
1.081799999999999962e+01,1.242706312930398627e-01
1.081900000000000084e+01,1.821452490618075126e-01
1.082000000000000028e+01,1.950210553431773464e-01
1.082099999999999973e+01,1.989040648509488585e-01
1.082200000000000095e+01,2.622838561812235181e-01
1.082300000000000040e+01,3.056248808226686986e-01
1.082399999999999984e+01,3.093478526563272490e-01
1.082500000000000107e+01,3.491138040817979293e-01
1.082600000000000051e+01,2.883347553727662049e-01
1.082699999999999996e+01,3.068816081654023864e-01
1.082799999999999940e+01,3.023061893125257860e-01
1.082900000000000063e+01,2.725514351744913188e-01
1.083000000000000007e+01,1.229989001718908570e+00
1.083099999999999952e+01,5.026071869314882035e-01
1.083200000000000074e+01,-3.349190721443773278e-01
1.083300000000000018e+01,1.701272635932004063e-01
1.083399999999999963e+01,1.410771620518885827e-01
1.083500000000000085e+01,1.613555196285198778e-01
1.083600000000000030e+01,1.700468220967909505e-01
1.083699999999999974e+01,1.631644697625758145e-01
1.083800000000000097e+01,1.978111466365291837e-01
1.083900000000000041e+01,2.260029366538427731e-01
1.083999999999999986e+01,2.520211879157244206e-01
1.084100000000000108e+01,3.014095834294839293e-01
1.084200000000000053e+01,3.484688230365682315e-01
1.084299999999999997e+01,3.551999772238341180e-01
1.084399999999999942e+01,3.733944645493826320e-01
1.084500000000000064e+01,4.225571583634455397e-01
1.084600000000000009e+01,4.028290091982553722e-01
1.084699999999999953e+01,3.832464154851783489e-01
1.084800000000000075e+01,3.636248280845573166e-01
1.084900000000000020e+01,3.314852546413764034e-01
1.084999999999999964e+01,2.709710029948597665e-01
1.085100000000000087e+01,2.704189566455436067e-01
1.085200000000000031e+01,2.434698980194071882e-01
1.085299999999999976e+01,2.381154501810193724e-01
1.085400000000000098e+01,2.309279209238953579e-01
1.085500000000000043e+01,2.324847408228187529e-01
1.085599999999999987e+01,2.084754348622973041e-01
1.085700000000000109e+01,2.724566634514545282e-01
1.085800000000000054e+01,2.923473395613773174e-01
1.085899999999999999e+01,3.034861065355139997e-01
1.085999999999999943e+01,2.758640004163410708e-01
1.086100000000000065e+01,3.514126899556762607e-01
1.086200000000000010e+01,3.903025768149025465e-01
1.086299999999999955e+01,4.380042195929074733e-01
1.086400000000000077e+01,4.632951805451909211e-01
1.086500000000000021e+01,4.684177530617259499e-01
1.086599999999999966e+01,4.378058015513604517e-01
1.086700000000000088e+01,4.446633415046311044e-01
1.086800000000000033e+01,3.896038777838133349e-01
1.086899999999999977e+01,3.625565920325214964e-01
1.087000000000000099e+01,3.600163795690252688e-01
1.087100000000000044e+01,3.532797906752663253e-01
1.087199999999999989e+01,3.528239988755658141e-01
1.087300000000000111e+01,3.073713309626443513e-01
1.087400000000000055e+01,2.820097344425809283e-01
1.087500000000000000e+01,2.972891833070804291e-01
1.087599999999999945e+01,3.015501681528203193e-01
1.087700000000000067e+01,2.766695122528582962e-01
1.087800000000000011e+01,3.081302845401134305e-01
1.087899999999999956e+01,3.339487876009894496e-01
1.088000000000000078e+01,3.579459190458269546e-01
1.088100000000000023e+01,4.113940951188439499e-01
1.088199999999999967e+01,4.725730802981998324e-01
1.088300000000000090e+01,4.696275167210083867e-01
1.088400000000000034e+01,4.724603062028280287e-01
1.088499999999999979e+01,5.101131812472669003e-01
1.088600000000000101e+01,5.096978587677800654e-01
1.088700000000000045e+01,4.942324814463007754e-01
1.088799999999999990e+01,4.867062103028930720e-01
1.088899999999999935e+01,4.161258328831105580e-01
1.089000000000000057e+01,4.187303625018327646e-01
1.089100000000000001e+01,3.611311298112225843e-01
1.089199999999999946e+01,3.798150176983927095e-01
1.089300000000000068e+01,3.333584767941830673e-01
1.089400000000000013e+01,3.244473670809724930e-01
1.089499999999999957e+01,3.254086756808501901e-01
1.089600000000000080e+01,3.150931306931368248e-01
1.089700000000000024e+01,3.446077555731991149e-01
1.089799999999999969e+01,3.653976070353444072e-01
1.089900000000000091e+01,4.014660714156714216e-01
1.090000000000000036e+01,5.114403243202527705e-01
1.090099999999999980e+01,4.892837124694511264e-01
1.090200000000000102e+01,4.858592840215553710e-01
1.090300000000000047e+01,5.386152133566339817e-01
1.090399999999999991e+01,5.609437928753108205e-01
1.090499999999999936e+01,5.797572421956000976e-01
1.090600000000000058e+01,5.180967829697968874e-01
1.090700000000000003e+01,5.223014391475616636e-01
1.090799999999999947e+01,5.063752512288173246e-01
1.090900000000000070e+01,4.763578172565187119e-01
1.091000000000000014e+01,4.437574752730671923e-01
1.091099999999999959e+01,4.011685079220870809e-01
1.091200000000000081e+01,4.074366198903052183e-01
1.091300000000000026e+01,4.133258015189104073e-01
1.091399999999999970e+01,3.784357487090059813e-01
1.091500000000000092e+01,3.921892484779001542e-01
1.091600000000000037e+01,4.019776829392056605e-01
1.091699999999999982e+01,3.737988211456352294e-01
1.091800000000000104e+01,4.021028819157336232e-01
1.091900000000000048e+01,4.464968624509735862e-01
1.091999999999999993e+01,4.795124370142177517e-01
1.092099999999999937e+01,4.752368758914733982e-01
1.092200000000000060e+01,5.459205023391034972e-01
1.092300000000000004e+01,5.649634511064623998e-01
1.092399999999999949e+01,5.755564809704412088e-01
1.092500000000000071e+01,6.063539750331318201e-01
1.092600000000000016e+01,5.881154502143189911e-01
1.092699999999999960e+01,5.558614201032047175e-01
1.092800000000000082e+01,5.769415960802460885e-01
1.092900000000000027e+01,5.195695421078523335e-01
1.092999999999999972e+01,5.037772370963303770e-01
1.093100000000000094e+01,4.615271663056464968e-01
1.093200000000000038e+01,4.329456587168645232e-01
1.093299999999999983e+01,4.332099824812203348e-01
1.093400000000000105e+01,3.804546073432845676e-01
1.093500000000000050e+01,3.991481260210665294e-01
1.093599999999999994e+01,3.988933262491076159e-01
1.093699999999999939e+01,4.092502489862364090e-01
1.093800000000000061e+01,4.334304294174324834e-01
1.093900000000000006e+01,4.491995441664594635e-01
1.093999999999999950e+01,4.713948749069074573e-01
1.094100000000000072e+01,4.995183334571191014e-01
1.094200000000000017e+01,5.227222235154764807e-01
1.094299999999999962e+01,5.441826733933261551e-01
1.094400000000000084e+01,5.854011934841746312e-01
1.094500000000000028e+01,5.896571048284154903e-01
1.094599999999999973e+01,6.106687155607876116e-01
1.094700000000000095e+01,5.702973596249567567e-01
1.094800000000000040e+01,5.531784172350221462e-01
1.094899999999999984e+01,5.037329988752028420e-01
1.095000000000000107e+01,4.718821811484821271e-01
1.095100000000000051e+01,4.655584411318769433e-01
1.095199999999999996e+01,4.302919112134548363e-01
1.095299999999999940e+01,4.146784672459733478e-01
1.095400000000000063e+01,3.849777580618527484e-01
1.095500000000000007e+01,3.910928097021164618e-01
1.095599999999999952e+01,4.285000178528832748e-01
1.095700000000000074e+01,4.081350967190498502e-01
1.095800000000000018e+01,4.453323290345742036e-01
1.095899999999999963e+01,4.583656931531137624e-01
1.096000000000000085e+01,4.834771216036330976e-01
1.096100000000000030e+01,5.257366335928339574e-01
1.096199999999999974e+01,5.720906477054008565e-01
1.096300000000000097e+01,5.841480736565672904e-01
1.096400000000000041e+01,6.001054329818846789e-01
1.096499999999999986e+01,6.501015578388699145e-01
1.096600000000000108e+01,5.940847160500938307e-01
1.096700000000000053e+01,5.935486994427556784e-01
1.096799999999999997e+01,5.365893903315404057e-01
1.096899999999999942e+01,5.500400466053083637e-01
1.097000000000000064e+01,4.861003679359342522e-01
1.097100000000000009e+01,4.450131306915560692e-01
1.097199999999999953e+01,4.436956186641820565e-01
1.097300000000000075e+01,4.246220667775377211e-01
1.097400000000000020e+01,4.349989635831635337e-01
1.097499999999999964e+01,3.907518188647750579e-01
1.097600000000000087e+01,4.096879539565493333e-01
1.097700000000000031e+01,4.283421672509951650e-01
1.097799999999999976e+01,4.313331667681414849e-01
1.097900000000000098e+01,4.556530300062479055e-01
1.098000000000000043e+01,4.565135142067527907e-01
1.098099999999999987e+01,5.086283256564971822e-01
1.098200000000000109e+01,4.998515536028932393e-01
1.098300000000000054e+01,5.521943814716246957e-01
1.098399999999999999e+01,5.343602495215777903e-01
1.098499999999999943e+01,5.987093401472930454e-01
1.098600000000000065e+01,5.589877442757766879e-01
1.098700000000000010e+01,5.368276866597316843e-01
1.098799999999999955e+01,5.643964893013488915e-01
1.098900000000000077e+01,5.225396196474085819e-01
1.099000000000000021e+01,5.197252770428846258e-01
1.099099999999999966e+01,4.560983914891920121e-01
1.099200000000000088e+01,4.689900499952159851e-01
1.099300000000000033e+01,4.136131366463104975e-01
1.099399999999999977e+01,3.683726275224485369e-01
1.099500000000000099e+01,3.671932893676500553e-01
1.099600000000000044e+01,3.788503055297263167e-01
1.099699999999999989e+01,3.965561150910527077e-01
1.099800000000000111e+01,3.981688146016894025e-01
1.099900000000000055e+01,4.272535845741233240e-01
1.100000000000000000e+01,4.905049112808950729e-01
1.100099999999999945e+01,5.114878921436113446e-01
1.100200000000000067e+01,5.765397199067167078e-01
1.100300000000000011e+01,5.346428065160601095e-01
1.100399999999999956e+01,5.427667443706838402e-01
1.100500000000000078e+01,5.559131940401401684e-01
1.100600000000000023e+01,5.717055712903172937e-01
1.100699999999999967e+01,5.541536222869425377e-01
1.100800000000000090e+01,4.985013991344507400e-01
1.100900000000000034e+01,5.099058417746177296e-01
1.100999999999999979e+01,4.649133212004127325e-01
1.101100000000000101e+01,4.119450676398959121e-01
1.101200000000000045e+01,3.763092784811106761e-01
1.101299999999999990e+01,4.057081444666640890e-01
1.101399999999999935e+01,3.741074785340272046e-01
1.101500000000000057e+01,3.440110928840081073e-01
1.101600000000000001e+01,3.679647712598281273e-01
1.101699999999999946e+01,4.006248795454538936e-01
1.101800000000000068e+01,3.907732040315347044e-01
1.101900000000000013e+01,4.344807455228812954e-01
1.101999999999999957e+01,4.196334536724142250e-01
1.102100000000000080e+01,4.425617754933340864e-01
1.102200000000000024e+01,4.758609427308437834e-01
1.102299999999999969e+01,5.582990897224722193e-01
1.102400000000000091e+01,5.553482016935457066e-01
1.102500000000000036e+01,5.344799348936882799e-01
1.102599999999999980e+01,5.316874555955404258e-01
1.102700000000000102e+01,5.352174183077881287e-01
1.102800000000000047e+01,4.783258628764426312e-01
1.102899999999999991e+01,4.445446761418498927e-01
1.102999999999999936e+01,4.531053723457594828e-01
1.103100000000000058e+01,4.020249463745468876e-01
1.103200000000000003e+01,3.541603141196716931e-01
1.103299999999999947e+01,3.252321511999994308e-01
1.103400000000000070e+01,3.574308664960923476e-01
1.103500000000000014e+01,2.645701277453582634e-01
1.103599999999999959e+01,3.093292106798519181e-01
1.103700000000000081e+01,3.565048707897165992e-01
1.103800000000000026e+01,3.462427355595098510e-01
1.103899999999999970e+01,3.954827931868023505e-01
1.104000000000000092e+01,3.967498717837326661e-01
1.104100000000000037e+01,4.712080007104794133e-01
1.104199999999999982e+01,5.101222792983900467e-01
1.104300000000000104e+01,4.938289100543070687e-01
1.104400000000000048e+01,5.403320063973402476e-01
1.104499999999999993e+01,5.131354732482631409e-01
1.104599999999999937e+01,4.454823527646565307e-01
1.104700000000000060e+01,4.702417923750716322e-01
1.104800000000000004e+01,4.449559251759186429e-01
1.104899999999999949e+01,3.711988873013715162e-01
1.105000000000000071e+01,4.034400302167461816e-01
1.105100000000000016e+01,3.163811987602969111e-01
1.105199999999999960e+01,3.256031802404009134e-01
1.105300000000000082e+01,2.969550664466302226e-01
1.105400000000000027e+01,2.714811155313797686e-01
1.105499999999999972e+01,2.564826969060559625e-01
1.105600000000000094e+01,2.614629251885786099e-01
1.105700000000000038e+01,2.958181118217459438e-01
1.105799999999999983e+01,3.021565674338069218e-01
1.105900000000000105e+01,3.273188291028801267e-01
1.106000000000000050e+01,3.793877314542554724e-01
1.106099999999999994e+01,4.127184637807436163e-01
1.106199999999999939e+01,4.215148043043372983e-01
1.106300000000000061e+01,4.125954075381524366e-01
1.106400000000000006e+01,4.083298283443829169e-01
1.106499999999999950e+01,4.382142017247061538e-01
1.106600000000000072e+01,4.276471539453807758e-01
1.106700000000000017e+01,3.936202414514254344e-01
1.106799999999999962e+01,3.735855760974637896e-01
1.106900000000000084e+01,3.398834917089914587e-01
1.107000000000000028e+01,3.055589596965480603e-01
1.107099999999999973e+01,2.940115716938165868e-01
1.107200000000000095e+01,2.630330289871388727e-01
1.107300000000000040e+01,2.393688808600584750e-01
1.107399999999999984e+01,1.997316299036541176e-01
1.107500000000000107e+01,2.104591603935901667e-01
1.107600000000000051e+01,1.947587738125085566e-01
1.107699999999999996e+01,1.929856809185654942e-01
1.107799999999999940e+01,2.276505467054202314e-01
1.107900000000000063e+01,2.326805493818694948e-01
1.108000000000000007e+01,2.650995343321779218e-01
1.108099999999999952e+01,3.439919320300836580e-01
1.108200000000000074e+01,3.462114780222592669e-01
1.108300000000000018e+01,3.383714276302545176e-01
1.108399999999999963e+01,3.930714435064608381e-01
1.108500000000000085e+01,3.643489297835048601e-01
1.108600000000000030e+01,3.695294571540456152e-01
1.108699999999999974e+01,3.292347398958445082e-01
1.108800000000000097e+01,3.318222826970570472e-01
1.108900000000000041e+01,2.982733735811497477e-01
1.108999999999999986e+01,2.649897688410576824e-01
1.109100000000000108e+01,1.824936004980944604e-01
1.109200000000000053e+01,1.652432975232500378e-01
1.109299999999999997e+01,1.600713025313638682e-01
1.109399999999999942e+01,9.444117082153387355e-02
1.109500000000000064e+01,8.741866121407931844e-02
1.109600000000000009e+01,1.220100032569671339e-01
1.109699999999999953e+01,1.389816976162239204e-01
1.109800000000000075e+01,1.836003282383147639e-01
1.109900000000000020e+01,1.864767052111898082e-01
1.109999999999999964e+01,2.206453513634348829e-01
1.110100000000000087e+01,2.253927084493839161e-01
1.110200000000000031e+01,2.886388691830008568e-01
1.110299999999999976e+01,2.687356338235949993e-01
1.110400000000000098e+01,2.607340516715964673e-01
1.110500000000000043e+01,2.851635708016350690e-01
1.110599999999999987e+01,3.153171336616158449e-01
1.110700000000000109e+01,2.936106767526607819e-01
1.110800000000000054e+01,2.342318716535732870e-01
1.110899999999999999e+01,1.749878679319575026e-01
1.110999999999999943e+01,1.475183141511421658e-01
1.111100000000000065e+01,1.559386020658578009e-01
1.111200000000000010e+01,1.023923692583385420e-01
1.111299999999999955e+01,9.179695618752647945e-02
1.111400000000000077e+01,3.814735058222482045e-02
1.111500000000000021e+01,6.573410582119609824e-02
1.111599999999999966e+01,7.755546490599650455e-02
1.111700000000000088e+01,8.187098737868531151e-02
1.111800000000000033e+01,8.380726651406750216e-02
1.111899999999999977e+01,8.948375910551879808e-02
1.112000000000000099e+01,1.247775085552796370e-01
1.112100000000000044e+01,1.550677636778479418e-01
1.112199999999999989e+01,1.787014753936535250e-01
1.112300000000000111e+01,1.872881843608835140e-01
1.112400000000000055e+01,2.226703271897369218e-01
1.112500000000000000e+01,2.054349268465180400e-01
1.112599999999999945e+01,1.852908643984719217e-01
1.112700000000000067e+01,1.968239928825379625e-01
1.112800000000000011e+01,1.488668674521253510e-01
1.112899999999999956e+01,1.217012206942237745e-01
1.113000000000000078e+01,6.986116550455021001e-02
1.113100000000000023e+01,6.636017850910182203e-02
1.113199999999999967e+01,1.169895775449661390e-02
1.113300000000000090e+01,-9.584355378861000863e-03
1.113400000000000034e+01,-1.713570803670723397e-02
1.113499999999999979e+01,-2.721429068040472077e-02
1.113600000000000101e+01,-1.177450772877809693e-02
1.113700000000000045e+01,-2.639838397488264432e-02
1.113799999999999990e+01,-2.924149060740324768e-02
1.113899999999999935e+01,5.810367959442758190e-03
1.114000000000000057e+01,7.358385287122937157e-02
1.114100000000000001e+01,8.188763714783925396e-02
1.114199999999999946e+01,9.997167879620492970e-02
1.114300000000000068e+01,1.149867093028829335e-01
1.114400000000000013e+01,1.482187832589865750e-01
1.114499999999999957e+01,1.277637476727498944e-01
1.114600000000000080e+01,1.065005061089095151e-01
1.114700000000000024e+01,1.152456856657514267e-01
1.114799999999999969e+01,1.004101705146412532e-01
1.114900000000000091e+01,4.096813079228028842e-02
1.115000000000000036e+01,6.177733039663302513e-03
1.115099999999999980e+01,-2.702816900158357821e-02
1.115200000000000102e+01,-6.709167873373379776e-02
1.115300000000000047e+01,-4.775280057568939002e-02
1.115399999999999991e+01,-9.693751485056062434e-02
1.115499999999999936e+01,-1.291488647839995896e-01
1.115600000000000058e+01,-1.122189345096863411e-01
1.115700000000000003e+01,-8.878822382744688824e-02
1.115799999999999947e+01,-1.098831460540558164e-01
1.115900000000000070e+01,-4.597902805571622842e-02
1.116000000000000014e+01,1.308120754785327411e-02
1.116099999999999959e+01,8.155965423338722847e-03
1.116200000000000081e+01,2.498515353057487870e-02
1.116300000000000026e+01,3.604723489652745388e-02
1.116399999999999970e+01,9.205901141365968599e-02
1.116500000000000092e+01,6.963938836411205646e-02
1.116600000000000037e+01,3.616735089849883872e-02
1.116699999999999982e+01,8.044687443774775626e-03
1.116800000000000104e+01,7.341851398960534680e-03
1.116900000000000048e+01,-1.931328100747879695e-02
1.116999999999999993e+01,-6.384711204312636113e-02
1.117099999999999937e+01,-1.126942492746614843e-01
1.117200000000000060e+01,-1.039996969465246390e-01
1.117300000000000004e+01,-1.694831788885732826e-01
1.117399999999999949e+01,-1.704117307077914201e-01
1.117500000000000071e+01,-2.083348160010335959e-01
1.117600000000000016e+01,-1.580345262079243529e-01
1.117699999999999960e+01,-1.472909517724360073e-01
1.117800000000000082e+01,-1.657451446854832644e-01
1.117900000000000027e+01,-1.257093599747511059e-01
1.117999999999999972e+01,-9.780133325650894327e-02
1.118100000000000094e+01,-1.274976536388734705e-01
1.118200000000000038e+01,-7.118435514669593789e-02
1.118299999999999983e+01,-1.486999296546870353e-02
1.118400000000000105e+01,-1.280138677291409177e-02
1.118500000000000050e+01,-1.240951724283345659e-03
1.118599999999999994e+01,-2.073913193881506134e-02
1.118699999999999939e+01,-3.907013571439335586e-02
1.118800000000000061e+01,-9.424541241861715546e-02
1.118900000000000006e+01,-9.737229688748970380e-02
1.118999999999999950e+01,-1.423261956185600252e-01
1.119100000000000072e+01,-2.166557518509671099e-01
1.119200000000000017e+01,-1.891854689546698665e-01
1.119299999999999962e+01,-2.334892400579867133e-01
1.119400000000000084e+01,-2.668188693861078264e-01
1.119500000000000028e+01,-2.410181184824655154e-01
1.119599999999999973e+01,-2.621967509580694911e-01
1.119700000000000095e+01,-2.426073027862264975e-01
1.119800000000000040e+01,-2.442067265197793990e-01
1.119899999999999984e+01,-2.180398617390325866e-01
1.120000000000000107e+01,-1.782849861914180267e-01
1.120100000000000051e+01,-1.477614107162529555e-01
1.120199999999999996e+01,-1.444180084244160722e-01
1.120299999999999940e+01,-9.472710540280254721e-02
1.120400000000000063e+01,-1.361155869127033680e-01
1.120500000000000007e+01,-8.480599633385846325e-02
1.120599999999999952e+01,-1.295235696626315103e-01
1.120700000000000074e+01,-1.497646334820682268e-01
1.120800000000000018e+01,-1.215781873405594737e-01
1.120899999999999963e+01,-1.933571135159660170e-01
1.121000000000000085e+01,-2.337398587871823974e-01
1.121100000000000030e+01,-2.510031323353363875e-01
1.121199999999999974e+01,-2.680914995327627892e-01
1.121300000000000097e+01,-3.164743875043620758e-01
1.121400000000000041e+01,-3.491705185744337081e-01
1.121499999999999986e+01,-3.589722517708906491e-01
1.121600000000000108e+01,-3.372204264448103173e-01
1.121700000000000053e+01,-3.522018804971529526e-01
1.121799999999999997e+01,-2.976699027502953676e-01
1.121899999999999942e+01,-2.762194691404464830e-01
1.122000000000000064e+01,-2.582173404382055448e-01
1.122100000000000009e+01,-2.095450048362218209e-01
1.122199999999999953e+01,-1.828657189490895119e-01
1.122300000000000075e+01,-1.716719647720798547e-01
1.122400000000000020e+01,-1.828278282130956500e-01
1.122499999999999964e+01,-1.787219547580096435e-01
1.122600000000000087e+01,-1.647107802582440383e-01
1.122700000000000031e+01,-2.142185185569506767e-01
1.122799999999999976e+01,-2.434968376750619168e-01
1.122900000000000098e+01,-2.799045275553732615e-01
1.123000000000000043e+01,-2.806558350128885992e-01
1.123099999999999987e+01,-3.170770595122295865e-01
1.123200000000000109e+01,-3.499959919667249286e-01
1.123300000000000054e+01,-3.725191314977878143e-01
1.123399999999999999e+01,-3.753295307859663144e-01
1.123499999999999943e+01,-4.253405512323001902e-01
1.123600000000000065e+01,-4.128481259130281633e-01
1.123700000000000010e+01,-3.913895026180859715e-01
1.123799999999999955e+01,-3.597791897818058970e-01
1.123900000000000077e+01,-3.448133328780286222e-01
1.124000000000000021e+01,-2.871127234275399065e-01
1.124099999999999966e+01,-3.058523310994574196e-01
1.124200000000000088e+01,-2.741061466688342607e-01
1.124300000000000033e+01,-2.814245268554886326e-01
1.124399999999999977e+01,-2.221892218764793259e-01
1.124500000000000099e+01,-2.385511826683333336e-01
1.124600000000000044e+01,-2.403023321157488346e-01
1.124699999999999989e+01,-2.536063429516656198e-01
1.124800000000000111e+01,-2.535646603943768063e-01
1.124900000000000055e+01,-2.908855519811774926e-01
1.125000000000000000e+01,-3.752382331549147243e-01
1.125099999999999945e+01,-3.597524855628415619e-01
1.125200000000000067e+01,-4.232742207088406317e-01
1.125300000000000011e+01,-4.569879539446566330e-01
1.125399999999999956e+01,-4.589417572532366596e-01
1.125500000000000078e+01,-4.624476517014780574e-01
1.125600000000000023e+01,-4.764607480700780995e-01
1.125699999999999967e+01,-4.618691799584700997e-01
1.125800000000000090e+01,-4.477425068900334759e-01
1.125900000000000034e+01,-4.388850423042487403e-01
1.125999999999999979e+01,-3.932893554004361358e-01
1.126100000000000101e+01,-3.672203218864638075e-01
1.126200000000000045e+01,-3.192479569232333225e-01
1.126299999999999990e+01,-2.971511766262693310e-01
1.126399999999999935e+01,-2.837154100612365726e-01
1.126500000000000057e+01,-2.458912320658044603e-01
1.126600000000000001e+01,-3.102041022463559172e-01
1.126699999999999946e+01,-2.855742376007236460e-01
1.126800000000000068e+01,-3.430360586736289630e-01
1.126900000000000013e+01,-3.673308436222239570e-01
1.126999999999999957e+01,-3.606136561195010248e-01
1.127100000000000080e+01,-4.611980509592550348e-01
1.127200000000000024e+01,-4.526089061355466070e-01
1.127299999999999969e+01,-4.865790267489303322e-01
1.127400000000000091e+01,-4.932268901446914544e-01
1.127500000000000036e+01,-5.378986315033469356e-01
1.127599999999999980e+01,-4.973437775086228529e-01
1.127700000000000102e+01,-4.908416050124997931e-01
1.127800000000000047e+01,-4.735687244706348054e-01
1.127899999999999991e+01,-4.684629778309415404e-01
1.127999999999999936e+01,-4.011085550472351380e-01
1.128100000000000058e+01,-4.082317276656732274e-01
1.128200000000000003e+01,-3.662389168815687879e-01
1.128299999999999947e+01,-3.593341270748445226e-01
1.128400000000000070e+01,-3.418622166369663651e-01
1.128500000000000014e+01,-3.438616663885445401e-01
1.128599999999999959e+01,-3.389420205569468880e-01
1.128700000000000081e+01,-3.591460285394549312e-01
1.128800000000000026e+01,-4.325393718325001302e-01
1.128899999999999970e+01,-3.860487224345666157e-01
1.129000000000000092e+01,-4.428079076086808286e-01
1.129100000000000037e+01,-4.585122797016389917e-01
1.129199999999999982e+01,-5.262727149733628096e-01
1.129300000000000104e+01,-5.256012900371733743e-01
1.129400000000000048e+01,-5.735875911204574296e-01
1.129499999999999993e+01,-5.534127010209013431e-01
1.129599999999999937e+01,-5.532589205464606419e-01
1.129700000000000060e+01,-5.119785920554442704e-01
1.129800000000000004e+01,-5.106609313950081219e-01
1.129899999999999949e+01,-4.813432515790690425e-01
1.130000000000000071e+01,-4.635244978456599663e-01
1.130100000000000016e+01,-4.386706198552782210e-01
1.130199999999999960e+01,-3.978689315601278143e-01
1.130300000000000082e+01,-3.616518772617494104e-01
1.130400000000000027e+01,-3.650824555582857234e-01
1.130499999999999972e+01,-3.678320734896025623e-01
1.130600000000000094e+01,-3.680850181108422103e-01
1.130700000000000038e+01,-3.944065375144766850e-01
1.130799999999999983e+01,-4.213555660335044362e-01
1.130900000000000105e+01,-4.460781303376492035e-01
1.131000000000000050e+01,-5.079200070004286083e-01
1.131099999999999994e+01,-5.127911757826140171e-01
1.131199999999999939e+01,-5.263187470994792339e-01
1.131300000000000061e+01,-5.622752006211781950e-01
1.131400000000000006e+01,-5.672185844204362670e-01
1.131499999999999950e+01,-5.903152236988258306e-01
1.131600000000000072e+01,-6.280276329892413578e-01
1.131700000000000017e+01,-5.781432052332295957e-01
1.131799999999999962e+01,-5.236054992701691946e-01
1.131900000000000084e+01,-4.927491018685509205e-01
1.132000000000000028e+01,-5.145292377833230457e-01
1.132099999999999973e+01,-4.422897392379430692e-01
1.132200000000000095e+01,-4.362048531004032448e-01
1.132300000000000040e+01,-3.656636301775522679e-01
1.132399999999999984e+01,-4.020964988748157443e-01
1.132500000000000107e+01,-4.124310433333603365e-01
1.132600000000000051e+01,-3.987102685652051948e-01
1.132699999999999996e+01,-4.073564028276077664e-01
1.132799999999999940e+01,-4.487677004555818971e-01
1.132900000000000063e+01,-4.539184968267938602e-01
1.133000000000000007e+01,-4.750368289489998452e-01
1.133099999999999952e+01,-5.127794125551169424e-01
1.133200000000000074e+01,-5.399237019660529935e-01
1.133300000000000018e+01,-5.399415778097695906e-01
1.133399999999999963e+01,-5.780804290330759931e-01
1.133500000000000085e+01,-6.279184917500340024e-01
1.133600000000000030e+01,-6.152190421244373431e-01
1.133699999999999974e+01,-5.772655422662260616e-01
1.133800000000000097e+01,-5.333382338365032505e-01
1.133900000000000041e+01,-5.303659205983208835e-01
1.133999999999999986e+01,-4.886134750242928093e-01
1.134100000000000108e+01,-4.846515230338440672e-01
1.134200000000000053e+01,-4.737815515220026308e-01
1.134299999999999997e+01,-4.118741257520705523e-01
1.134399999999999942e+01,-3.947469030854175998e-01
1.134500000000000064e+01,-3.884147075069221966e-01
1.134600000000000009e+01,-4.138806614965894193e-01
1.134699999999999953e+01,-4.056293530330141173e-01
1.134800000000000075e+01,-4.500323435137098538e-01
1.134900000000000020e+01,-4.441823989301897924e-01
1.134999999999999964e+01,-5.185891834713798332e-01
1.135100000000000087e+01,-5.327463988821214969e-01
1.135200000000000031e+01,-5.314509249284159464e-01
1.135299999999999976e+01,-5.739984415095094050e-01
1.135400000000000098e+01,-6.147037385202437365e-01
1.135500000000000043e+01,-6.125335122278267042e-01
1.135599999999999987e+01,-6.107789496108275706e-01
1.135700000000000109e+01,-5.745109420353448071e-01
1.135800000000000054e+01,-5.641385259033709909e-01
1.135899999999999999e+01,-5.515061307222425269e-01
1.135999999999999943e+01,-4.956121513411232971e-01
1.136100000000000065e+01,-4.345094938171097376e-01
1.136200000000000010e+01,-4.283399745748661669e-01
1.136299999999999955e+01,-4.240804029035164513e-01
1.136400000000000077e+01,-3.871333523890968520e-01
1.136500000000000021e+01,-4.325029898119121530e-01
1.136599999999999966e+01,-4.298963322579004709e-01
1.136700000000000088e+01,-4.324714656276300029e-01
1.136800000000000033e+01,-4.267892457407238549e-01
1.136899999999999977e+01,-4.737869050681381422e-01
1.137000000000000099e+01,-4.995404982788033132e-01
1.137100000000000044e+01,-5.017501235086725409e-01
1.137199999999999989e+01,-5.034573552610961400e-01
1.137300000000000111e+01,-5.753588133557345774e-01
1.137400000000000055e+01,-5.345820827949079312e-01
1.137500000000000000e+01,-6.046766104312603085e-01
1.137599999999999945e+01,-5.595401542294102804e-01
1.137700000000000067e+01,-5.575756155406680348e-01
1.137800000000000011e+01,-5.267738097699221633e-01
1.137899999999999956e+01,-5.250907152257355825e-01
1.138000000000000078e+01,-4.898663709589964887e-01
1.138100000000000023e+01,-4.427266174237567964e-01
1.138199999999999967e+01,-4.141287944784358133e-01
1.138300000000000090e+01,-4.036842906351772453e-01
1.138400000000000034e+01,-3.751840733761060975e-01
1.138499999999999979e+01,-3.450635854213952580e-01
1.138600000000000101e+01,-3.823974045721725279e-01
1.138700000000000045e+01,-4.078294058311300874e-01
1.138799999999999990e+01,-4.498668539335697325e-01
1.138900000000000112e+01,-4.758547623225104495e-01
1.139000000000000057e+01,-4.692041950120247051e-01
1.139100000000000001e+01,-4.754393196654079778e-01
1.139199999999999946e+01,-5.578651980548382516e-01
1.139300000000000068e+01,-5.424795514143541109e-01
1.139400000000000013e+01,-5.885976697526336121e-01
1.139499999999999957e+01,-5.468286031377206369e-01
1.139600000000000080e+01,-5.808080279203182705e-01
1.139700000000000024e+01,-5.243303637523681893e-01
1.139799999999999969e+01,-5.039583217845545748e-01
1.139900000000000091e+01,-4.976618702252911808e-01
1.140000000000000036e+01,-4.711034842228676855e-01
1.140099999999999980e+01,-4.137301028607500708e-01
1.140200000000000102e+01,-3.803682497235025828e-01
1.140300000000000047e+01,-3.598022535179046244e-01
1.140399999999999991e+01,-3.466613558777750792e-01
1.140499999999999936e+01,-3.280487580928399538e-01
1.140600000000000058e+01,-3.591178541758301423e-01
1.140700000000000003e+01,-3.454464565979528667e-01
1.140799999999999947e+01,-3.618283460134353868e-01
1.140900000000000070e+01,-3.992539925748228580e-01
1.141000000000000014e+01,-4.497610670477314998e-01
1.141099999999999959e+01,-4.676343842502320713e-01
1.141200000000000081e+01,-5.204711338952514588e-01
1.141300000000000026e+01,-4.930688798575557641e-01
1.141399999999999970e+01,-5.245464700354673937e-01
1.141500000000000092e+01,-5.375879542058399352e-01
1.141600000000000037e+01,-5.360931806349352735e-01
1.141699999999999982e+01,-4.963292672573970110e-01
1.141800000000000104e+01,-4.863187675401672294e-01
1.141900000000000048e+01,-4.166752283137117874e-01
1.141999999999999993e+01,-4.245801846459242301e-01
1.142099999999999937e+01,-3.890019776732389634e-01
1.142200000000000060e+01,-3.706015191324948388e-01
1.142300000000000004e+01,-3.159413807744535507e-01
1.142399999999999949e+01,-2.987669005246363918e-01
1.142500000000000071e+01,-2.732175343251752597e-01
1.142600000000000016e+01,-3.249115123513262038e-01
1.142699999999999960e+01,-3.034095836485828923e-01
1.142800000000000082e+01,-3.194480072050292496e-01
1.142900000000000027e+01,-3.380654041055139447e-01
1.142999999999999972e+01,-3.955163450477194309e-01
1.143100000000000094e+01,-4.019081271898882757e-01
1.143200000000000038e+01,-4.503709685517160444e-01
1.143299999999999983e+01,-4.060428467629952354e-01
1.143400000000000105e+01,-4.683408537635321833e-01
1.143500000000000050e+01,-4.695587379977748110e-01
1.143599999999999994e+01,-4.660644029642188602e-01
1.143699999999999939e+01,-4.295018464664947522e-01
1.143800000000000061e+01,-4.379834986407438735e-01
1.143900000000000006e+01,-4.033669216883005171e-01
1.143999999999999950e+01,-3.996756045373139887e-01
1.144100000000000072e+01,-2.914821795741533994e-01
1.144200000000000017e+01,-3.214311706189660889e-01
1.144299999999999962e+01,-2.514517886170269945e-01
1.144400000000000084e+01,-2.171891830393660183e-01
1.144500000000000028e+01,-2.369061595053109370e-01
1.144599999999999973e+01,-2.714220429435292292e-01
1.144700000000000095e+01,-2.555586756688562611e-01
1.144800000000000040e+01,-2.625304038528006312e-01
1.144899999999999984e+01,-3.032168833085059911e-01
1.145000000000000107e+01,-3.336003616171935304e-01
1.145100000000000051e+01,-3.409814896804563289e-01
1.145199999999999996e+01,-3.926099806603186027e-01
1.145299999999999940e+01,-4.432855262000480190e-01
1.145400000000000063e+01,-4.028859407975585172e-01
1.145500000000000007e+01,-4.187819399311344393e-01
1.145599999999999952e+01,-3.968044142067835289e-01
1.145700000000000074e+01,-4.006292172537304630e-01
1.145800000000000018e+01,-3.488132227374586836e-01
1.145899999999999963e+01,-3.086414593055828992e-01
1.146000000000000085e+01,-3.095574683460077803e-01
1.146100000000000030e+01,-2.789929813755610555e-01
1.146199999999999974e+01,-2.443675077077893665e-01
1.146300000000000097e+01,-2.173415715408382742e-01
1.146400000000000041e+01,-1.998728664522131382e-01
1.146499999999999986e+01,-2.165064511050639739e-01
1.146600000000000108e+01,-1.762740570861403011e-01
1.146700000000000053e+01,-2.204389538403652427e-01
1.146799999999999997e+01,-2.262275873649726710e-01
1.146899999999999942e+01,-2.431930196246898934e-01
1.147000000000000064e+01,-2.591085701216730430e-01
1.147100000000000009e+01,-2.965826473051192402e-01
1.147199999999999953e+01,-3.210065727363086152e-01
1.147300000000000075e+01,-3.188408926070258609e-01
1.147400000000000020e+01,-3.506205339282822964e-01
1.147499999999999964e+01,-3.483520137728848276e-01
1.147600000000000087e+01,-3.389649030529844898e-01
1.147700000000000031e+01,-3.009445304664907783e-01
1.147799999999999976e+01,-3.114364059711125510e-01
1.147900000000000098e+01,-2.739129610918625279e-01
1.148000000000000043e+01,-2.066342915017335968e-01
1.148099999999999987e+01,-2.224842265002920927e-01
1.148200000000000109e+01,-1.543763904296658329e-01
1.148300000000000054e+01,-1.359440253010341659e-01
1.148399999999999999e+01,-1.173921777502018038e-01
1.148499999999999943e+01,-1.092874774544170813e-01
1.148600000000000065e+01,-1.394846558143539306e-01
1.148700000000000010e+01,-1.008205902576441992e-01
1.148799999999999955e+01,-1.813231292601651945e-01
1.148900000000000077e+01,-2.053082612747898217e-01
1.149000000000000021e+01,-1.901809389152985530e-01
1.149099999999999966e+01,-2.165804101486194511e-01
1.149200000000000088e+01,-2.283304086580144054e-01
1.149300000000000033e+01,-2.409673138870105091e-01
1.149399999999999977e+01,-2.932994450241316886e-01
1.149500000000000099e+01,-2.585761902468898255e-01
1.149600000000000044e+01,-2.945550830292094635e-01
1.149699999999999989e+01,-2.807801687050693884e-01
1.149800000000000111e+01,-1.953355568597173186e-01
1.149900000000000055e+01,-1.876129818050804587e-01
1.150000000000000000e+01,-1.691073705325336907e-01
1.150099999999999945e+01,-1.128975246872262195e-01
1.150200000000000067e+01,-6.385106699664877539e-02
1.150300000000000011e+01,-5.434044997561877921e-02
1.150399999999999956e+01,-5.456436890534265005e-02
1.150500000000000078e+01,-3.312231949214047844e-02
1.150600000000000023e+01,-2.608489862815162319e-02
1.150699999999999967e+01,-5.338372011993593180e-02
1.150800000000000090e+01,-5.021213826436195238e-02
1.150900000000000034e+01,-8.280115013067682050e-02
1.150999999999999979e+01,-1.216720133621040228e-01
1.151100000000000101e+01,-1.444267391851516147e-01
1.151200000000000045e+01,-1.337501501893703371e-01
1.151299999999999990e+01,-1.937283851870104656e-01
1.151400000000000112e+01,-1.806126405560613546e-01
1.151500000000000057e+01,-2.120206950464497975e-01
1.151600000000000001e+01,-2.009212477437818389e-01
1.151699999999999946e+01,-1.798521934579495329e-01
1.151800000000000068e+01,-1.248028577921888871e-01
1.151900000000000013e+01,-1.005392239711594971e-01
1.151999999999999957e+01,-7.644860282589026335e-02
1.152100000000000080e+01,-5.014409254148246425e-02
1.152200000000000024e+01,1.493456202587296194e-02
1.152299999999999969e+01,5.456164906980173757e-02
1.152400000000000091e+01,6.167871390087703576e-04
1.152500000000000036e+01,6.552062218820119133e-02
1.152599999999999980e+01,3.295738177091681737e-02
1.152700000000000102e+01,2.356301135273162345e-02
1.152800000000000047e+01,4.826023617264064286e-02
1.152899999999999991e+01,2.632623169455564766e-03
1.152999999999999936e+01,-2.176217675235667809e-02
1.153100000000000058e+01,-5.650676553369861355e-02
1.153200000000000003e+01,-8.515944649556134172e-02
1.153299999999999947e+01,-9.600617921871092142e-02
1.153400000000000070e+01,-1.344862006672214449e-01
1.153500000000000014e+01,-1.358840075157558558e-01
1.153599999999999959e+01,-1.062597474640409184e-01
1.153700000000000081e+01,-1.085710236776753906e-01
1.153800000000000026e+01,-6.674118402579311271e-02
1.153899999999999970e+01,-3.071248056986162697e-02
1.154000000000000092e+01,-1.153374314867165046e-02
1.154100000000000037e+01,1.876824003169559954e-02
1.154199999999999982e+01,3.747630517470166428e-02
1.154300000000000104e+01,8.988846405253655969e-02
1.154400000000000048e+01,1.053482977789097080e-01
1.154499999999999993e+01,1.323680693932454688e-01
1.154599999999999937e+01,8.171407200881382338e-02
1.154700000000000060e+01,8.368080278397937999e-02
1.154800000000000004e+01,9.150044594592160463e-02
1.154899999999999949e+01,8.122690299077098275e-02
1.155000000000000071e+01,4.738282211316151293e-02
1.155100000000000016e+01,-2.635616108878389291e-03
1.155199999999999960e+01,2.511599187677446277e-03
1.155300000000000082e+01,-1.741188322194101024e-02
1.155400000000000027e+01,-8.694088499059865471e-03
1.155499999999999972e+01,-5.007069793539638269e-02
1.155600000000000094e+01,-5.596542735360637844e-02
1.155700000000000038e+01,-1.850305315714262377e-02
1.155799999999999983e+01,2.647969522084904492e-02
1.155900000000000105e+01,4.735391324984554451e-02
1.156000000000000050e+01,9.233032131019458522e-02
1.156099999999999994e+01,1.094276834145097577e-01
1.156199999999999939e+01,1.363109508767022804e-01
1.156300000000000061e+01,1.954875785778650010e-01
1.156400000000000006e+01,2.412508335512975610e-01
1.156499999999999950e+01,2.311171048723724697e-01
1.156600000000000072e+01,1.928798793351814700e-01
1.156700000000000017e+01,2.066038150506405158e-01
1.156799999999999962e+01,1.288802519823603332e-01
1.156900000000000084e+01,1.806929293682906501e-01
1.157000000000000028e+01,1.090971997132976073e-01
1.157099999999999973e+01,1.144472905551250919e-01
1.157200000000000095e+01,8.348590713936460128e-02
1.157300000000000040e+01,7.058142233799198639e-02
1.157399999999999984e+01,6.496078995637266651e-02
1.157500000000000107e+01,7.964674146540381972e-02
1.157600000000000051e+01,9.060176090755302225e-02
1.157699999999999996e+01,5.689192693620900854e-02
1.157799999999999940e+01,1.146772726426615180e-01
1.157900000000000063e+01,1.280283714318430910e-01
1.158000000000000007e+01,1.637460070449244798e-01
1.158099999999999952e+01,2.199003465477960551e-01
1.158200000000000074e+01,2.292883147061897942e-01
1.158300000000000018e+01,2.589825538558140350e-01
1.158399999999999963e+01,2.978698660818720478e-01
1.158500000000000085e+01,2.943465106239125939e-01
1.158600000000000030e+01,2.876623495835294864e-01
1.158699999999999974e+01,2.783939600755960253e-01
1.158800000000000097e+01,2.285714518223845582e-01
1.158900000000000041e+01,2.123854709519142903e-01
1.158999999999999986e+01,2.158555610617202691e-01
1.159100000000000108e+01,1.584686363892355287e-01
1.159200000000000053e+01,1.632964664831968726e-01
1.159299999999999997e+01,1.238207339952583086e-01
1.159399999999999942e+01,1.470353088652653351e-01
1.159500000000000064e+01,1.034742808354722210e-01
1.159600000000000009e+01,1.328175219401274143e-01
1.159699999999999953e+01,1.531543076760012445e-01
1.159800000000000075e+01,1.799741693095643913e-01
1.159900000000000020e+01,1.907927617056242586e-01
1.159999999999999964e+01,2.671302269561257048e-01
1.160100000000000087e+01,2.854028298107865180e-01
1.160200000000000031e+01,2.889012219601793108e-01
1.160299999999999976e+01,3.201696014112080935e-01
1.160400000000000098e+01,3.836973821330489365e-01
1.160500000000000043e+01,3.243630544223580214e-01
1.160599999999999987e+01,3.641043234832710418e-01
1.160700000000000109e+01,3.181731803383545110e-01
1.160800000000000054e+01,3.047164780789684002e-01
1.160899999999999999e+01,2.800622802910786580e-01
1.160999999999999943e+01,3.030342056077186541e-01
1.161100000000000065e+01,2.325116613597439374e-01
1.161200000000000010e+01,1.927912593236508210e-01
1.161299999999999955e+01,1.976330208523667531e-01
1.161400000000000077e+01,1.933647425334752423e-01
1.161500000000000021e+01,2.014405801757874481e-01
1.161599999999999966e+01,1.940534627839276549e-01
1.161700000000000088e+01,2.227850466625240222e-01
1.161800000000000033e+01,2.546738147803214170e-01
1.161899999999999977e+01,2.735039655586396501e-01
1.162000000000000099e+01,3.141163136074254791e-01
1.162100000000000044e+01,3.627845022567632305e-01
1.162199999999999989e+01,3.693129690561426370e-01
1.162300000000000111e+01,3.828370778497429128e-01
1.162400000000000055e+01,4.013012485709361865e-01
1.162500000000000000e+01,4.559814225662961462e-01
1.162599999999999945e+01,4.054629883367673049e-01
1.162700000000000067e+01,3.759901982362878758e-01
1.162800000000000011e+01,3.957977950163928949e-01
1.162899999999999956e+01,3.457844486899043224e-01
1.163000000000000078e+01,3.175862862498592398e-01
1.163100000000000023e+01,2.828955258553759178e-01
1.163199999999999967e+01,2.880841665633973592e-01
1.163300000000000090e+01,2.479310667005750202e-01
1.163400000000000034e+01,2.193689531374814761e-01
1.163499999999999979e+01,2.947913348215669416e-01
1.163600000000000101e+01,2.343116045815045179e-01
1.163700000000000045e+01,2.690345986971537928e-01
1.163799999999999990e+01,3.004391714526442048e-01
1.163900000000000112e+01,3.328704887027683079e-01
1.164000000000000057e+01,3.892936326382513967e-01
1.164100000000000001e+01,3.939491269885154190e-01
1.164199999999999946e+01,4.539942915757879671e-01
1.164300000000000068e+01,4.091523495544467370e-01
1.164400000000000013e+01,4.840792114290001225e-01
1.164499999999999957e+01,4.466014714166667288e-01
1.164600000000000080e+01,4.498629847146469740e-01
1.164700000000000024e+01,4.828357569485322576e-01
1.164799999999999969e+01,4.372796568248555893e-01
1.164900000000000091e+01,4.111856443606175526e-01
1.165000000000000036e+01,3.967325236488546958e-01
1.165099999999999980e+01,3.915149937791405077e-01
1.165200000000000102e+01,3.613923713287880979e-01
1.165300000000000047e+01,2.783581810817664648e-01
1.165399999999999991e+01,2.935614133132180559e-01
1.165499999999999936e+01,2.852824673483019824e-01
1.165600000000000058e+01,3.097592957338621833e-01
1.165700000000000003e+01,3.493144516898363250e-01
1.165799999999999947e+01,3.163479019613433252e-01
1.165900000000000070e+01,3.737870600612971383e-01
1.166000000000000014e+01,3.976066211153830854e-01
1.166099999999999959e+01,4.861212598511486238e-01
1.166200000000000081e+01,4.937194127358806028e-01
1.166300000000000026e+01,1.522092394670200965e+00
1.166399999999999970e+01,8.421888648213630146e-01
1.166500000000000092e+01,2.935179741955737387e-02
1.166600000000000037e+01,5.109614524061885099e-01
1.166699999999999982e+01,4.822200994055964030e-01
1.166800000000000104e+01,5.030604896496149170e-01
1.166900000000000048e+01,4.768263163867353938e-01
1.166999999999999993e+01,4.154991475394701483e-01
1.167099999999999937e+01,4.257100634550315399e-01
1.167200000000000060e+01,3.673351420576350668e-01
1.167300000000000004e+01,3.640156020384677227e-01
1.167399999999999949e+01,3.897912105928250659e-01
1.167500000000000071e+01,3.637642877658643359e-01
1.167600000000000016e+01,3.379001271912511761e-01
1.167699999999999960e+01,3.951128367117116014e-01
1.167800000000000082e+01,3.936612294441056425e-01
1.167900000000000027e+01,4.105109091106559083e-01
1.167999999999999972e+01,4.513080060962771367e-01
1.168100000000000094e+01,4.891399831632978756e-01
1.168200000000000038e+01,5.181275726188022679e-01
1.168299999999999983e+01,5.556914244699507899e-01
1.168400000000000105e+01,5.883894734456701636e-01
1.168500000000000050e+01,6.077715072714134914e-01
1.168599999999999994e+01,5.434468334791775490e-01
1.168699999999999939e+01,5.306013547841600397e-01
1.168800000000000061e+01,5.465586546892233777e-01
1.168900000000000006e+01,5.122769066673605876e-01
1.168999999999999950e+01,4.570101673186833802e-01
1.169100000000000072e+01,4.500538735643545563e-01
1.169200000000000017e+01,4.245876809692028520e-01
1.169299999999999962e+01,4.124107266277771133e-01
1.169400000000000084e+01,3.817787199772444962e-01
1.169500000000000028e+01,3.888220300045539535e-01
1.169599999999999973e+01,3.840693562799780691e-01
1.169700000000000095e+01,3.986720875886630155e-01
1.169800000000000040e+01,4.070359425401584019e-01
1.169899999999999984e+01,4.120619718666410636e-01
1.170000000000000107e+01,5.085620439393289116e-01
1.170100000000000051e+01,5.379122722773292953e-01
1.170199999999999996e+01,5.321136669498311988e-01
1.170299999999999940e+01,5.706187780939200316e-01
1.170400000000000063e+01,5.946069672947758011e-01
1.170500000000000007e+01,6.106252767518176583e-01
1.170599999999999952e+01,6.157517294764429661e-01
1.170700000000000074e+01,5.645276955332976243e-01
1.170800000000000018e+01,5.303705625002023138e-01
1.170899999999999963e+01,5.129959098826384345e-01
1.171000000000000085e+01,5.035837985913015347e-01
1.171100000000000030e+01,4.556567078896673340e-01
1.171199999999999974e+01,4.147254746161532224e-01
1.171300000000000097e+01,4.350629206402568672e-01
1.171400000000000041e+01,4.046497196228897586e-01
1.171499999999999986e+01,3.923803639856074943e-01
1.171600000000000108e+01,4.044733829553526783e-01
1.171700000000000053e+01,3.686566320647923223e-01
1.171799999999999997e+01,4.530426794444484817e-01
1.171899999999999942e+01,4.538325395902564341e-01
1.172000000000000064e+01,5.144288932920720869e-01
1.172100000000000009e+01,5.283138737255012041e-01
1.172199999999999953e+01,5.868460121425691511e-01
1.172300000000000075e+01,5.820361518911404408e-01
1.172400000000000020e+01,5.938405422159335201e-01
1.172499999999999964e+01,5.855061989828923563e-01
1.172600000000000087e+01,5.998054750973534910e-01
1.172700000000000031e+01,5.835271466111243699e-01
1.172799999999999976e+01,5.721816916933794017e-01
1.172900000000000098e+01,5.432001752038773112e-01
1.173000000000000043e+01,4.677395242696816280e-01
1.173099999999999987e+01,4.549822586229387289e-01
1.173200000000000109e+01,4.353778729216131738e-01
1.173300000000000054e+01,4.409900402682515042e-01
1.173399999999999999e+01,4.377822473575436746e-01
1.173499999999999943e+01,3.850136322207114992e-01
1.173600000000000065e+01,4.197750471724708277e-01
1.173700000000000010e+01,4.111824878805939165e-01
1.173799999999999955e+01,4.591610006879660588e-01
1.173900000000000077e+01,4.716266313609342453e-01
1.174000000000000021e+01,5.103114268990310842e-01
1.174099999999999966e+01,5.312344575383711742e-01
1.174200000000000088e+01,5.174236442041647566e-01
1.174300000000000033e+01,5.688901516180288054e-01
1.174399999999999977e+01,6.167773636903408629e-01
1.174500000000000099e+01,5.884915181846503973e-01
1.174600000000000044e+01,5.822933842210893385e-01
1.174699999999999989e+01,6.010088329746012814e-01
1.174800000000000111e+01,5.270184533352187950e-01
1.174900000000000055e+01,5.291484085351740863e-01
1.175000000000000000e+01,5.126337069153064085e-01
1.175099999999999945e+01,4.935051177984578485e-01
1.175200000000000067e+01,4.097623706330176807e-01
1.175300000000000011e+01,3.891589305272927790e-01
1.175399999999999956e+01,3.928896237626986476e-01
1.175500000000000078e+01,3.853760622744542008e-01
1.175600000000000023e+01,4.154425320847852099e-01
1.175699999999999967e+01,3.959162785816690011e-01
1.175800000000000090e+01,4.157916087951800677e-01
1.175900000000000034e+01,4.537415438282565994e-01
1.175999999999999979e+01,4.976975077906399259e-01
1.176100000000000101e+01,5.039177038628975813e-01
1.176200000000000045e+01,5.649636986954149620e-01
1.176299999999999990e+01,5.745648127255953419e-01
1.176400000000000112e+01,5.899452832036478078e-01
1.176500000000000057e+01,5.863301857039850962e-01
1.176600000000000001e+01,5.756215037061614970e-01
1.176699999999999946e+01,5.802299033521213234e-01
1.176800000000000068e+01,5.363838973317731629e-01
1.176900000000000013e+01,5.043759024074749853e-01
1.176999999999999957e+01,5.243786938451849844e-01
1.177100000000000080e+01,4.243551770002124135e-01
1.177200000000000024e+01,4.181581228088421254e-01
1.177299999999999969e+01,4.122811925058514904e-01
1.177400000000000091e+01,3.719395780060069656e-01
1.177500000000000036e+01,3.387235251137449277e-01
1.177599999999999980e+01,3.738377574233111011e-01
1.177700000000000102e+01,3.933456298215489699e-01
1.177800000000000047e+01,4.001713223968744182e-01
1.177899999999999991e+01,4.227100524474575738e-01
1.177999999999999936e+01,4.432846164010135204e-01
1.178100000000000058e+01,4.530000495660667093e-01
1.178200000000000003e+01,5.365432453575498251e-01
1.178299999999999947e+01,4.970440979431575701e-01
1.178400000000000070e+01,5.442393241807763626e-01
1.178500000000000014e+01,5.608229888613098790e-01
1.178599999999999959e+01,5.422405439003388228e-01
1.178700000000000081e+01,5.117602230408835329e-01
1.178800000000000026e+01,4.671927076633237697e-01
1.178899999999999970e+01,4.624528685837519526e-01
1.179000000000000092e+01,4.266517442220476575e-01
1.179100000000000037e+01,4.086297624688730035e-01
1.179199999999999982e+01,3.686009943831836111e-01
1.179300000000000104e+01,3.472842240857643148e-01
1.179400000000000048e+01,3.644330015788873611e-01
1.179499999999999993e+01,3.144477332757805721e-01
1.179599999999999937e+01,3.189215293901150883e-01
1.179700000000000060e+01,3.270281932639240163e-01
1.179800000000000004e+01,3.932429387434102086e-01
1.179899999999999949e+01,4.302775468903659029e-01
1.180000000000000071e+01,4.480992816886371632e-01
1.180100000000000016e+01,4.480971043794230169e-01
1.180199999999999960e+01,4.514527616479210859e-01
1.180300000000000082e+01,4.810855234374619149e-01
1.180400000000000027e+01,4.552596129252254320e-01
1.180499999999999972e+01,5.287645775837056528e-01
1.180600000000000094e+01,5.098847502838425028e-01
1.180700000000000038e+01,4.872872140620687631e-01
1.180799999999999983e+01,4.114960869530390752e-01
1.180900000000000105e+01,4.350384018714846812e-01
1.181000000000000050e+01,3.451694469407331489e-01
1.181099999999999994e+01,3.940597820399219242e-01
1.181199999999999939e+01,3.133995858006041746e-01
1.181300000000000061e+01,3.686980170550960834e-01
1.181400000000000006e+01,2.818444810981803883e-01
1.181499999999999950e+01,2.944202172238530313e-01
1.181600000000000072e+01,3.279285378981116050e-01
1.181700000000000017e+01,3.048803144522917452e-01
1.181799999999999962e+01,3.416062912238177485e-01
1.181900000000000084e+01,3.193438068234645821e-01
1.182000000000000028e+01,3.329641245641543623e-01
1.182099999999999973e+01,3.963622575924432567e-01
1.182200000000000095e+01,4.344135803137860186e-01
1.182300000000000040e+01,3.953920954340267024e-01
1.182399999999999984e+01,5.062540001497684017e-01
1.182500000000000107e+01,5.016265737981432382e-01
1.182600000000000051e+01,4.625564466619812576e-01
1.182699999999999996e+01,4.343268832039305360e-01
1.182799999999999940e+01,4.101742654254496023e-01
1.182900000000000063e+01,3.465077410351520282e-01
1.183000000000000007e+01,3.719568333136794025e-01
1.183099999999999952e+01,3.281008190708283312e-01
1.183200000000000074e+01,2.604772608401567657e-01
1.183300000000000018e+01,2.533798079656391922e-01
1.183399999999999963e+01,2.412591233177206751e-01
1.183500000000000085e+01,2.705247126232158683e-01
1.183600000000000030e+01,2.205843989455568699e-01
1.183699999999999974e+01,2.817434536702801973e-01
1.183800000000000097e+01,2.337902951592946421e-01
1.183900000000000041e+01,3.029876601830002736e-01
1.183999999999999986e+01,2.954050761618484677e-01
1.184100000000000108e+01,3.512462282010885284e-01
1.184200000000000053e+01,3.194379008599592118e-01
1.184299999999999997e+01,4.120598256893509004e-01
1.184399999999999942e+01,4.040686565506578232e-01
1.184500000000000064e+01,4.057856130917079085e-01
1.184600000000000009e+01,3.652602800215530854e-01
1.184699999999999953e+01,3.319296198181737600e-01
1.184800000000000075e+01,3.728123956990061494e-01
1.184900000000000020e+01,3.139767956467831578e-01
1.184999999999999964e+01,2.709672364609121420e-01
1.185100000000000087e+01,2.504852042238835397e-01
1.185200000000000031e+01,2.348201820638065873e-01
1.185299999999999976e+01,1.644760149100809865e-01
1.185400000000000098e+01,1.138342390495756251e-01
1.185500000000000043e+01,1.730109436101681941e-01
1.185599999999999987e+01,1.546746929167497342e-01
1.185700000000000109e+01,1.669272698235387820e-01
1.185800000000000054e+01,2.358065242198811584e-01
1.185899999999999999e+01,2.194355873452228933e-01
1.185999999999999943e+01,2.398461372416994808e-01
1.186100000000000065e+01,2.412731530036912320e-01
1.186200000000000010e+01,3.010248385385424497e-01
1.186299999999999955e+01,3.275458831122817216e-01
1.186400000000000077e+01,3.143446807420886557e-01
1.186500000000000021e+01,3.568524045207224216e-01
1.186599999999999966e+01,3.131807970020059617e-01
1.186700000000000088e+01,3.381984521203792449e-01
1.186800000000000033e+01,2.730293524779618397e-01
1.186899999999999977e+01,2.298424728169153886e-01
1.187000000000000099e+01,2.498310440574820490e-01
1.187100000000000044e+01,1.562834580385515093e-01
1.187199999999999989e+01,1.771160033040735660e-01
1.187300000000000111e+01,9.855213725624756282e-02
1.187400000000000055e+01,1.142558107101082354e-01
1.187500000000000000e+01,6.778080879924244795e-02
1.187599999999999945e+01,6.491834880583269296e-02
1.187700000000000067e+01,1.073071789327248032e-01
1.187800000000000011e+01,1.215307386065919287e-01
1.187899999999999956e+01,1.196302008872264927e-01
1.188000000000000078e+01,1.732275009653431730e-01
1.188100000000000023e+01,1.854788093145881833e-01
1.188199999999999967e+01,2.316795038339874435e-01
1.188300000000000090e+01,2.356832921833576511e-01
1.188400000000000034e+01,2.520249692549990095e-01
1.188499999999999979e+01,2.265822064346725284e-01
1.188600000000000101e+01,2.467897816649688991e-01
1.188700000000000045e+01,2.182876983103906876e-01
1.188799999999999990e+01,1.799822041046745258e-01
1.188900000000000112e+01,1.876456688857265354e-01
1.189000000000000057e+01,1.580869713101569207e-01
1.189100000000000001e+01,6.469545745134813730e-02
1.189199999999999946e+01,6.476259347294430202e-02
1.189300000000000068e+01,4.986577204280442932e-02
1.189400000000000013e+01,4.294242022969937955e-02
1.189499999999999957e+01,1.371481319182840664e-02
1.189600000000000080e+01,4.107387444470270155e-03
1.189700000000000024e+01,-1.403129592101332035e-02
1.189799999999999969e+01,3.807814759951269612e-02
1.189900000000000091e+01,6.260921650451536924e-02
1.190000000000000036e+01,8.603538676684760467e-02
1.190099999999999980e+01,1.630424216473248811e-01
1.190200000000000102e+01,1.550108500730224548e-01
1.190300000000000047e+01,1.626325910888932191e-01
1.190399999999999991e+01,1.552875080937404506e-01
1.190499999999999936e+01,1.564478143115247410e-01
1.190600000000000058e+01,1.469835151941419615e-01
1.190700000000000003e+01,1.311915730173210670e-01
1.190799999999999947e+01,1.096839517932059749e-01
1.190900000000000070e+01,8.777012418238228086e-02
1.191000000000000014e+01,5.027038372612238626e-02
1.191099999999999959e+01,-2.733004234081442413e-03
1.191200000000000081e+01,1.695158801146692124e-02
1.191300000000000026e+01,-1.775851716071034925e-02
1.191399999999999970e+01,-6.916303010095654902e-02
1.191500000000000092e+01,-6.600669245570484067e-02
1.191600000000000037e+01,-4.558112698497966686e-02
1.191699999999999982e+01,-6.703748378236996930e-02
1.191800000000000104e+01,-2.196448096278538070e-02
1.191900000000000048e+01,6.180071045576232547e-03
1.191999999999999993e+01,8.665147621619686061e-03
1.192099999999999937e+01,2.220246084869115927e-02
1.192200000000000060e+01,4.870665137120570864e-02
1.192300000000000004e+01,8.774139277460688002e-02
1.192399999999999949e+01,6.750065852135117561e-02
1.192500000000000071e+01,7.666663637197296266e-02
1.192600000000000016e+01,6.629295237410476327e-02
1.192699999999999960e+01,8.207065526238184472e-02
1.192800000000000082e+01,-3.448650376856231270e-03
1.192900000000000027e+01,9.963706991637608090e-03
1.192999999999999972e+01,-5.296373982242399969e-02
1.193100000000000094e+01,-7.658028132380956254e-02
1.193200000000000038e+01,-4.402562525139804006e-02
1.193299999999999983e+01,-1.283146325660183829e-01
1.193400000000000105e+01,-1.019061896092954278e-01
1.193500000000000050e+01,-1.415871510482514806e-01
1.193599999999999994e+01,-1.128670658735409088e-01
1.193699999999999939e+01,-1.805245489963499539e-01
1.193800000000000061e+01,-1.115127301716186126e-01
1.193900000000000006e+01,-5.026492551921633162e-02
1.193999999999999950e+01,-4.723870797624375728e-02
1.194100000000000072e+01,-5.235055504203588173e-02
1.194200000000000017e+01,-4.088251469440980224e-02
1.194299999999999962e+01,-1.478816049057649074e-02
1.194400000000000084e+01,-1.025384054779157617e-03
1.194500000000000028e+01,-1.890018940681684190e-02
1.194599999999999973e+01,-3.095958751586955215e-03
1.194700000000000095e+01,-3.246833051289053917e-02
1.194800000000000040e+01,-3.852132295644704330e-02
1.194899999999999984e+01,-1.034699303631953365e-01
1.195000000000000107e+01,-1.037579908947303398e-01
1.195100000000000051e+01,-1.532386980969827339e-01
1.195199999999999996e+01,-1.821196686798825792e-01
1.195299999999999940e+01,-2.366972626313463279e-01
1.195400000000000063e+01,-2.016997364179147212e-01
1.195500000000000007e+01,-2.054200915920106341e-01
1.195599999999999952e+01,-2.146391491436761001e-01
1.195700000000000074e+01,-2.365261998534548549e-01
1.195800000000000018e+01,-1.805177809320841487e-01
1.195899999999999963e+01,-1.406569364000218592e-01
1.196000000000000085e+01,-9.193571737585984338e-02
1.196100000000000030e+01,-8.260409056107834158e-02
1.196199999999999974e+01,-9.331770188936644450e-02
1.196300000000000097e+01,-6.407641758984095048e-02
1.196400000000000041e+01,-4.098910983187616097e-02
1.196499999999999986e+01,-7.222938398325667864e-02
1.196600000000000108e+01,-8.567380729996663946e-02
1.196700000000000053e+01,-1.067275545428386374e-01
1.196799999999999997e+01,-1.317278430715277393e-01
1.196899999999999942e+01,-1.689047516060663279e-01
1.197000000000000064e+01,-1.445319020071728078e-01
1.197100000000000009e+01,-2.464796871508499465e-01
1.197199999999999953e+01,-2.545649214944272209e-01
1.197300000000000075e+01,-2.719103426476692231e-01
1.197400000000000020e+01,-3.052443575443000157e-01
1.197499999999999964e+01,-2.990277828924486903e-01
1.197600000000000087e+01,-2.785049974189145461e-01
1.197700000000000031e+01,-2.858576266308469616e-01
1.197799999999999976e+01,-2.786530495991834111e-01
1.197900000000000098e+01,-2.546655977773459312e-01
1.198000000000000043e+01,-1.997761231175247121e-01
1.198099999999999987e+01,-2.126678896049911671e-01
1.198200000000000109e+01,-1.380036909078599661e-01
1.198300000000000054e+01,-1.735883137972978330e-01
1.198399999999999999e+01,-1.585536018414881454e-01
1.198499999999999943e+01,-1.584485079791239370e-01
1.198600000000000065e+01,-1.456332473363400326e-01
1.198700000000000010e+01,-1.699273188469318796e-01
1.198799999999999955e+01,-1.882794664252933348e-01
1.198900000000000077e+01,-1.932200545324970486e-01
1.199000000000000021e+01,-2.609306948498976153e-01
1.199099999999999966e+01,-2.977608708631355183e-01
1.199200000000000088e+01,-3.295369867049710577e-01
1.199300000000000033e+01,-3.486866498538283010e-01
1.199399999999999977e+01,-3.401700449153683969e-01
1.199500000000000099e+01,-3.466171556916617380e-01
1.199600000000000044e+01,-3.869183183839753348e-01
1.199699999999999989e+01,-3.664572016158822998e-01
1.199800000000000111e+01,-3.390467407631801433e-01
1.199900000000000055e+01,-3.391267847498943278e-01
1.200000000000000000e+01,-2.921964227129111302e-01
1.200099999999999945e+01,-2.649588435903941774e-01
1.200200000000000067e+01,-2.259528148666431202e-01
1.200300000000000011e+01,-2.152967555377909847e-01
1.200399999999999956e+01,-1.909757527539674427e-01
1.200500000000000078e+01,-1.960633846172763206e-01
1.200600000000000023e+01,-2.221850553753191848e-01
1.200699999999999967e+01,-2.414455668632706775e-01
1.200800000000000090e+01,-2.616652034801916216e-01
1.200900000000000034e+01,-2.692209682787736202e-01
1.200999999999999979e+01,-3.079582766152288431e-01
1.201100000000000101e+01,-3.797390695280316031e-01
1.201200000000000045e+01,-4.007856889430392866e-01
1.201299999999999990e+01,-4.262181605749937319e-01
1.201400000000000112e+01,-4.371156030472777010e-01
1.201500000000000057e+01,-4.544274218016999267e-01
1.201600000000000001e+01,-4.259849544945155664e-01
1.201699999999999946e+01,-4.418266280788004652e-01
1.201800000000000068e+01,-4.189051904800651926e-01
1.201900000000000013e+01,-3.706814037035339182e-01
1.201999999999999957e+01,-3.532824832159827677e-01
1.202100000000000080e+01,-3.454358360500113245e-01
1.202200000000000024e+01,-2.840733183660729133e-01
1.202299999999999969e+01,-2.906999454061264254e-01
1.202400000000000091e+01,-2.862990318008970525e-01
1.202500000000000036e+01,-2.328172744329639887e-01
1.202599999999999980e+01,-2.713831170500350387e-01
1.202700000000000102e+01,-3.145874857317561002e-01
1.202800000000000047e+01,-3.196755592777195121e-01
1.202899999999999991e+01,-3.362595233735068412e-01
1.203000000000000114e+01,-3.884742042691652353e-01
1.203100000000000058e+01,-4.090208471709666505e-01
1.203200000000000003e+01,-4.328265302027731742e-01
1.203299999999999947e+01,-4.868664924387015036e-01
1.203400000000000070e+01,-4.602803590274781032e-01
1.203500000000000014e+01,-4.858129400958016708e-01
1.203599999999999959e+01,-4.890256292427352935e-01
1.203700000000000081e+01,-4.595711012747430990e-01
1.203800000000000026e+01,-4.042818681787297419e-01
1.203899999999999970e+01,-4.051038673129646051e-01
1.204000000000000092e+01,-4.273509296305592620e-01
1.204100000000000037e+01,-4.123307986425621130e-01
1.204199999999999982e+01,-3.846682302678244847e-01
1.204300000000000104e+01,-3.242621384792347405e-01
1.204400000000000048e+01,-3.694594325535928703e-01
1.204499999999999993e+01,-3.058791621627954260e-01
1.204599999999999937e+01,-2.864639908284639658e-01
1.204700000000000060e+01,-3.393152936137573961e-01
1.204800000000000004e+01,-3.561398802318433976e-01
1.204899999999999949e+01,-4.070945956429204426e-01
1.205000000000000071e+01,-4.381879731931282440e-01
1.205100000000000016e+01,-4.771137663878831092e-01
1.205199999999999960e+01,-4.979649602928463703e-01
1.205300000000000082e+01,-5.084136026210571702e-01
1.205400000000000027e+01,-5.440993158013427422e-01
1.205499999999999972e+01,-5.507744728962464809e-01
1.205600000000000094e+01,-5.252137239542993274e-01
1.205700000000000038e+01,-5.095922999133142284e-01
1.205799999999999983e+01,-5.022880367281313818e-01
1.205900000000000105e+01,-4.741268178965338809e-01
1.206000000000000050e+01,-4.639283629442115808e-01
1.206099999999999994e+01,-4.200104493785237203e-01
1.206199999999999939e+01,-3.562635106352019521e-01
1.206300000000000061e+01,-3.692938078150190817e-01
1.206400000000000006e+01,-3.882169301934402794e-01
1.206499999999999950e+01,-3.831552848052839355e-01
1.206600000000000072e+01,-3.666422142857727606e-01
1.206700000000000017e+01,-3.872446469767567012e-01
1.206799999999999962e+01,-3.932034663330720714e-01
1.206900000000000084e+01,-4.458269042320373021e-01
1.207000000000000028e+01,-4.422516652118003155e-01
1.207099999999999973e+01,-4.936324466536021194e-01
1.207200000000000095e+01,-5.002016576836524342e-01
1.207300000000000040e+01,-5.547819279744943266e-01
1.207399999999999984e+01,-5.805166788034288317e-01
1.207500000000000107e+01,-5.881772142677759163e-01
1.207600000000000051e+01,-5.636803151894588249e-01
1.207699999999999996e+01,-5.708436964144176784e-01
1.207799999999999940e+01,-5.616980741500315899e-01
1.207900000000000063e+01,-5.165853709910458447e-01
1.208000000000000007e+01,-5.056122518754678774e-01
1.208099999999999952e+01,-4.684359409609124003e-01
1.208200000000000074e+01,-3.932545570385516109e-01
1.208300000000000018e+01,-3.823498982265363666e-01
1.208399999999999963e+01,-3.677691008493506053e-01
1.208500000000000085e+01,-3.809615805300620162e-01
1.208600000000000030e+01,-3.917088424065006680e-01
1.208699999999999974e+01,-3.657006692487634325e-01
1.208800000000000097e+01,-4.416840154053827128e-01
1.208900000000000041e+01,-4.755788873031595587e-01
1.208999999999999986e+01,-4.476413201234415995e-01
1.209100000000000108e+01,-5.114019306239785401e-01
1.209200000000000053e+01,-5.429716875114976027e-01
1.209299999999999997e+01,-5.419765515764551900e-01
1.209399999999999942e+01,-6.220464156321350302e-01
1.209500000000000064e+01,-6.394510347436335174e-01
1.209600000000000009e+01,-6.101746502500204894e-01
1.209699999999999953e+01,-5.812951734710883889e-01
1.209800000000000075e+01,-5.257153319476628450e-01
1.209900000000000020e+01,-5.101705619651160095e-01
1.209999999999999964e+01,-5.030485835879692225e-01
1.210100000000000087e+01,-4.634396231992925497e-01
1.210200000000000031e+01,-4.329849393444226147e-01
1.210299999999999976e+01,-4.153878454196490155e-01
1.210400000000000098e+01,-4.340161289715415704e-01
1.210500000000000043e+01,-4.446670437906793394e-01
1.210599999999999987e+01,-4.015084977710288716e-01
1.210700000000000109e+01,-4.110487256382159837e-01
1.210800000000000054e+01,-4.343729610463520907e-01
1.210899999999999999e+01,-4.872581417747129384e-01
1.210999999999999943e+01,-4.877580090313409777e-01
1.211100000000000065e+01,-5.306113740636503318e-01
1.211200000000000010e+01,-5.358483034453680460e-01
1.211299999999999955e+01,-6.035826648717019793e-01
1.211400000000000077e+01,-6.170947172229988009e-01
1.211500000000000021e+01,-6.094588478728696357e-01
1.211599999999999966e+01,-6.261012313817497787e-01
1.211700000000000088e+01,-5.695156012246291866e-01
1.211800000000000033e+01,-5.847479149670723464e-01
1.211899999999999977e+01,-5.202927381805327878e-01
1.212000000000000099e+01,-4.639704853018989938e-01
1.212100000000000044e+01,-4.679295453574792707e-01
1.212199999999999989e+01,-4.494848286356318279e-01
1.212300000000000111e+01,-4.042937165508509456e-01
1.212400000000000055e+01,-4.064815037986275748e-01
1.212500000000000000e+01,-4.217218376014201242e-01
1.212599999999999945e+01,-4.101439655971249598e-01
1.212700000000000067e+01,-4.316484881911538674e-01
1.212800000000000011e+01,-4.108866092776261580e-01
1.212899999999999956e+01,-4.733545629333790195e-01
1.213000000000000078e+01,-5.177033644172108762e-01
1.213100000000000023e+01,-5.297775717925697903e-01
1.213199999999999967e+01,-5.912622653996456590e-01
1.213300000000000090e+01,-6.017484274503193120e-01
1.213400000000000034e+01,-5.854248108787434290e-01
1.213499999999999979e+01,-5.985478353902776716e-01
1.213600000000000101e+01,-5.923838731120992795e-01
1.213700000000000045e+01,-6.134549539187462708e-01
1.213799999999999990e+01,-5.495985305496796647e-01
1.213900000000000112e+01,-5.179196843579713105e-01
1.214000000000000057e+01,-4.794205362505500334e-01
1.214100000000000001e+01,-4.139248402904497914e-01
1.214199999999999946e+01,-4.079020035355742091e-01
1.214300000000000068e+01,-4.029991304104503236e-01
1.214400000000000013e+01,-3.761863809119607160e-01
1.214499999999999957e+01,-3.787052922274958267e-01
1.214600000000000080e+01,-4.340325590379799925e-01
1.214700000000000024e+01,-4.276972153344628658e-01
1.214799999999999969e+01,-4.275584391956476771e-01
1.214900000000000091e+01,-4.615532343395690740e-01
1.215000000000000036e+01,-4.662833211783933285e-01
1.215099999999999980e+01,-4.803688122694523832e-01
1.215200000000000102e+01,-4.965533733954762274e-01
1.215300000000000047e+01,-5.758125265898832446e-01
1.215399999999999991e+01,-5.821954254999400780e-01
1.215500000000000114e+01,-5.717491355695658584e-01
1.215600000000000058e+01,-5.867521303924017051e-01
1.215700000000000003e+01,-5.752242055705794055e-01
1.215799999999999947e+01,-5.426922142751905431e-01
1.215900000000000070e+01,-4.940174578964401375e-01
1.216000000000000014e+01,-4.631526852961720397e-01
1.216099999999999959e+01,-4.094823519007647072e-01
1.216200000000000081e+01,-4.050806256122130855e-01
1.216300000000000026e+01,-3.777675032128122168e-01
1.216399999999999970e+01,-3.555570056745613328e-01
1.216500000000000092e+01,-3.750993649946990915e-01
1.216600000000000037e+01,-3.810367760018444350e-01
1.216699999999999982e+01,-3.462155630821854846e-01
1.216800000000000104e+01,-4.074003147216383458e-01
1.216900000000000048e+01,-4.230007899720109599e-01
1.216999999999999993e+01,-4.483301718953722759e-01
1.217099999999999937e+01,-5.052600742494570696e-01
1.217200000000000060e+01,-5.254402127307675752e-01
1.217300000000000004e+01,-5.096764664360911024e-01
1.217399999999999949e+01,-5.394189539988730742e-01
1.217500000000000071e+01,-5.825907798997912446e-01
1.217600000000000016e+01,-5.434076329730139765e-01
1.217699999999999960e+01,-5.392599688677388592e-01
1.217800000000000082e+01,-4.972750974223463238e-01
1.217900000000000027e+01,-4.964680911767628824e-01
1.217999999999999972e+01,-4.174315448469938516e-01
1.218100000000000094e+01,-3.860344125941664317e-01
1.218200000000000038e+01,-3.595767836181018029e-01
1.218299999999999983e+01,-3.648274535726029333e-01
1.218400000000000105e+01,-3.632852715263099053e-01
1.218500000000000050e+01,-3.058290783345252173e-01
1.218599999999999994e+01,-3.012163079845572855e-01
1.218699999999999939e+01,-3.221455112310745439e-01
1.218800000000000061e+01,-3.309111768202229742e-01
1.218900000000000006e+01,-4.171883068483603352e-01
1.218999999999999950e+01,-4.114094653652216049e-01
1.219100000000000072e+01,-4.555357623493216379e-01
1.219200000000000017e+01,-4.409852244947645716e-01
1.219299999999999962e+01,-4.777850561616213132e-01
1.219400000000000084e+01,-4.778802902432222055e-01
1.219500000000000028e+01,-4.949398061084625544e-01
1.219599999999999973e+01,-5.196637839980198237e-01
1.219700000000000095e+01,-4.900427915843815208e-01
1.219800000000000040e+01,-4.436000705947824030e-01
1.219899999999999984e+01,-3.896197324875084189e-01
1.220000000000000107e+01,-3.587729169690985764e-01
1.220100000000000051e+01,-3.128565472694542771e-01
1.220199999999999996e+01,-2.954435277425971895e-01
1.220299999999999940e+01,-2.788310247997813907e-01
1.220400000000000063e+01,-2.612630909764266374e-01
1.220500000000000007e+01,-2.588113761692352188e-01
1.220599999999999952e+01,-2.662884424902356995e-01
1.220700000000000074e+01,-3.173248874421303878e-01
1.220800000000000018e+01,-3.271644074853360951e-01
1.220899999999999963e+01,-3.231731520113898526e-01
1.221000000000000085e+01,-3.466873691875193564e-01
1.221100000000000030e+01,-3.937604750813170629e-01
1.221199999999999974e+01,-4.252970258209300414e-01
1.221300000000000097e+01,-4.227979984764563826e-01
1.221400000000000041e+01,-4.256612805464285443e-01
1.221499999999999986e+01,-4.877551875214215515e-01
1.221600000000000108e+01,-4.370740038633407210e-01
1.221700000000000053e+01,-4.886679679565864576e-01
1.221799999999999997e+01,-4.138744760212372809e-01
1.221899999999999942e+01,-3.470100676966836883e-01
1.222000000000000064e+01,-3.537973036998797172e-01
1.222100000000000009e+01,-3.480918651219724325e-01
1.222199999999999953e+01,-2.470486869608365110e-01
1.222300000000000075e+01,-2.274734634008298562e-01
1.222400000000000020e+01,-2.335797735219059534e-01
1.222499999999999964e+01,-1.806044746951883384e-01
1.222600000000000087e+01,-2.166500966256942884e-01
1.222700000000000031e+01,-2.482023484850891804e-01
1.222799999999999976e+01,-2.510875107305466925e-01
1.222900000000000098e+01,-3.095827790903825649e-01
1.223000000000000043e+01,-3.288960068141224546e-01
1.223099999999999987e+01,-3.012071877738725090e-01
1.223200000000000109e+01,-3.385994730910245609e-01
1.223300000000000054e+01,-3.844582900432625960e-01
1.223399999999999999e+01,-3.360671924885927919e-01
1.223499999999999943e+01,-4.202123340507647464e-01
1.223600000000000065e+01,-3.560034251001294447e-01
1.223700000000000010e+01,-3.465327553856576981e-01
1.223799999999999955e+01,-3.620511572498711916e-01
1.223900000000000077e+01,-2.886782298634624766e-01
1.224000000000000021e+01,-2.473059733747892119e-01
1.224099999999999966e+01,-2.168948313874237144e-01
1.224200000000000088e+01,-1.889008291134801620e-01
1.224300000000000033e+01,-1.754325177800802882e-01
1.224399999999999977e+01,-1.488148085750303773e-01
1.224500000000000099e+01,-1.707592134392350858e-01
1.224600000000000044e+01,-1.310846212321337134e-01
1.224699999999999989e+01,-1.311401559019085838e-01
1.224800000000000111e+01,-2.044617896674634505e-01
1.224900000000000055e+01,-1.814556937282456872e-01
1.225000000000000000e+01,-2.199911472645770805e-01
1.225099999999999945e+01,-2.446547977299173560e-01
1.225200000000000067e+01,-2.867889525009906793e-01
1.225300000000000011e+01,-2.629884027432785043e-01
1.225399999999999956e+01,-2.969532905858900951e-01
1.225500000000000078e+01,-3.118933178719704991e-01
1.225600000000000023e+01,-3.301313085059078833e-01
1.225699999999999967e+01,-2.544794191553653717e-01
1.225800000000000090e+01,-2.919491769172050111e-01
1.225900000000000034e+01,-2.477636737258124278e-01
1.225999999999999979e+01,-1.529416857967483279e-01
1.226100000000000101e+01,-1.569006460749101661e-01
1.226200000000000045e+01,-1.084840250605573764e-01
1.226299999999999990e+01,-8.802244777316413360e-02
1.226400000000000112e+01,-8.482042644324241931e-02
1.226500000000000057e+01,-1.040545371570761324e-01
1.226600000000000001e+01,-6.749379480440982626e-02
1.226699999999999946e+01,-8.087695087214843981e-02
1.226800000000000068e+01,-9.671548008798364071e-02
1.226900000000000013e+01,-1.734980443466678235e-01
1.226999999999999957e+01,-1.313076427401309032e-01
1.227100000000000080e+01,-1.451750404463444943e-01
1.227200000000000024e+01,-2.153458286922421971e-01
1.227299999999999969e+01,-1.936839788976313648e-01
1.227400000000000091e+01,-2.470672323190694630e-01
1.227500000000000036e+01,-1.887611419546657010e-01
1.227599999999999980e+01,-2.374803838074728279e-01
1.227700000000000102e+01,-1.675213223686693731e-01
1.227800000000000047e+01,-1.992333326610661870e-01
1.227899999999999991e+01,-1.330922328259105947e-01
1.228000000000000114e+01,-1.091906853916359971e-01
1.228100000000000058e+01,-6.114604291486368942e-02
1.228200000000000003e+01,-6.901560294482575464e-02
1.228299999999999947e+01,-2.787130521205258282e-03
1.228400000000000070e+01,1.824301738062364397e-02
1.228500000000000014e+01,8.105505533065784918e-03
1.228599999999999959e+01,1.726997070946451052e-04
1.228700000000000081e+01,-2.487009948197620168e-02
1.228800000000000026e+01,-3.592502882904984735e-02
1.228899999999999970e+01,-2.285518771190615805e-02
1.229000000000000092e+01,-9.132820668026080113e-02
1.229100000000000037e+01,-1.046195855756599652e-01
1.229199999999999982e+01,-1.278507343306182209e-01
1.229300000000000104e+01,-1.295654426832666961e-01
1.229400000000000048e+01,-1.346189903155530776e-01
1.229499999999999993e+01,-1.649894643854809828e-01
1.229599999999999937e+01,-1.306969467432754495e-01
1.229700000000000060e+01,-1.617152814903813074e-01
1.229800000000000004e+01,-8.801143917466286437e-02
1.229899999999999949e+01,-4.965972003197283158e-02
1.230000000000000071e+01,-9.639508326324397816e-03
1.230100000000000016e+01,7.219896954846080628e-03
1.230199999999999960e+01,3.801381949885926370e-02
1.230300000000000082e+01,4.974241722218903511e-02
1.230400000000000027e+01,6.914300179761859177e-02
1.230499999999999972e+01,1.248241192016645296e-01
1.230600000000000094e+01,8.062499993700292245e-02
1.230700000000000038e+01,8.258243822184613281e-02
1.230799999999999983e+01,3.940936704283930225e-02
1.230900000000000105e+01,1.260785174092192082e-02
1.231000000000000050e+01,2.571218717795555400e-02
1.231099999999999994e+01,-1.984804872236708290e-02
1.231199999999999939e+01,-4.722318530324928765e-02
1.231300000000000061e+01,-4.643160014048759721e-02
1.231400000000000006e+01,-8.404267874448993758e-02
1.231499999999999950e+01,-7.237528017429917249e-02
1.231600000000000072e+01,-8.216591481169856215e-02
1.231700000000000017e+01,-3.640189291365403951e-02
1.231799999999999962e+01,-1.607849341823314182e-03
1.231900000000000084e+01,1.280177504258655716e-02
1.232000000000000028e+01,2.650092619720507969e-02
1.232099999999999973e+01,4.206513067587165644e-02
1.232200000000000095e+01,1.309762813364364065e-01
1.232300000000000040e+01,1.422243114191262814e-01
1.232399999999999984e+01,1.802248095734247935e-01
1.232500000000000107e+01,1.770882293960193699e-01
1.232600000000000051e+01,1.300027656848008195e-01
1.232699999999999996e+01,1.522144223007489972e-01
1.232799999999999940e+01,1.277204737333860751e-01
1.232900000000000063e+01,1.302884258620333746e-01
1.233000000000000007e+01,1.007581351758014554e-01
1.233099999999999952e+01,3.886004851108018632e-02
1.233200000000000074e+01,3.565310294581747197e-02
1.233300000000000018e+01,2.053974843164360631e-02
1.233399999999999963e+01,1.788251571915433491e-02
1.233500000000000085e+01,3.825981233533032322e-03
1.233600000000000030e+01,1.685238238202564631e-02
1.233699999999999974e+01,1.983349678791730686e-02
1.233800000000000097e+01,1.881224566522466529e-02
1.233900000000000041e+01,4.493191407556580697e-02
1.233999999999999986e+01,1.230253977374113350e-01
1.234100000000000108e+01,1.516128450915834591e-01
1.234200000000000053e+01,2.432975491717383754e-01
1.234299999999999997e+01,2.365820039915104700e-01
1.234399999999999942e+01,2.530534197084720605e-01
1.234500000000000064e+01,2.662139688858266018e-01
1.234600000000000009e+01,2.441471888573227278e-01
1.234699999999999953e+01,2.671390786697096509e-01
1.234800000000000075e+01,2.051856839373017438e-01
1.234900000000000020e+01,2.169638997487130794e-01
1.234999999999999964e+01,1.885941063114978944e-01
1.235100000000000087e+01,1.649357171515137277e-01
1.235200000000000031e+01,1.520045256634093289e-01
1.235299999999999976e+01,1.042595449655600304e-01
1.235400000000000098e+01,6.253422951242841588e-02
1.235500000000000043e+01,6.105167252251619825e-02
1.235599999999999987e+01,7.999164328141802893e-02
1.235700000000000109e+01,1.234555175567662449e-01
1.235800000000000054e+01,1.172921691727125126e-01
1.235899999999999999e+01,1.860233534784745402e-01
1.235999999999999943e+01,2.126327271975337885e-01
1.236100000000000065e+01,2.381633686463426880e-01
1.236200000000000010e+01,2.936572892166088300e-01
1.236299999999999955e+01,2.842458206738384119e-01
1.236400000000000077e+01,2.781784492352766813e-01
1.236500000000000021e+01,3.192977996140913266e-01
1.236599999999999966e+01,3.019314438445382942e-01
1.236700000000000088e+01,3.135598790036103756e-01
1.236800000000000033e+01,3.020741285087206185e-01
1.236899999999999977e+01,2.321827247280978113e-01
1.237000000000000099e+01,2.038861062249751610e-01
1.237100000000000044e+01,2.123533295481539185e-01
1.237199999999999989e+01,1.795681116422426782e-01
1.237300000000000111e+01,1.657983302986976437e-01
1.237400000000000055e+01,1.504727474466729387e-01
1.237500000000000000e+01,2.011268633763359792e-01
1.237599999999999945e+01,1.800850990319135259e-01
1.237700000000000067e+01,1.739430543364686166e-01
1.237800000000000011e+01,2.057087655064542553e-01
1.237899999999999956e+01,2.556099428685378316e-01
1.238000000000000078e+01,2.782921406723668500e-01
1.238100000000000023e+01,2.976329469245866388e-01
1.238199999999999967e+01,3.539506182779558197e-01
1.238300000000000090e+01,3.467689041558829066e-01
1.238400000000000034e+01,3.852931325795987405e-01
1.238499999999999979e+01,3.977722579619638044e-01
1.238600000000000101e+01,3.904197209034008242e-01
1.238700000000000045e+01,4.139070408879079177e-01
1.238799999999999990e+01,3.745564933775880623e-01
1.238900000000000112e+01,3.114065607314506212e-01
1.239000000000000057e+01,3.358233356667260083e-01
1.239100000000000001e+01,2.869866149443849879e-01
1.239199999999999946e+01,2.454080574788859159e-01
1.239300000000000068e+01,2.298903206825917978e-01
1.239400000000000013e+01,1.822164099656360114e-01
1.239499999999999957e+01,2.290063074776504670e-01
1.239600000000000080e+01,2.444367308410416717e-01
1.239700000000000024e+01,2.938969427798634459e-01
1.239799999999999969e+01,2.788439932041316682e-01
1.239900000000000091e+01,3.305115917772621925e-01
1.240000000000000036e+01,3.354820029920657087e-01
1.240099999999999980e+01,4.084463638840171162e-01
1.240200000000000102e+01,4.612019878713734533e-01
1.240300000000000047e+01,4.322757660093456966e-01
1.240399999999999991e+01,4.743184853567307124e-01
1.240500000000000114e+01,4.661149986995677397e-01
1.240600000000000058e+01,4.487778673924844308e-01
1.240700000000000003e+01,4.290638522887292861e-01
1.240799999999999947e+01,3.719080727410202791e-01
1.240900000000000070e+01,3.894399644261196669e-01
1.241000000000000014e+01,3.475750920573013603e-01
1.241099999999999959e+01,3.480601960425492303e-01
1.241200000000000081e+01,3.089361456036874287e-01
1.241300000000000026e+01,3.225913152932176620e-01
1.241399999999999970e+01,2.866231269250157920e-01
1.241500000000000092e+01,3.045485324684372719e-01
1.241600000000000037e+01,3.003335132019012699e-01
1.241699999999999982e+01,3.039457862749476713e-01
1.241800000000000104e+01,3.371097702224672976e-01
1.241900000000000048e+01,3.551183109310679931e-01
1.241999999999999993e+01,3.997743019370202378e-01
1.242099999999999937e+01,4.346134961903894700e-01
1.242200000000000060e+01,4.760674224392599241e-01
1.242300000000000004e+01,4.987473104025471060e-01
1.242399999999999949e+01,5.180339569158314283e-01
1.242500000000000071e+01,4.764173727595514274e-01
1.242600000000000016e+01,5.122407425555456362e-01
1.242699999999999960e+01,4.857582378437102499e-01
1.242800000000000082e+01,4.571713808401416945e-01
1.242900000000000027e+01,4.699087421733987857e-01
1.242999999999999972e+01,3.730354374283377239e-01
1.243100000000000094e+01,3.819622668359087814e-01
1.243200000000000038e+01,3.524765797080550156e-01
1.243299999999999983e+01,3.340216154903472012e-01
1.243400000000000105e+01,3.550204488666077185e-01
1.243500000000000050e+01,3.215095041118407604e-01
1.243599999999999994e+01,3.548768749668467226e-01
1.243699999999999939e+01,3.729136870969567696e-01
1.243800000000000061e+01,3.469896493396725234e-01
1.243900000000000006e+01,3.842380696933610507e-01
1.243999999999999950e+01,4.646749198114545898e-01
1.244100000000000072e+01,4.667902113943500075e-01
1.244200000000000017e+01,5.144194275136487748e-01
1.244299999999999962e+01,5.243555969952167217e-01
1.244400000000000084e+01,5.537989328573995618e-01
1.244500000000000028e+01,5.310942936841503981e-01
1.244599999999999973e+01,5.560820442812308695e-01
1.244700000000000095e+01,5.500267282569951677e-01
1.244800000000000040e+01,5.251754635133586424e-01
1.244899999999999984e+01,4.921519778438751547e-01
1.245000000000000107e+01,4.581925994053924200e-01
1.245100000000000051e+01,4.314611487399167000e-01
1.245199999999999996e+01,4.146664311632202171e-01
1.245299999999999940e+01,3.994716675258044858e-01
1.245400000000000063e+01,3.711640100541713227e-01
1.245500000000000007e+01,3.484263794403381631e-01
1.245599999999999952e+01,3.921144042407439523e-01
1.245700000000000074e+01,4.120103369350925915e-01
1.245800000000000018e+01,4.422562564026021326e-01
1.245899999999999963e+01,4.302196652161101031e-01
1.246000000000000085e+01,4.694206722129943832e-01
1.246100000000000030e+01,5.076863615916848982e-01
1.246199999999999974e+01,5.341815057515573173e-01
1.246300000000000097e+01,5.527893482373951173e-01
1.246400000000000041e+01,5.854703287549952728e-01
1.246499999999999986e+01,5.708111513997571329e-01
1.246600000000000108e+01,5.515225021571052988e-01
1.246700000000000053e+01,5.814641275188594527e-01
1.246799999999999997e+01,5.400784717165567628e-01
1.246899999999999942e+01,5.388185162444234511e-01
1.247000000000000064e+01,4.949232647935339346e-01
1.247100000000000009e+01,4.816447172925647502e-01
1.247199999999999953e+01,4.229102140833008727e-01
1.247300000000000075e+01,4.303545364854010069e-01
1.247400000000000020e+01,4.077718544944433643e-01
1.247499999999999964e+01,4.002602761662571451e-01
1.247600000000000087e+01,4.083738189022595444e-01
1.247700000000000031e+01,4.253317116580270230e-01
1.247799999999999976e+01,4.330685904329401037e-01
1.247900000000000098e+01,4.426999330779368136e-01
1.248000000000000043e+01,5.194553714395494515e-01
1.248099999999999987e+01,5.338132961542648713e-01
1.248200000000000109e+01,5.244160801860154875e-01
1.248300000000000054e+01,5.859215809845446099e-01
1.248399999999999999e+01,6.177809087675817379e-01
1.248499999999999943e+01,6.029072787409970324e-01
1.248600000000000065e+01,6.105836470800405369e-01
1.248700000000000010e+01,5.636345560533555510e-01
1.248799999999999955e+01,5.648223621506249792e-01
1.248900000000000077e+01,5.365195209276583110e-01
1.249000000000000021e+01,4.880813859105342378e-01
1.249099999999999966e+01,4.272255719123899120e-01
1.249200000000000088e+01,4.123331193404117245e-01
1.249300000000000033e+01,4.072781110136418636e-01
1.249399999999999977e+01,3.895795559482551074e-01
1.249500000000000099e+01,4.141154677523453120e-01
1.249600000000000044e+01,1.430025824671872003e+00
1.249699999999999989e+01,7.139633947267653991e-01
1.249800000000000111e+01,-3.284680441912088411e-02
1.249900000000000055e+01,4.555960113576147941e-01
1.250000000000000000e+01,5.346238344134672804e-01
1.250099999999999945e+01,5.396887221965722681e-01
1.250200000000000067e+01,5.860023506041662777e-01
1.250300000000000011e+01,5.916290562614848758e-01
1.250399999999999956e+01,5.647245394419146969e-01
1.250500000000000078e+01,6.286352629880347376e-01
1.250600000000000023e+01,5.921459931454888803e-01
1.250699999999999967e+01,5.911274667042389908e-01
1.250800000000000090e+01,5.831897743046380311e-01
1.250900000000000034e+01,5.425056880837355600e-01
1.250999999999999979e+01,4.812545634843989895e-01
1.251100000000000101e+01,4.761045830882484342e-01
1.251200000000000045e+01,4.448580737564208909e-01
1.251299999999999990e+01,4.341595327937078919e-01
1.251400000000000112e+01,3.765257373579469768e-01
1.251500000000000057e+01,4.167575476357420206e-01
1.251600000000000001e+01,4.052608088544530363e-01
1.251699999999999946e+01,4.247139910565713716e-01
1.251800000000000068e+01,4.294158837828335185e-01
1.251900000000000013e+01,4.573979982774497022e-01
1.251999999999999957e+01,5.045457183077282082e-01
1.252100000000000080e+01,5.205594691885132574e-01
1.252200000000000024e+01,5.895171814954609513e-01
1.252299999999999969e+01,5.497311396923056925e-01
1.252400000000000091e+01,6.045809719744881239e-01
1.252500000000000036e+01,6.093072726745778489e-01
1.252599999999999980e+01,5.729228921762543614e-01
1.252700000000000102e+01,5.423279048991889173e-01
1.252800000000000047e+01,5.368210637209662739e-01
1.252899999999999991e+01,5.002534372787986738e-01
1.253000000000000114e+01,4.721317898071268893e-01
1.253100000000000058e+01,4.661357677225073659e-01
1.253200000000000003e+01,4.435868506807792988e-01
1.253299999999999947e+01,3.920097988822504043e-01
1.253400000000000070e+01,3.860093109968480984e-01
1.253500000000000014e+01,3.628991512525462371e-01
1.253599999999999959e+01,4.104823176346430458e-01
1.253700000000000081e+01,4.046739451651825137e-01
1.253800000000000026e+01,3.909743379765049376e-01
1.253899999999999970e+01,4.063239370117288085e-01
1.254000000000000092e+01,4.736305461904495306e-01
1.254100000000000037e+01,5.321766866522597006e-01
1.254199999999999982e+01,5.010295977884613450e-01
1.254300000000000104e+01,5.450757710603463257e-01
1.254400000000000048e+01,5.659443844411822244e-01
1.254499999999999993e+01,5.372627442844520873e-01
1.254599999999999937e+01,5.824666412391381609e-01
1.254700000000000060e+01,5.434896656405056037e-01
1.254800000000000004e+01,5.216193963595189276e-01
1.254899999999999949e+01,4.524843225777350764e-01
1.255000000000000071e+01,4.696998221449100730e-01
1.255100000000000016e+01,4.676141451063771659e-01
1.255199999999999960e+01,3.598854690627051878e-01
1.255300000000000082e+01,3.599123842622360403e-01
1.255400000000000027e+01,3.240332100568153462e-01
1.255499999999999972e+01,3.542262834123420800e-01
1.255600000000000094e+01,3.627173743638062442e-01
1.255700000000000038e+01,3.469280883827161599e-01
1.255799999999999983e+01,3.717826588998744963e-01
1.255900000000000105e+01,4.269525163715646721e-01
1.256000000000000050e+01,4.326438499457226361e-01
1.256099999999999994e+01,4.684437764838637608e-01
1.256199999999999939e+01,4.875150825341909022e-01
1.256300000000000061e+01,4.878678431723914022e-01
1.256400000000000006e+01,5.200404721258646834e-01
1.256499999999999950e+01,5.142501088257249720e-01
1.256600000000000072e+01,5.299433302882097241e-01
1.256700000000000017e+01,5.016616947310775787e-01
1.256799999999999962e+01,4.872842832025444659e-01
1.256900000000000084e+01,4.473008750398909661e-01
1.257000000000000028e+01,4.615038247304038554e-01
1.257099999999999973e+01,3.555271321304025456e-01
1.257200000000000095e+01,3.499133604061887004e-01
1.257300000000000040e+01,3.602312355210015027e-01
1.257399999999999984e+01,3.104168651876472729e-01
1.257500000000000107e+01,2.908679168397295678e-01
1.257600000000000051e+01,3.082029168964383059e-01
1.257699999999999996e+01,2.878788225928516353e-01
1.257799999999999940e+01,3.358840760972433004e-01
1.257900000000000063e+01,3.894830160582520850e-01
1.258000000000000007e+01,4.062957662492037159e-01
1.258099999999999952e+01,4.174455598384949617e-01
1.258200000000000074e+01,4.010836265916343235e-01
1.258300000000000018e+01,4.496916835171075322e-01
1.258399999999999963e+01,4.836391395348217936e-01
1.258500000000000085e+01,4.692061059777573595e-01
1.258600000000000030e+01,4.529713485686163721e-01
1.258699999999999974e+01,4.310359147953827796e-01
1.258800000000000097e+01,3.809305744870953303e-01
1.258900000000000041e+01,4.092523686392492421e-01
1.258999999999999986e+01,3.787933221624382729e-01
1.259100000000000108e+01,3.496539179399534292e-01
1.259200000000000053e+01,3.304158796712975410e-01
1.259299999999999997e+01,2.872196032519685471e-01
1.259399999999999942e+01,2.780582306144537830e-01
1.259500000000000064e+01,2.425378934720168467e-01
1.259600000000000009e+01,2.524395118449315745e-01
1.259699999999999953e+01,2.862799324003322821e-01
1.259800000000000075e+01,2.883528150858828409e-01
1.259900000000000020e+01,3.048658206329613041e-01
1.259999999999999964e+01,3.430469494598366587e-01
1.260100000000000087e+01,3.790486650362019927e-01
1.260200000000000031e+01,3.818854797737271101e-01
1.260299999999999976e+01,4.558666539007553697e-01
1.260400000000000098e+01,4.385581972937117046e-01
1.260500000000000043e+01,4.131206703987841955e-01
1.260599999999999987e+01,4.343145870068312875e-01
1.260700000000000109e+01,3.856759011640966128e-01
1.260800000000000054e+01,3.509736307895227614e-01
1.260899999999999999e+01,3.668013252089926679e-01
1.260999999999999943e+01,3.176225847192136187e-01
1.261100000000000065e+01,2.745094549122551464e-01
1.261200000000000010e+01,2.436479823863711980e-01
1.261299999999999955e+01,2.248458300999257586e-01
1.261400000000000077e+01,2.025017360490210527e-01
1.261500000000000021e+01,2.038056016250756330e-01
1.261599999999999966e+01,2.034784313151369595e-01
1.261700000000000088e+01,1.860718531671570752e-01
1.261800000000000033e+01,2.197109208990841722e-01
1.261899999999999977e+01,2.425476042738955174e-01
1.262000000000000099e+01,2.868285428933048387e-01
1.262100000000000044e+01,3.301992677896322115e-01
1.262199999999999989e+01,3.096911020648699941e-01
1.262300000000000111e+01,3.347826810785926033e-01
1.262400000000000055e+01,3.459296558988472770e-01
1.262500000000000000e+01,3.550979530410626195e-01
1.262599999999999945e+01,3.349682430363292718e-01
1.262700000000000067e+01,3.584967128256638103e-01
1.262800000000000011e+01,2.716653128600785561e-01
1.262899999999999956e+01,2.678539155922319281e-01
1.263000000000000078e+01,2.392800771212051925e-01
1.263100000000000023e+01,2.184391001337864791e-01
1.263199999999999967e+01,1.711669981031020971e-01
1.263300000000000090e+01,1.343490002472595701e-01
1.263400000000000034e+01,1.425358450302768309e-01
1.263499999999999979e+01,1.315529896961242229e-01
1.263600000000000101e+01,1.133239280295916113e-01
1.263700000000000045e+01,9.629432086205008678e-02
1.263799999999999990e+01,1.905921773022533627e-01
1.263900000000000112e+01,1.574078536407940709e-01
1.264000000000000057e+01,2.019172162183706376e-01
1.264100000000000001e+01,2.363148044505529732e-01
1.264199999999999946e+01,2.858762171886401471e-01
1.264300000000000068e+01,2.489788893918697954e-01
1.264400000000000013e+01,2.738966602092260949e-01
1.264499999999999957e+01,2.902014097395989589e-01
1.264600000000000080e+01,3.279255224528179746e-01
1.264700000000000024e+01,2.211099649785391308e-01
1.264799999999999969e+01,2.688742368098901436e-01
1.264900000000000091e+01,2.203450891989167659e-01
1.265000000000000036e+01,1.807246341331779083e-01
1.265099999999999980e+01,1.334330151035626744e-01
1.265200000000000102e+01,8.646711822135216829e-02
1.265300000000000047e+01,1.131256708142672485e-01
1.265399999999999991e+01,3.660404523009372357e-02
1.265500000000000114e+01,5.000962749800233476e-02
1.265600000000000058e+01,3.359194634276234381e-02
1.265700000000000003e+01,4.496110384521945225e-02
1.265799999999999947e+01,5.371649715226942817e-02
1.265900000000000070e+01,1.107201342994887372e-01
1.266000000000000014e+01,1.428781970444053528e-01
1.266099999999999959e+01,1.362175737056770530e-01
1.266200000000000081e+01,1.745841912821762543e-01
1.266300000000000026e+01,1.953374427917405343e-01
1.266399999999999970e+01,1.794593590825184493e-01
1.266500000000000092e+01,2.047240732720202738e-01
1.266600000000000037e+01,2.229638846198280233e-01
1.266699999999999982e+01,1.457467089259724680e-01
1.266800000000000104e+01,1.588915030905940773e-01
1.266900000000000048e+01,1.182437480981750610e-01
1.266999999999999993e+01,7.582792778603991701e-02
1.267100000000000115e+01,6.206503050267701133e-02
1.267200000000000060e+01,5.617335933762972189e-02
1.267300000000000004e+01,-1.643177350214256038e-03
1.267399999999999949e+01,-3.000513950957992004e-02
1.267500000000000071e+01,-2.977418665934333797e-02
1.267600000000000016e+01,-2.656201910718890280e-02
1.267699999999999960e+01,-6.713080919005826042e-03
1.267800000000000082e+01,1.057076664774814906e-02
1.267900000000000027e+01,2.142972638813148839e-02
1.267999999999999972e+01,7.174625171900149423e-02
1.268100000000000094e+01,9.575267885891743103e-02
1.268200000000000038e+01,9.399551325249597133e-02
1.268299999999999983e+01,1.275564833929465069e-01
1.268400000000000105e+01,1.250815727072444872e-01
1.268500000000000050e+01,1.646248945154071275e-01
1.268599999999999994e+01,1.238593486362385976e-01
1.268699999999999939e+01,1.057853259688801145e-01
1.268800000000000061e+01,6.291979667555012978e-02
1.268900000000000006e+01,9.886499453043939151e-03
1.268999999999999950e+01,2.818941433125906129e-02
1.269100000000000072e+01,-2.961173671736756774e-02
1.269200000000000017e+01,-6.616772146947583200e-02
1.269299999999999962e+01,-1.101545967148840344e-01
1.269400000000000084e+01,-9.702206213508800248e-02
1.269500000000000028e+01,-9.255481530177618599e-02
1.269599999999999973e+01,-1.175794995511845742e-01
1.269700000000000095e+01,-9.983242788332168105e-02
1.269800000000000040e+01,-9.619038331754944937e-02
1.269899999999999984e+01,-6.185486968453358936e-02
1.270000000000000107e+01,-1.275314517324155177e-02
1.270100000000000051e+01,-3.900735896804860547e-02
1.270199999999999996e+01,2.382479723365098917e-02
1.270299999999999940e+01,3.068668101749697646e-02
1.270400000000000063e+01,5.489508663392871080e-02
1.270500000000000007e+01,4.961733229769378639e-02
1.270599999999999952e+01,2.910599913242517545e-02
1.270700000000000074e+01,2.945012429605711746e-02
1.270800000000000018e+01,2.588899579930653561e-02
1.270899999999999963e+01,-3.733605299954532997e-02
1.271000000000000085e+01,-5.970772602496666331e-02
1.271100000000000030e+01,-9.152481267069956239e-02
1.271199999999999974e+01,-1.253293076594411137e-01
1.271300000000000097e+01,-1.940851122726466316e-01
1.271400000000000041e+01,-1.950154040369955211e-01
1.271499999999999986e+01,-1.878261520946843954e-01
1.271600000000000108e+01,-1.575011867854715641e-01
1.271700000000000053e+01,-1.857325740329788255e-01
1.271799999999999997e+01,-1.615498047036967866e-01
1.271899999999999942e+01,-1.055439993854158931e-01
1.272000000000000064e+01,-8.616417985411424507e-02
1.272100000000000009e+01,-1.091663715400925661e-01
1.272199999999999953e+01,-3.258077509392556803e-02
1.272300000000000075e+01,-2.988092403371578332e-02
1.272400000000000020e+01,-1.904797077698097696e-02
1.272499999999999964e+01,-3.259342451227126292e-02
1.272600000000000087e+01,-2.843820783168878041e-02
1.272700000000000031e+01,-7.334655699815251229e-02
1.272799999999999976e+01,-8.591360786400356608e-02
1.272900000000000098e+01,-1.432711851727691832e-01
1.273000000000000043e+01,-1.409395253788459090e-01
1.273099999999999987e+01,-1.885983900135953517e-01
1.273200000000000109e+01,-2.319751242440568906e-01
1.273300000000000054e+01,-2.077597868653756619e-01
1.273399999999999999e+01,-2.716980168070241008e-01
1.273499999999999943e+01,-2.687850866852924403e-01
1.273600000000000065e+01,-2.762212602570942033e-01
1.273700000000000010e+01,-2.566534658755351694e-01
1.273799999999999955e+01,-2.502716327723528700e-01
1.273900000000000077e+01,-1.867818858190404274e-01
1.274000000000000021e+01,-2.126751804688499503e-01
1.274099999999999966e+01,-1.609223473421165507e-01
1.274200000000000088e+01,-1.500403771473844405e-01
1.274300000000000033e+01,-1.445360543251165697e-01
1.274399999999999977e+01,-1.029814044044237986e-01
1.274500000000000099e+01,-9.243760481143994956e-02
1.274600000000000044e+01,-1.110318302485217706e-01
1.274699999999999989e+01,-1.480731879075079249e-01
1.274800000000000111e+01,-1.483873517444976309e-01
1.274900000000000055e+01,-1.604618031341649709e-01
1.275000000000000000e+01,-2.023195273623051293e-01
1.275099999999999945e+01,-2.461963863859857882e-01
1.275200000000000067e+01,-3.057272445448370179e-01
1.275300000000000011e+01,-3.567970788605272503e-01
1.275399999999999956e+01,-3.475752866741279590e-01
1.275500000000000078e+01,-3.727014747752351864e-01
1.275600000000000023e+01,-3.190000916799519137e-01
1.275699999999999967e+01,-3.173021540131162332e-01
1.275800000000000090e+01,-3.347996981280054740e-01
1.275900000000000034e+01,-3.265781525681027975e-01
1.275999999999999979e+01,-2.737895530330122784e-01
1.276100000000000101e+01,-2.422069803945724464e-01
1.276200000000000045e+01,-2.103677312483279160e-01
1.276299999999999990e+01,-1.734774537872863509e-01
1.276400000000000112e+01,-1.594016044739219040e-01
1.276500000000000057e+01,-1.754324835138844907e-01
1.276600000000000001e+01,-1.749687962731732438e-01
1.276699999999999946e+01,-2.224598875830172129e-01
1.276800000000000068e+01,-2.246510853263542495e-01
1.276900000000000013e+01,-2.499347079804586647e-01
1.276999999999999957e+01,-2.953670995416534661e-01
1.277100000000000080e+01,-3.250579181204005241e-01
1.277200000000000024e+01,-3.492649117486983368e-01
1.277299999999999969e+01,-3.888251739554441366e-01
1.277400000000000091e+01,-4.161824838763218404e-01
1.277500000000000036e+01,-4.313069108085644254e-01
1.277599999999999980e+01,-4.308903015324856423e-01
1.277700000000000102e+01,-4.008305547610381825e-01
1.277800000000000047e+01,-3.590075135082966273e-01
1.277899999999999991e+01,-3.678781310927459192e-01
1.278000000000000114e+01,-3.541990096425496892e-01
1.278100000000000058e+01,-3.046415316401406836e-01
1.278200000000000003e+01,-2.941510216873184369e-01
1.278299999999999947e+01,-2.463233674549075714e-01
1.278400000000000070e+01,-2.388288774335812215e-01
1.278500000000000014e+01,-2.588819673240039254e-01
1.278599999999999959e+01,-2.614528837774646175e-01
1.278700000000000081e+01,-2.754097509029047042e-01
1.278800000000000026e+01,-3.383143080149007553e-01
1.278899999999999970e+01,-3.071849801213697995e-01
1.279000000000000092e+01,-3.684607919453473657e-01
1.279100000000000037e+01,-3.904885391250774163e-01
1.279199999999999982e+01,-4.283440639471130518e-01
1.279300000000000104e+01,-4.352292231353310781e-01
1.279400000000000048e+01,-4.498559728318222151e-01
1.279499999999999993e+01,-4.641359984983053355e-01
1.279600000000000115e+01,-4.753529204031967659e-01
1.279700000000000060e+01,-4.330224066478347567e-01
1.279800000000000004e+01,-4.358902669895389770e-01
1.279899999999999949e+01,-3.928710543517574538e-01
1.280000000000000071e+01,-3.960124188893678898e-01
1.280100000000000016e+01,-3.563735744752891677e-01
1.280199999999999960e+01,-3.563919735378827114e-01
1.280300000000000082e+01,-3.540695152471997620e-01
1.280400000000000027e+01,-3.057998922467991543e-01
1.280499999999999972e+01,-2.987736337711435208e-01
1.280600000000000094e+01,-3.158390442771816797e-01
1.280700000000000038e+01,-3.501100084122972800e-01
1.280799999999999983e+01,-3.763305889704116058e-01
1.280900000000000105e+01,-3.705949411133082072e-01
1.281000000000000050e+01,-4.018716311687948184e-01
1.281099999999999994e+01,-4.223271553499251540e-01
1.281199999999999939e+01,-4.328202585510176892e-01
1.281300000000000061e+01,-4.861658538691099873e-01
1.281400000000000006e+01,-4.961361449475721330e-01
1.281499999999999950e+01,-5.171864263844621057e-01
1.281600000000000072e+01,-5.575256044633655206e-01
1.281700000000000017e+01,-5.101835730535945190e-01
1.281799999999999962e+01,-5.152682547321388862e-01
1.281900000000000084e+01,-4.619246024018193730e-01
1.282000000000000028e+01,-3.910678268783432388e-01
1.282099999999999973e+01,-3.596122895016046206e-01
1.282200000000000095e+01,-3.648314154500527651e-01
1.282300000000000040e+01,-3.521402031761831641e-01
1.282399999999999984e+01,-3.077281114262299666e-01
1.282500000000000107e+01,-3.511618098944000455e-01
1.282600000000000051e+01,-3.570705911568408664e-01
1.282699999999999996e+01,-3.970943995098057400e-01
1.282799999999999940e+01,-3.910288046069381740e-01
1.282900000000000063e+01,-4.532906519521544553e-01
1.283000000000000007e+01,-4.641920161246052001e-01
1.283099999999999952e+01,-4.736473722138734299e-01
1.283200000000000074e+01,-5.293464404625892739e-01
1.283300000000000018e+01,-5.257516554915024898e-01
1.283399999999999963e+01,-5.446397061826907526e-01
1.283500000000000085e+01,-5.487328247785824287e-01
1.283600000000000030e+01,-5.791700454950822197e-01
1.283699999999999974e+01,-5.483759831655339312e-01
1.283800000000000097e+01,-5.505328048380108141e-01
1.283900000000000041e+01,-4.985085407998833817e-01
1.283999999999999986e+01,-4.873854467130223078e-01
1.284100000000000108e+01,-4.603264427119839741e-01
1.284200000000000053e+01,-4.100862997810157951e-01
1.284299999999999997e+01,-3.589935008910601910e-01
1.284399999999999942e+01,-3.597979981552794637e-01
1.284500000000000064e+01,-3.907624446994671930e-01
1.284600000000000009e+01,-3.534792214867835680e-01
1.284699999999999953e+01,-4.102472596150463779e-01
1.284800000000000075e+01,-4.166794740206004044e-01
1.284900000000000020e+01,-4.489357640943066885e-01
1.284999999999999964e+01,-4.538277793360599444e-01
1.285100000000000087e+01,-5.502402235265212438e-01
1.285200000000000031e+01,-5.308049152312154240e-01
1.285299999999999976e+01,-5.194211665016847945e-01
1.285400000000000098e+01,-5.512148362703644944e-01
1.285500000000000043e+01,-5.106825206404712603e-01
1.285599999999999987e+01,-5.731889620952855813e-01
1.285700000000000109e+01,-5.666028720434189703e-01
1.285800000000000054e+01,-5.343383533069581137e-01
1.285899999999999999e+01,-5.168226623188336699e-01
1.285999999999999943e+01,-5.121878169606379760e-01
1.286100000000000065e+01,-4.331130455028600057e-01
1.286200000000000010e+01,-4.296595460752886675e-01
1.286299999999999955e+01,-4.001857930451268586e-01
1.286400000000000077e+01,-3.973927710310533046e-01
1.286500000000000021e+01,-4.049004615010327601e-01
1.286599999999999966e+01,-3.972148303685048010e-01
1.286700000000000088e+01,-4.130679216221276873e-01
1.286800000000000033e+01,-4.433306541182956417e-01
1.286899999999999977e+01,-4.697792576336848880e-01
1.287000000000000099e+01,-4.779881533092442680e-01
1.287100000000000044e+01,-5.165408955940333779e-01
1.287199999999999989e+01,-5.700324287303975002e-01
1.287300000000000111e+01,-5.635611755419358548e-01
1.287400000000000055e+01,-6.084896048156431814e-01
1.287500000000000000e+01,-6.283880579093826801e-01
1.287599999999999945e+01,-5.906932435041885032e-01
1.287700000000000067e+01,-5.860163644240825587e-01
1.287800000000000011e+01,-5.571855249531336707e-01
1.287899999999999956e+01,-5.052688776518191593e-01
1.288000000000000078e+01,-5.396993226836879209e-01
1.288100000000000023e+01,-4.633595507116710088e-01
1.288199999999999967e+01,-4.092518210123189393e-01
1.288300000000000090e+01,-4.075440524552281230e-01
1.288400000000000034e+01,-4.221925097032739327e-01
1.288499999999999979e+01,-3.940204244433137548e-01
1.288600000000000101e+01,-3.981266399750809093e-01
1.288700000000000045e+01,-4.213266812195681776e-01
1.288799999999999990e+01,-4.148011068792519795e-01
1.288900000000000112e+01,-4.641761555973987208e-01
1.289000000000000057e+01,-5.037045789590145484e-01
1.289100000000000001e+01,-5.695353751453595681e-01
1.289199999999999946e+01,-5.640246609264742972e-01
1.289300000000000068e+01,-5.624862285347321800e-01
1.289400000000000013e+01,-5.911878157558707603e-01
1.289499999999999957e+01,-6.289818913065425843e-01
1.289600000000000080e+01,-5.827571719619456525e-01
1.289700000000000024e+01,-5.222882800756293298e-01
1.289799999999999969e+01,-5.707543874114501259e-01
1.289900000000000091e+01,-5.517092324311648754e-01
1.290000000000000036e+01,-5.105325563561304847e-01
1.290099999999999980e+01,-4.682418200194028435e-01
1.290200000000000102e+01,-4.082419532279101260e-01
1.290300000000000047e+01,-3.929326942943409118e-01
1.290399999999999991e+01,-3.540392444223603441e-01
1.290500000000000114e+01,-3.957237856218108751e-01
1.290600000000000058e+01,-3.827383490288963630e-01
1.290700000000000003e+01,-4.078463958528197320e-01
1.290799999999999947e+01,-4.328931463774128297e-01
1.290900000000000070e+01,-4.548206904300734488e-01
1.291000000000000014e+01,-5.139080490749287078e-01
1.291099999999999959e+01,-5.406558011327755597e-01
1.291200000000000081e+01,-5.191810741180218347e-01
1.291300000000000026e+01,-5.699885305754521791e-01
1.291399999999999970e+01,-5.725551857353327057e-01
1.291500000000000092e+01,-5.639220551824041250e-01
1.291600000000000037e+01,-5.952051512306044678e-01
1.291699999999999982e+01,-5.658338031061557194e-01
1.291800000000000104e+01,-5.118543371673431874e-01
1.291900000000000048e+01,-5.064057005338867823e-01
1.291999999999999993e+01,-4.611858202349634062e-01
1.292100000000000115e+01,-3.984960151867282807e-01
1.292200000000000060e+01,-3.992102805280622890e-01
1.292300000000000004e+01,-3.941417554406215218e-01
1.292399999999999949e+01,-3.823148010189423851e-01
1.292500000000000071e+01,-3.738504332153271825e-01
1.292600000000000016e+01,-3.717977438171824467e-01
1.292699999999999960e+01,-4.236029683784907074e-01
1.292800000000000082e+01,-4.132379897443643202e-01
1.292900000000000027e+01,-4.395637779346748819e-01
1.292999999999999972e+01,-4.624140152319959896e-01
1.293100000000000094e+01,-4.962440739257731881e-01
1.293200000000000038e+01,-5.443872912578634482e-01
1.293299999999999983e+01,-5.243945710177582153e-01
1.293400000000000105e+01,-5.471278664053956797e-01
1.293500000000000050e+01,-5.622738250736177834e-01
1.293599999999999994e+01,-5.545932606699184308e-01
1.293699999999999939e+01,-5.506022122448861467e-01
1.293800000000000061e+01,-4.733869362832388017e-01
1.293900000000000006e+01,-5.008308593740689041e-01
1.293999999999999950e+01,-4.454135090081377535e-01
1.294100000000000072e+01,-4.123388856445580064e-01
1.294200000000000017e+01,-4.019844013306814734e-01
1.294299999999999962e+01,-3.309075250515465250e-01
1.294400000000000084e+01,-3.242925177716138863e-01
1.294500000000000028e+01,-3.500632894493145297e-01
1.294599999999999973e+01,-3.472879582606440696e-01
1.294700000000000095e+01,-3.603903132583716196e-01
1.294800000000000040e+01,-3.779359429364299583e-01
1.294899999999999984e+01,-3.868444399461136163e-01
1.295000000000000107e+01,-4.228071459551674960e-01
1.295100000000000051e+01,-4.674995264076692858e-01
1.295199999999999996e+01,-5.032401304991505064e-01
1.295299999999999940e+01,-5.161517905858621358e-01
1.295400000000000063e+01,-5.170162430743683313e-01
1.295500000000000007e+01,-5.231487378420679457e-01
1.295599999999999952e+01,-4.720604121267195641e-01
1.295700000000000074e+01,-4.780817096460749926e-01
1.295800000000000018e+01,-4.676264469273760382e-01
1.295899999999999963e+01,-4.180619810542638426e-01
1.296000000000000085e+01,-4.069853944224082198e-01
1.296100000000000030e+01,-3.728739166989713527e-01
1.296199999999999974e+01,-3.376881941234574080e-01
1.296300000000000097e+01,-3.443691146840850426e-01
1.296400000000000041e+01,-3.296976110470214438e-01
1.296499999999999986e+01,-2.941127127299331123e-01
1.296600000000000108e+01,-3.469700483398495683e-01
1.296700000000000053e+01,-3.083766870995308107e-01
1.296799999999999997e+01,-3.740235177438498981e-01
1.296899999999999942e+01,-3.585880317076043378e-01
1.297000000000000064e+01,-3.941101724747647084e-01
1.297100000000000009e+01,-3.939288639185611340e-01
1.297199999999999953e+01,-4.488079432008477698e-01
1.297300000000000075e+01,-4.321364788381679700e-01
1.297400000000000020e+01,-4.972506761773167194e-01
1.297499999999999964e+01,-4.800607494575236389e-01
1.297600000000000087e+01,-4.670324158921443924e-01
1.297700000000000031e+01,-4.871745567512061337e-01
1.297799999999999976e+01,-3.910966381847230111e-01
1.297900000000000098e+01,-3.460955948411986727e-01
1.298000000000000043e+01,-3.438619467338570046e-01
1.298099999999999987e+01,-3.312236177077169663e-01
1.298200000000000109e+01,-2.751794102810632969e-01
1.298300000000000054e+01,-2.563954226983384821e-01
1.298399999999999999e+01,-2.421016359077903246e-01
1.298499999999999943e+01,-2.521568165600558409e-01
1.298600000000000065e+01,-2.486681410453448760e-01
1.298700000000000010e+01,-2.369527391469142263e-01
1.298799999999999955e+01,-2.591311438597044270e-01
1.298900000000000077e+01,-2.745729826024529419e-01
1.299000000000000021e+01,-3.035734948619583373e-01
1.299099999999999966e+01,-3.651359406370505156e-01
1.299200000000000088e+01,-4.019981363035737831e-01
1.299300000000000033e+01,-3.972673302883499291e-01
1.299399999999999977e+01,-4.477729103792590371e-01
1.299500000000000099e+01,-4.150515474389809834e-01
1.299600000000000044e+01,-4.308723021397761199e-01
1.299699999999999989e+01,-3.655794495860315574e-01
1.299800000000000111e+01,-3.697300370936963398e-01
1.299900000000000055e+01,-3.397514091876165931e-01
1.300000000000000000e+01,-2.802105579269548175e-01
1.300099999999999945e+01,-2.325674594753511237e-01
1.300200000000000067e+01,-2.313267325694871035e-01
1.300300000000000011e+01,-2.120212084102199301e-01
1.300399999999999956e+01,-1.872327316027832256e-01
1.300500000000000078e+01,-2.136843045068138880e-01
1.300600000000000023e+01,-1.979681785126033433e-01
1.300699999999999967e+01,-2.159376310512768349e-01
1.300800000000000090e+01,-2.147147234209122735e-01
1.300900000000000034e+01,-2.379183674210230137e-01
1.300999999999999979e+01,-2.845471245783935399e-01
1.301100000000000101e+01,-2.621581681848522694e-01
1.301200000000000045e+01,-2.888442371412445198e-01
1.301299999999999990e+01,-3.388912472658274222e-01
1.301400000000000112e+01,-3.603130863966883535e-01
1.301500000000000057e+01,-3.975558750023602261e-01
1.301600000000000001e+01,-3.331165158094958056e-01
1.301699999999999946e+01,-3.459298704406128522e-01
1.301800000000000068e+01,-2.803544083905945561e-01
1.301900000000000013e+01,-2.069264756751559853e-01
1.301999999999999957e+01,-2.507332943012348658e-01
1.302100000000000080e+01,-1.728559171453578902e-01
1.302200000000000024e+01,-1.268659489295082266e-01
1.302299999999999969e+01,-1.564988984797375804e-01
1.302400000000000091e+01,-8.456124085133040480e-02
1.302500000000000036e+01,-8.824472648108735995e-02
1.302599999999999980e+01,-1.426711639473845494e-01
1.302700000000000102e+01,-1.139480624240499229e-01
1.302800000000000047e+01,-1.439471666726548360e-01
1.302899999999999991e+01,-1.317317559174516484e-01
1.303000000000000114e+01,-2.213371229060251688e-01
1.303100000000000058e+01,-2.109166000572408051e-01
1.303200000000000003e+01,-2.445232587320796680e-01
1.303299999999999947e+01,-2.661148095826437188e-01
1.303400000000000070e+01,-2.285644383973921001e-01
1.303500000000000014e+01,-2.415802859224701060e-01
1.303599999999999959e+01,-2.807088028615108422e-01
1.303700000000000081e+01,-2.621920308295477287e-01
1.303800000000000026e+01,-2.230593343484883750e-01
1.303899999999999970e+01,-2.441395007381859106e-01
1.304000000000000092e+01,-1.439524456385490314e-01
1.304100000000000037e+01,-9.582090134758688982e-02
1.304199999999999982e+01,-1.048925629697726736e-01
1.304300000000000104e+01,-2.854359504148586135e-02
1.304400000000000048e+01,-1.496379918766164996e-02
1.304499999999999993e+01,-9.324768884564765825e-03
1.304600000000000115e+01,-2.521156039458610776e-02
1.304700000000000060e+01,-5.793209111478557494e-02
1.304800000000000004e+01,-5.838997526043639141e-02
1.304899999999999949e+01,-7.475393380658147680e-02
1.305000000000000071e+01,-1.252936039979105909e-01
1.305100000000000016e+01,-1.130888424996796121e-01
1.305199999999999960e+01,-1.699875891738850120e-01
1.305300000000000082e+01,-1.528229364686041758e-01
1.305400000000000027e+01,-1.981239661978592137e-01
1.305499999999999972e+01,-1.822507540308195839e-01
1.305600000000000094e+01,-2.057380715146847339e-01
1.305700000000000038e+01,-1.369367197908162581e-01
1.305799999999999983e+01,-1.591356945254510102e-01
1.305900000000000105e+01,-1.055982467148864762e-01
1.306000000000000050e+01,-1.079061575422698149e-01
1.306099999999999994e+01,-2.034969874666581191e-02
1.306199999999999939e+01,4.175836842454955233e-03
1.306300000000000061e+01,3.402399092267512082e-02
1.306400000000000006e+01,4.002914398156404152e-02
1.306499999999999950e+01,1.582685655644019973e-02
1.306600000000000072e+01,3.466907645155383605e-02
1.306700000000000017e+01,4.527674097814566451e-02
1.306799999999999962e+01,4.556929600671701802e-02
1.306900000000000084e+01,2.407397727293311002e-02
1.307000000000000028e+01,-1.922811504097350632e-02
1.307099999999999973e+01,-4.108989350908281296e-02
1.307200000000000095e+01,-6.205994637782095980e-02
1.307300000000000040e+01,-1.178298228508857237e-01
1.307399999999999984e+01,-1.147406238244054466e-01
1.307500000000000107e+01,-7.380664954592867921e-02
1.307600000000000051e+01,-1.005308826665258504e-01
1.307699999999999996e+01,-5.723016212147329085e-02
1.307799999999999940e+01,-2.673669791113950089e-02
1.307900000000000063e+01,-4.149974259572179747e-02
1.308000000000000007e+01,1.386855250308283334e-02
1.308099999999999952e+01,3.114998348018590407e-02
1.308200000000000074e+01,7.107697273677204830e-02
1.308300000000000018e+01,9.328991427775834566e-02
1.308399999999999963e+01,1.542831937411288656e-01
1.308500000000000085e+01,1.378669804334647087e-01
1.308600000000000030e+01,1.257038303055778850e-01
1.308699999999999974e+01,1.056041538728162837e-01
1.308800000000000097e+01,1.225452747111049623e-01
1.308900000000000041e+01,7.995429699050340955e-02
1.308999999999999986e+01,6.156626222798202569e-02
1.309100000000000108e+01,1.660331625211240725e-02
1.309200000000000053e+01,-7.766069849858607543e-03
1.309299999999999997e+01,-1.492589639991270811e-02
1.309399999999999942e+01,-4.083327418690484156e-02
1.309500000000000064e+01,-3.180229070591805707e-02
1.309600000000000009e+01,-1.910760372392295015e-03
1.309699999999999953e+01,1.227724870243959709e-03
1.309800000000000075e+01,1.031278085177567139e-02
1.309900000000000020e+01,6.770566187666386682e-02
1.309999999999999964e+01,1.072349002912263982e-01
1.310100000000000087e+01,1.351046381614766090e-01
1.310200000000000031e+01,1.855388276008558823e-01
1.310299999999999976e+01,1.866521004155552443e-01
1.310400000000000098e+01,2.169138082220413433e-01
1.310500000000000043e+01,1.745331519245580110e-01
1.310599999999999987e+01,2.578918493413439039e-01
1.310700000000000109e+01,1.858959073297369868e-01
1.310800000000000054e+01,1.861749825740297015e-01
1.310899999999999999e+01,1.217533118046913998e-01
1.310999999999999943e+01,1.557697730388392654e-01
1.311100000000000065e+01,1.077349758574760452e-01
1.311200000000000010e+01,5.970588781249663857e-02
1.311299999999999955e+01,5.178232921778098963e-02
1.311400000000000077e+01,8.456619614376310878e-02
1.311500000000000021e+01,4.434975118007014605e-02
1.311599999999999966e+01,6.076100537807918589e-02
1.311700000000000088e+01,9.309141501155487886e-02
1.311800000000000033e+01,1.154835122966733768e-01
1.311899999999999977e+01,1.856380188568004241e-01
1.312000000000000099e+01,1.897400200863016140e-01
1.312100000000000044e+01,1.813157365953354527e-01
1.312199999999999989e+01,2.228279414998646790e-01
1.312300000000000111e+01,2.886574693087513577e-01
1.312400000000000055e+01,2.795198254739655885e-01
1.312500000000000000e+01,2.709210074581240857e-01
1.312599999999999945e+01,2.819617284659025613e-01
1.312700000000000067e+01,2.826869170499400896e-01
1.312800000000000011e+01,2.406124194812181705e-01
1.312899999999999956e+01,2.740389293996980946e-01
1.313000000000000078e+01,2.399192422491562560e-01
1.313100000000000023e+01,1.631606796479939392e-01
1.313199999999999967e+01,1.747568542633850808e-01
1.313300000000000090e+01,1.576149967814914066e-01
1.313400000000000034e+01,1.128176641966809196e-01
1.313499999999999979e+01,1.294542922759503445e-01
1.313600000000000101e+01,1.498085346640675164e-01
1.313700000000000045e+01,1.424631615097690929e-01
1.313799999999999990e+01,1.950408430930664072e-01
1.313900000000000112e+01,2.187330324177151342e-01
1.314000000000000057e+01,2.916498080314267605e-01
1.314100000000000001e+01,2.715398643347142205e-01
1.314199999999999946e+01,3.044967065007929130e-01
1.314300000000000068e+01,3.724313922880603811e-01
1.314400000000000013e+01,3.384148260821471244e-01
1.314499999999999957e+01,3.698744767058842475e-01
1.314600000000000080e+01,3.516528424115392126e-01
1.314700000000000024e+01,3.756920066967827099e-01
1.314799999999999969e+01,3.513337438466442864e-01
1.314900000000000091e+01,2.996266297142980428e-01
1.315000000000000036e+01,2.607701604614575674e-01
1.315099999999999980e+01,2.641737853046703943e-01
1.315200000000000102e+01,2.512699747849188037e-01
1.315300000000000047e+01,2.184386505861274086e-01
1.315399999999999991e+01,2.134254342147405281e-01
1.315500000000000114e+01,1.831088972629056622e-01
1.315600000000000058e+01,2.333976208551106768e-01
1.315700000000000003e+01,2.427999076543954637e-01
1.315799999999999947e+01,2.353236311760767974e-01
1.315900000000000070e+01,3.094182662049204668e-01
1.316000000000000014e+01,3.002269936480061463e-01
1.316099999999999959e+01,3.486338868832203897e-01
1.316200000000000081e+01,3.717266064307227502e-01
1.316300000000000026e+01,4.269250752757283718e-01
1.316399999999999970e+01,4.366239691713571514e-01
1.316500000000000092e+01,4.681966032106431586e-01
1.316600000000000037e+01,4.183566441953208703e-01
1.316699999999999982e+01,4.052584931475823327e-01
1.316800000000000104e+01,4.470119633525350133e-01
1.316900000000000048e+01,3.930925109336174672e-01
1.316999999999999993e+01,3.653944478647159211e-01
1.317100000000000115e+01,3.486180261155686355e-01
1.317200000000000060e+01,2.725580948174897711e-01
1.317300000000000004e+01,2.593575934130942229e-01
1.317399999999999949e+01,2.672452228204323377e-01
1.317500000000000071e+01,2.587660931463917624e-01
1.317600000000000016e+01,2.698775225267759370e-01
1.317699999999999960e+01,2.911564653100904287e-01
1.317800000000000082e+01,3.205151582963329804e-01
1.317900000000000027e+01,3.792119980947996627e-01
1.317999999999999972e+01,3.690532674778563282e-01
1.318100000000000094e+01,4.461534090170771738e-01
1.318200000000000038e+01,4.034170657491042977e-01
1.318299999999999983e+01,4.586815736212527250e-01
1.318400000000000105e+01,5.082494688669008109e-01
1.318500000000000050e+01,4.959815186067871862e-01
1.318599999999999994e+01,4.893360263739819915e-01
1.318699999999999939e+01,4.992046796689530996e-01
1.318800000000000061e+01,4.760038432795302143e-01
1.318900000000000006e+01,4.019952845635342276e-01
1.318999999999999950e+01,3.573923500698673039e-01
1.319100000000000072e+01,3.539386597592020789e-01
1.319200000000000017e+01,3.334942659836221956e-01
1.319299999999999962e+01,2.935848800758857902e-01
1.319400000000000084e+01,3.066220451384470413e-01
1.319500000000000028e+01,3.092609609765019085e-01
1.319599999999999973e+01,3.284965626301755148e-01
1.319700000000000095e+01,3.192620927720120072e-01
1.319800000000000040e+01,3.689876537261499445e-01
1.319899999999999984e+01,3.649925338046000611e-01
1.320000000000000107e+01,4.271149249204384546e-01
1.320100000000000051e+01,4.350094913502461358e-01
1.320199999999999996e+01,4.861156521252280038e-01
1.320299999999999940e+01,5.066838499808090646e-01
1.320400000000000063e+01,5.517598223506513522e-01
1.320500000000000007e+01,5.050557515428363287e-01
1.320599999999999952e+01,5.442167496377362523e-01
1.320700000000000074e+01,5.504436072206194686e-01
1.320800000000000018e+01,4.982844477694144958e-01
1.320899999999999963e+01,4.526180225204695651e-01
1.321000000000000085e+01,4.698720731278302476e-01
1.321100000000000030e+01,4.108236449257325895e-01
1.321199999999999974e+01,3.445892097885507876e-01
1.321300000000000097e+01,3.851884195193256977e-01
1.321400000000000041e+01,3.574624419563543487e-01
1.321499999999999986e+01,3.574127039665800920e-01
1.321600000000000108e+01,3.547178990969873658e-01
1.321700000000000053e+01,3.480067231388085935e-01
1.321799999999999997e+01,4.182114833751098826e-01
1.321899999999999942e+01,4.137965204021222809e-01
1.322000000000000064e+01,4.823869671293973815e-01
1.322100000000000009e+01,4.976965365480068293e-01
1.322199999999999953e+01,5.419849107457771487e-01
1.322300000000000075e+01,5.360382605039719639e-01
1.322400000000000020e+01,5.566492736721316836e-01
1.322499999999999964e+01,5.864415676199372651e-01
1.322600000000000087e+01,5.866507698492166023e-01
1.322700000000000031e+01,5.903335111072187669e-01
1.322799999999999976e+01,5.608239735076145926e-01
1.322900000000000098e+01,5.052744784034096659e-01
1.323000000000000043e+01,4.903544891171379705e-01
1.323099999999999987e+01,4.488518776216146033e-01
1.323200000000000109e+01,4.275373157376987088e-01
1.323300000000000054e+01,4.240564342597945013e-01
1.323399999999999999e+01,4.256472687629092033e-01
1.323499999999999943e+01,3.953456921835580840e-01
1.323600000000000065e+01,3.871162560567785182e-01
1.323700000000000010e+01,4.167288030705820212e-01
1.323799999999999955e+01,3.916891827897850398e-01
1.323900000000000077e+01,4.521888551121195921e-01
1.324000000000000021e+01,4.961349192544576292e-01
1.324099999999999966e+01,5.241212310945441155e-01
1.324200000000000088e+01,5.385523148947506389e-01
1.324300000000000033e+01,5.889286596321374745e-01
1.324399999999999977e+01,5.685848581128731816e-01
1.324500000000000099e+01,5.687419678332439332e-01
1.324600000000000044e+01,5.212968728516258476e-01
1.324699999999999989e+01,5.862559774129526557e-01
1.324800000000000111e+01,5.529121645003133301e-01
1.324900000000000055e+01,4.843714195246381360e-01
1.325000000000000000e+01,4.923797917162801019e-01
1.325099999999999945e+01,4.789443193478776784e-01
1.325200000000000067e+01,4.448408097928652771e-01
1.325300000000000011e+01,3.575461081926838425e-01
1.325399999999999956e+01,4.287773672600887487e-01
1.325500000000000078e+01,4.024681104458203151e-01
1.325600000000000023e+01,3.888068353444106839e-01
1.325699999999999967e+01,4.018048031090675209e-01
1.325800000000000090e+01,4.133327407251841668e-01
1.325900000000000034e+01,4.858616853007992065e-01
1.325999999999999979e+01,4.758982209323701085e-01
1.326100000000000101e+01,5.194853266443549833e-01
1.326200000000000045e+01,5.604572557500030472e-01
1.326299999999999990e+01,5.903978228519117799e-01
1.326400000000000112e+01,5.872649617314859016e-01
1.326500000000000057e+01,6.430435383271855265e-01
1.326600000000000001e+01,5.989342077779818974e-01
1.326699999999999946e+01,6.088487875075236921e-01
1.326800000000000068e+01,5.431158157555665555e-01
1.326900000000000013e+01,5.505903790434568679e-01
1.326999999999999957e+01,4.996595261885973804e-01
1.327100000000000080e+01,4.632354343925650375e-01
1.327200000000000024e+01,4.397982962937417861e-01
1.327299999999999969e+01,4.133250376463598053e-01
1.327400000000000091e+01,4.138770359254096975e-01
1.327500000000000036e+01,4.318273989160115178e-01
1.327599999999999980e+01,3.760675498995360577e-01
1.327700000000000102e+01,4.439070883435881631e-01
1.327800000000000047e+01,4.549169713959945183e-01
1.327899999999999991e+01,4.865728137611523008e-01
1.328000000000000114e+01,5.485985977252203494e-01
1.328100000000000058e+01,5.182926918520025517e-01
1.328200000000000003e+01,5.503231554206065024e-01
1.328299999999999947e+01,5.793249355646254983e-01
1.328400000000000070e+01,5.653853602084857322e-01
1.328500000000000014e+01,6.008852001689822808e-01
1.328599999999999959e+01,5.969966181745745004e-01
1.328700000000000081e+01,5.792786454685270314e-01
1.328800000000000026e+01,5.686864773105195781e-01
1.328899999999999970e+01,5.269414202058012586e-01
1.329000000000000092e+01,4.898529645981672953e-01
1.329100000000000037e+01,4.982906385437929631e-01
1.329199999999999982e+01,4.373836897260693912e-01
1.329300000000000104e+01,4.311443533689144902e-01
1.329400000000000048e+01,4.302990107107342865e-01
1.329499999999999993e+01,3.806992231568500085e-01
1.329600000000000115e+01,3.907517787695983791e-01
1.329700000000000060e+01,3.919907992680349840e-01
1.329800000000000004e+01,4.759623790558186740e-01
1.329899999999999949e+01,4.217961845792855269e-01
1.330000000000000071e+01,4.706609071645743159e-01
1.330100000000000016e+01,4.976840607418331897e-01
1.330199999999999960e+01,5.406929103529666270e-01
1.330300000000000082e+01,5.832801732372567827e-01
1.330400000000000027e+01,5.634599424967727810e-01
1.330499999999999972e+01,6.020135550894348819e-01
1.330600000000000094e+01,5.735745076110883023e-01
1.330700000000000038e+01,5.863884552810647577e-01
1.330799999999999983e+01,5.018657387242138057e-01
1.330900000000000105e+01,4.706311948046925098e-01
1.331000000000000050e+01,4.603487013571110342e-01
1.331099999999999994e+01,4.698913123426778915e-01
1.331200000000000117e+01,4.074568267486098905e-01
1.331300000000000061e+01,3.942710680935429535e-01
1.331400000000000006e+01,3.810120670338820736e-01
1.331499999999999950e+01,3.677767372104665533e-01
1.331600000000000072e+01,3.672533837655300726e-01
1.331700000000000017e+01,3.702446734652761196e-01
1.331799999999999962e+01,4.327539433979703531e-01
1.331900000000000084e+01,4.362428910221946010e-01
1.332000000000000028e+01,4.509737489121308229e-01
1.332099999999999973e+01,4.672994435652458867e-01
1.332200000000000095e+01,5.117318262907466497e-01
1.332300000000000040e+01,5.313938928982986365e-01
1.332399999999999984e+01,5.455057506681407764e-01
1.332500000000000107e+01,5.698995993117755843e-01
1.332600000000000051e+01,5.517262556603209633e-01
1.332699999999999996e+01,5.185319800786444278e-01
1.332799999999999940e+01,4.762481490781462212e-01
1.332900000000000063e+01,1.455901169568290410e+00
1.333000000000000007e+01,7.332673649178073072e-01
1.333099999999999952e+01,-9.105840676458025473e-02
1.333200000000000074e+01,3.923466513324455618e-01
1.333300000000000018e+01,3.411133551566336020e-01
1.333399999999999963e+01,3.065508983063247039e-01
1.333500000000000085e+01,3.143522126078074352e-01
1.333600000000000030e+01,3.149544882188495265e-01
1.333699999999999974e+01,3.670022578775355426e-01
1.333800000000000097e+01,3.496561691062268773e-01
1.333900000000000041e+01,4.187162388855854012e-01
1.333999999999999986e+01,4.307253837283349096e-01
1.334100000000000108e+01,4.420359121032673144e-01
1.334200000000000053e+01,4.677993701042675867e-01
1.334299999999999997e+01,5.073405252301905755e-01
1.334399999999999942e+01,5.140261917850050821e-01
1.334500000000000064e+01,5.099085763220033707e-01
1.334600000000000009e+01,4.932479855799638546e-01
1.334699999999999953e+01,5.079828858058749175e-01
1.334800000000000075e+01,4.293593131958751141e-01
1.334900000000000020e+01,4.136180564718532904e-01
1.334999999999999964e+01,3.627759492450234324e-01
1.335100000000000087e+01,3.857038462445155358e-01
1.335200000000000031e+01,3.464524407594219424e-01
1.335299999999999976e+01,2.990544121695210000e-01
1.335400000000000098e+01,2.954281187476254233e-01
1.335500000000000043e+01,2.412970017272135503e-01
1.335599999999999987e+01,2.604479863039951826e-01
1.335700000000000109e+01,3.381874720118647204e-01
1.335800000000000054e+01,2.829787507457318663e-01
1.335899999999999999e+01,3.319019842063383186e-01
1.335999999999999943e+01,3.495200772176862425e-01
1.336100000000000065e+01,4.087753735763995366e-01
1.336200000000000010e+01,4.344446502639188190e-01
1.336299999999999955e+01,4.408039859338193089e-01
1.336400000000000077e+01,4.534995364978320898e-01
1.336500000000000021e+01,4.297470929217447333e-01
1.336599999999999966e+01,4.657102804548153285e-01
1.336700000000000088e+01,4.110237733364364154e-01
1.336800000000000033e+01,4.337179390161857162e-01
1.336899999999999977e+01,3.414553850657541800e-01
1.337000000000000099e+01,3.691420986859428321e-01
1.337100000000000044e+01,2.870703786333860807e-01
1.337199999999999989e+01,2.694696492988478687e-01
1.337300000000000111e+01,2.421151762590308953e-01
1.337400000000000055e+01,2.320041266262858060e-01
1.337500000000000000e+01,2.392516517147098842e-01
1.337599999999999945e+01,2.497510444777926164e-01
1.337700000000000067e+01,2.674288218841024967e-01
1.337800000000000011e+01,2.484312420617288686e-01
1.337899999999999956e+01,2.947244393830275033e-01
1.338000000000000078e+01,3.426930491508512477e-01
1.338100000000000023e+01,3.288740828008176464e-01
1.338199999999999967e+01,3.623914426749761941e-01
1.338300000000000090e+01,3.948924041045873690e-01
1.338400000000000034e+01,4.056832000102085778e-01
1.338499999999999979e+01,3.532967494252641227e-01
1.338600000000000101e+01,3.683661303053259450e-01
1.338700000000000045e+01,3.343024808781538959e-01
1.338799999999999990e+01,3.633055748827109799e-01
1.338900000000000112e+01,3.006517875753636493e-01
1.339000000000000057e+01,2.871867562980276456e-01
1.339100000000000001e+01,1.869105739927327814e-01
1.339199999999999946e+01,2.029928123819836339e-01
1.339300000000000068e+01,1.891847571890812596e-01
1.339400000000000013e+01,1.699071421219035538e-01
1.339499999999999957e+01,1.446456430550235317e-01
1.339600000000000080e+01,1.492000259530965045e-01
1.339700000000000024e+01,1.804437556316745850e-01
1.339799999999999969e+01,1.937543886610693933e-01
1.339900000000000091e+01,2.026854641812506075e-01
1.340000000000000036e+01,2.486643688420208387e-01
1.340099999999999980e+01,2.527229195566922382e-01
1.340200000000000102e+01,3.110918722778150403e-01
1.340300000000000047e+01,2.784498873677303532e-01
1.340399999999999991e+01,3.316164055843396352e-01
1.340500000000000114e+01,3.378816662641305202e-01
1.340600000000000058e+01,3.206383967687430614e-01
1.340700000000000003e+01,2.748043893588862363e-01
1.340799999999999947e+01,2.839034558599373148e-01
1.340900000000000070e+01,2.290958474992849103e-01
1.341000000000000014e+01,1.894211424516175357e-01
1.341099999999999959e+01,1.799206172289010419e-01
1.341200000000000081e+01,1.665508954762584537e-01
1.341300000000000026e+01,1.428916481717686926e-01
1.341399999999999970e+01,9.103345044831005761e-02
1.341500000000000092e+01,5.933836323151031600e-02
1.341600000000000037e+01,1.124717091108690947e-01
1.341699999999999982e+01,1.432469812173065293e-01
1.341800000000000104e+01,8.201488161222839079e-02
1.341900000000000048e+01,1.430569178792175933e-01
1.341999999999999993e+01,1.416732678422052416e-01
1.342100000000000115e+01,1.698112435536026643e-01
1.342200000000000060e+01,2.247487231436873234e-01
1.342300000000000004e+01,2.435100800664949383e-01
1.342399999999999949e+01,2.272462462163245545e-01
1.342500000000000071e+01,2.403141246508378737e-01
1.342600000000000016e+01,2.377012060785755054e-01
1.342699999999999960e+01,1.923776978405230542e-01
1.342800000000000082e+01,1.921358950323862613e-01
1.342900000000000027e+01,1.326181216092795212e-01
1.342999999999999972e+01,1.292056565270008617e-01
1.343100000000000094e+01,9.756710517424307949e-02
1.343200000000000038e+01,3.983064033774785101e-02
1.343299999999999983e+01,4.692036835164960229e-02
1.343400000000000105e+01,7.653569259649745105e-03
1.343500000000000050e+01,-3.623870697167327903e-02
1.343599999999999994e+01,1.583646050705780906e-02
1.343700000000000117e+01,8.300699565861269225e-03
1.343800000000000061e+01,3.823697832776094818e-02
1.343900000000000006e+01,2.222852762116881570e-02
1.343999999999999950e+01,6.495943934602316228e-02
1.344100000000000072e+01,1.150978303425176513e-01
1.344200000000000017e+01,1.320600866918039684e-01
1.344299999999999962e+01,1.303444560813532271e-01
1.344400000000000084e+01,1.812292184412933049e-01
1.344500000000000028e+01,1.511880945253796793e-01
1.344599999999999973e+01,1.810855442822682515e-01
1.344700000000000095e+01,1.225261460180568779e-01
1.344800000000000040e+01,6.212433957485389430e-02
1.344899999999999984e+01,1.187582137186973530e-01
1.345000000000000107e+01,3.246841503799805656e-02
1.345100000000000051e+01,1.925345861707762618e-03
1.345199999999999996e+01,-3.780244146028348406e-02
1.345299999999999940e+01,-7.940286691954705212e-02
1.345400000000000063e+01,-6.808088190792405126e-02
1.345500000000000007e+01,-3.167877861631855640e-02
1.345599999999999952e+01,-5.344031189367599854e-02
1.345700000000000074e+01,-5.624465075442625778e-02
1.345800000000000018e+01,-4.698187971828948761e-02
1.345899999999999963e+01,-5.689026177403987139e-03
1.346000000000000085e+01,4.329314367367488765e-03
1.346100000000000030e+01,1.664692399511561588e-02
1.346199999999999974e+01,4.738973663039638962e-02
1.346300000000000097e+01,8.158771708550116575e-02
1.346400000000000041e+01,7.704350688162651950e-02
1.346499999999999986e+01,7.601886207652171212e-02
1.346600000000000108e+01,7.354244702502596431e-02
1.346700000000000053e+01,7.989369526360769191e-02
1.346799999999999997e+01,5.640507364771561727e-02
1.346899999999999942e+01,9.558319075442731072e-04
1.347000000000000064e+01,-5.099642609560584017e-02
1.347100000000000009e+01,-6.868184001869617750e-02
1.347199999999999953e+01,-1.084162332299273696e-01
1.347300000000000075e+01,-1.231522736973379162e-01
1.347400000000000020e+01,-1.656934875265470009e-01
1.347499999999999964e+01,-1.552196379195971976e-01
1.347600000000000087e+01,-1.724214801020461096e-01
1.347700000000000031e+01,-1.608484914797843612e-01
1.347799999999999976e+01,-1.209377761039466120e-01
1.347900000000000098e+01,-7.680181120728711563e-02
1.348000000000000043e+01,-8.958377893678802495e-02
1.348099999999999987e+01,-4.707719437446428179e-02
1.348200000000000109e+01,-3.850071673186443444e-02
1.348300000000000054e+01,2.386948211206397358e-02
1.348399999999999999e+01,-3.375683655133933370e-02
1.348499999999999943e+01,-9.940631335270178059e-03
1.348600000000000065e+01,-4.607140238722454151e-03
1.348700000000000010e+01,-2.123181222615244668e-02
1.348799999999999955e+01,-2.158877619124002778e-02
1.348900000000000077e+01,-4.756408542834408143e-02
1.349000000000000021e+01,-1.067690697552085843e-01
1.349099999999999966e+01,-1.700714500523348160e-01
1.349200000000000088e+01,-1.733774850676167434e-01
1.349300000000000033e+01,-1.842493795107247589e-01
1.349399999999999977e+01,-2.331129560292509728e-01
1.349500000000000099e+01,-2.517558800935097429e-01
1.349600000000000044e+01,-2.326727970368359932e-01
1.349699999999999989e+01,-2.570612573071330842e-01
1.349800000000000111e+01,-1.706301117821412139e-01
1.349900000000000055e+01,-1.792786315074251513e-01
1.350000000000000000e+01,-1.592855273098525704e-01
1.350099999999999945e+01,-1.139612363520791927e-01
1.350200000000000067e+01,-1.000973678248582577e-01
1.350300000000000011e+01,-8.681286276569256943e-02
1.350399999999999956e+01,-6.708843066677452893e-02
1.350500000000000078e+01,-1.131256743838230383e-01
1.350600000000000023e+01,-1.074689971559218971e-01
1.350699999999999967e+01,-1.139426271708602612e-01
1.350800000000000090e+01,-1.268489814086931067e-01
1.350900000000000034e+01,-1.724593431138037314e-01
1.350999999999999979e+01,-1.816992838715588976e-01
1.351100000000000101e+01,-2.126492442712155095e-01
1.351200000000000045e+01,-2.665728811094683071e-01
1.351299999999999990e+01,-2.854514971601924134e-01
1.351400000000000112e+01,-2.849221306029837697e-01
1.351500000000000057e+01,-3.009023810176283398e-01
1.351600000000000001e+01,-3.020561831607948000e-01
1.351699999999999946e+01,-3.045888018545454545e-01
1.351800000000000068e+01,-2.905912173314721958e-01
1.351900000000000013e+01,-2.543763108272285578e-01
1.351999999999999957e+01,-2.432457659434830444e-01
1.352100000000000080e+01,-2.083761175391209697e-01
1.352200000000000024e+01,-1.596592530612352956e-01
1.352299999999999969e+01,-1.838732509515094704e-01
1.352400000000000091e+01,-1.361620783215329034e-01
1.352500000000000036e+01,-1.548445919678554661e-01
1.352599999999999980e+01,-1.413591464736096148e-01
1.352700000000000102e+01,-1.472729143784987094e-01
1.352800000000000047e+01,-2.237710223919475161e-01
1.352899999999999991e+01,-2.767991012132651751e-01
1.353000000000000114e+01,-2.764545637454005611e-01
1.353100000000000058e+01,-2.730879144603627906e-01
1.353200000000000003e+01,-3.494859014860822177e-01
1.353299999999999947e+01,-3.581133181396428666e-01
1.353400000000000070e+01,-3.421899099299055003e-01
1.353500000000000014e+01,-3.369196317444103084e-01
1.353599999999999959e+01,-3.642187460361179796e-01
1.353700000000000081e+01,-3.942772131033069893e-01
1.353800000000000026e+01,-3.467561322600462570e-01
1.353899999999999970e+01,-2.928316284440897199e-01
1.354000000000000092e+01,-3.215814013528863202e-01
1.354100000000000037e+01,-2.602243984073220884e-01
1.354199999999999982e+01,-2.369102798282401723e-01
1.354300000000000104e+01,-2.245689846735160478e-01
1.354400000000000048e+01,-1.998686865441409166e-01
1.354499999999999993e+01,-2.189568488946904423e-01
1.354600000000000115e+01,-2.301462973905291920e-01
1.354700000000000060e+01,-2.290038179186757450e-01
1.354800000000000004e+01,-2.380937882110509829e-01
1.354899999999999949e+01,-3.055238652773261121e-01
1.355000000000000071e+01,-3.227928135524866793e-01
1.355100000000000016e+01,-3.867459517692468096e-01
1.355199999999999960e+01,-3.996105201298859599e-01
1.355300000000000082e+01,-4.275005006988624734e-01
1.355400000000000027e+01,-4.400122575739797148e-01
1.355499999999999972e+01,-4.784095171279472147e-01
1.355600000000000094e+01,-4.299577299893603266e-01
1.355700000000000038e+01,-4.324522712663098067e-01
1.355799999999999983e+01,-3.987630348565923133e-01
1.355900000000000105e+01,-4.062531670568100828e-01
1.356000000000000050e+01,-3.432470620535606476e-01
1.356099999999999994e+01,-3.733034209327971142e-01
1.356200000000000117e+01,-2.962857898606490181e-01
1.356300000000000061e+01,-3.069313701012305051e-01
1.356400000000000006e+01,-2.610065624209225721e-01
1.356499999999999950e+01,-2.624939766824599952e-01
1.356600000000000072e+01,-3.113381870985984512e-01
1.356700000000000017e+01,-3.061736337530102103e-01
1.356799999999999962e+01,-3.338969169418926075e-01
1.356900000000000084e+01,-3.641036872516899003e-01
1.357000000000000028e+01,-4.110679483004576751e-01
1.357099999999999973e+01,-4.344348199237014763e-01
1.357200000000000095e+01,-4.329768513164345967e-01
1.357300000000000040e+01,-4.951479842105639406e-01
1.357399999999999984e+01,-5.022523579198497901e-01
1.357500000000000107e+01,-4.819004951889280797e-01
1.357600000000000051e+01,-5.226479221189435087e-01
1.357699999999999996e+01,-4.978963044766488433e-01
1.357799999999999940e+01,-4.870131044908180828e-01
1.357900000000000063e+01,-4.352469142414285286e-01
1.358000000000000007e+01,-4.409135210750366740e-01
1.358099999999999952e+01,-3.989428233829478421e-01
1.358200000000000074e+01,-3.568214964149317714e-01
1.358300000000000018e+01,-3.537233023686625621e-01
1.358399999999999963e+01,-3.084587276686763802e-01
1.358500000000000085e+01,-3.442182595855360905e-01
1.358600000000000030e+01,-3.025792470352110519e-01
1.358699999999999974e+01,-3.567625374275947836e-01
1.358800000000000097e+01,-3.679217512580945093e-01
1.358900000000000041e+01,-4.000858414175922917e-01
1.358999999999999986e+01,-4.708537454549913126e-01
1.359100000000000108e+01,-4.609031076683779427e-01
1.359200000000000053e+01,-5.047368293410304796e-01
1.359299999999999997e+01,-5.174936668506121551e-01
1.359399999999999942e+01,-5.483989916440523693e-01
1.359500000000000064e+01,-5.229753387766437056e-01
1.359600000000000009e+01,-5.327946129655437568e-01
1.359699999999999953e+01,-5.364708185414929220e-01
1.359800000000000075e+01,-4.862780544604384803e-01
1.359900000000000020e+01,-4.933769971722057890e-01
1.359999999999999964e+01,-4.377460729378581106e-01
1.360100000000000087e+01,-4.208976543246460422e-01
1.360200000000000031e+01,-4.050106338676314199e-01
1.360299999999999976e+01,-3.971887952059217630e-01
1.360400000000000098e+01,-3.785991290193894132e-01
1.360500000000000043e+01,-3.784738303128009074e-01
1.360599999999999987e+01,-3.685471745371776131e-01
1.360700000000000109e+01,-3.900363332555564777e-01
1.360800000000000054e+01,-3.909968712950149805e-01
1.360899999999999999e+01,-4.527217126775282541e-01
1.360999999999999943e+01,-4.767512285272444972e-01
1.361100000000000065e+01,-4.789944702056590509e-01
1.361200000000000010e+01,-5.296294329566825221e-01
1.361299999999999955e+01,-5.812632777700214026e-01
1.361400000000000077e+01,-6.203533812011988724e-01
1.361500000000000021e+01,-6.016893930895277354e-01
1.361599999999999966e+01,-5.625400845647785530e-01
1.361700000000000088e+01,-5.212313448102158242e-01
1.361800000000000033e+01,-5.700190843858365941e-01
1.361899999999999977e+01,-5.121228783476264868e-01
1.362000000000000099e+01,-4.705579015371778029e-01
1.362100000000000044e+01,-4.489960197752391191e-01
1.362199999999999989e+01,-4.150797629857850279e-01
1.362300000000000111e+01,-3.741302104168400255e-01
1.362400000000000055e+01,-3.795887583451544312e-01
1.362500000000000000e+01,-3.798865399172604018e-01
1.362599999999999945e+01,-4.023244533963699077e-01
1.362700000000000067e+01,-3.975774161279238550e-01
1.362800000000000011e+01,-4.585547714719899748e-01
1.362899999999999956e+01,-4.870734303108098517e-01
1.363000000000000078e+01,-5.030752998877041637e-01
1.363100000000000023e+01,-5.059477071348192911e-01
1.363199999999999967e+01,-5.447474642890504093e-01
1.363300000000000090e+01,-5.828082890943184768e-01
1.363400000000000034e+01,-5.900174854617068476e-01
1.363499999999999979e+01,-6.031917561047198673e-01
1.363600000000000101e+01,-5.564131500220034221e-01
1.363700000000000045e+01,-5.503928716935235776e-01
1.363799999999999990e+01,-5.587331266361283966e-01
1.363900000000000112e+01,-4.920980835607359216e-01
1.364000000000000057e+01,-4.776876175661152191e-01
1.364100000000000001e+01,-4.818662316121262168e-01
1.364199999999999946e+01,-4.603449226354159873e-01
1.364300000000000068e+01,-3.978335786389999851e-01
1.364400000000000013e+01,-3.977121851440972855e-01
1.364499999999999957e+01,-3.684592473511365540e-01
1.364600000000000080e+01,-3.733936218403780538e-01
1.364700000000000024e+01,-4.359264194184815366e-01
1.364799999999999969e+01,-4.364711858935809152e-01
1.364900000000000091e+01,-4.543532244667696229e-01
1.365000000000000036e+01,-5.100431663727208464e-01
1.365099999999999980e+01,-5.099999809141780860e-01
1.365200000000000102e+01,-5.581145232628660358e-01
1.365300000000000047e+01,-5.920258986605212437e-01
1.365399999999999991e+01,-5.798973701288830940e-01
1.365500000000000114e+01,-5.689298910288421718e-01
1.365600000000000058e+01,-5.862966708657766368e-01
1.365700000000000003e+01,-5.941757816790865787e-01
1.365799999999999947e+01,-5.614235920720530570e-01
1.365900000000000070e+01,-5.386615086775559114e-01
1.366000000000000014e+01,-5.098358192703467129e-01
1.366099999999999959e+01,-4.646721301074956956e-01
1.366200000000000081e+01,-4.468228252456196703e-01
1.366300000000000026e+01,-4.287217000283288226e-01
1.366399999999999970e+01,-3.992543753809826845e-01
1.366500000000000092e+01,-3.967798413055833029e-01
1.366600000000000037e+01,-4.246469559717223619e-01
1.366699999999999982e+01,-3.911072595060982038e-01
1.366800000000000104e+01,-4.105202961607264944e-01
1.366900000000000048e+01,-4.876520110665549246e-01
1.366999999999999993e+01,-4.969477000400854827e-01
1.367100000000000115e+01,-5.190288448144598776e-01
1.367200000000000060e+01,-5.902662369263885767e-01
1.367300000000000004e+01,-5.702497325340385448e-01
1.367399999999999949e+01,-5.798872320279598869e-01
1.367500000000000071e+01,-6.138125304863359943e-01
1.367600000000000016e+01,-5.959190634970616962e-01
1.367699999999999960e+01,-6.080764622335850245e-01
1.367800000000000082e+01,-5.586909603747481912e-01
1.367900000000000027e+01,-5.049773117425528923e-01
1.367999999999999972e+01,-4.740543196896974121e-01
1.368100000000000094e+01,-4.273457161618567368e-01
1.368200000000000038e+01,-4.759311626927898442e-01
1.368299999999999983e+01,-3.834303568916745952e-01
1.368400000000000105e+01,-4.030864453876716325e-01
1.368500000000000050e+01,-3.458873715984455144e-01
1.368599999999999994e+01,-3.659549780638837180e-01
1.368700000000000117e+01,-3.649932290494438125e-01
1.368800000000000061e+01,-4.560471384674611994e-01
1.368900000000000006e+01,-4.566855685571474810e-01
1.368999999999999950e+01,-4.621441849990753914e-01
1.369100000000000072e+01,-5.458345211442877654e-01
1.369200000000000017e+01,-5.449641665990495598e-01
1.369299999999999962e+01,-5.149327939101303597e-01
1.369400000000000084e+01,-5.794432337787505105e-01
1.369500000000000028e+01,-5.706909269697559850e-01
1.369599999999999973e+01,-5.983461158830810644e-01
1.369700000000000095e+01,-5.301159538801341053e-01
1.369800000000000040e+01,-5.527386450780858995e-01
1.369899999999999984e+01,-5.321290129159566007e-01
1.370000000000000107e+01,-5.072791523175659290e-01
1.370100000000000051e+01,-4.207875143380850891e-01
1.370199999999999996e+01,-4.147615125791923041e-01
1.370299999999999940e+01,-3.995980831646360754e-01
1.370400000000000063e+01,-3.617834307998884502e-01
1.370500000000000007e+01,-3.384244232502796601e-01
1.370599999999999952e+01,-3.499373700818700916e-01
1.370700000000000074e+01,-3.884260062006456571e-01
1.370800000000000018e+01,-4.179760580847233786e-01
1.370899999999999963e+01,-4.263484231490412557e-01
1.371000000000000085e+01,-4.705075001646972788e-01
1.371100000000000030e+01,-4.868239594804188441e-01
1.371199999999999974e+01,-4.974394703466012979e-01
1.371300000000000097e+01,-5.261710002017560006e-01
1.371400000000000041e+01,-4.885256143168990595e-01
1.371499999999999986e+01,-5.570352772641510297e-01
1.371600000000000108e+01,-5.308363536230789048e-01
1.371700000000000053e+01,-5.043540089061362419e-01
1.371799999999999997e+01,-4.624887992260029446e-01
1.371899999999999942e+01,-4.660437349105402971e-01
1.372000000000000064e+01,-4.439753729991339770e-01
1.372100000000000009e+01,-3.955201808810657749e-01
1.372199999999999953e+01,-3.590931353586444552e-01
1.372300000000000075e+01,-3.396690438649805355e-01
1.372400000000000020e+01,-3.421199796967023810e-01
1.372499999999999964e+01,-3.238488444546808731e-01
1.372600000000000087e+01,-3.138572591485995766e-01
1.372700000000000031e+01,-3.577583087222426794e-01
1.372799999999999976e+01,-3.805104447120090660e-01
1.372900000000000098e+01,-3.679624640482661024e-01
1.373000000000000043e+01,-4.069884472566577260e-01
1.373099999999999987e+01,-4.178240451738962635e-01
1.373200000000000109e+01,-4.679604980671463466e-01
1.373300000000000054e+01,-4.816440826169558487e-01
1.373399999999999999e+01,-4.803821641246102114e-01
1.373499999999999943e+01,-5.224533272423808050e-01
1.373600000000000065e+01,-4.823929104504718901e-01
1.373700000000000010e+01,-4.890921417221903433e-01
1.373799999999999955e+01,-4.147870001349734381e-01
1.373900000000000077e+01,-3.969552848933294298e-01
1.374000000000000021e+01,-3.767765197667406474e-01
1.374099999999999966e+01,-3.764257161678441488e-01
1.374200000000000088e+01,-3.375528092863681051e-01
1.374300000000000033e+01,-2.752960070394863679e-01
1.374399999999999977e+01,-2.493607527890734921e-01
1.374500000000000099e+01,-3.032904451815254809e-01
1.374600000000000044e+01,-2.700465812480163375e-01
1.374699999999999989e+01,-2.783630399610392270e-01
1.374800000000000111e+01,-2.924369042566987709e-01
1.374900000000000055e+01,-3.297792235126100757e-01
1.375000000000000000e+01,-3.571563235584352958e-01
1.375099999999999945e+01,-3.955485116175180837e-01
1.375200000000000067e+01,-4.011032590329957626e-01
1.375300000000000011e+01,-4.280643059672210593e-01
1.375399999999999956e+01,-4.244709508662791175e-01
1.375500000000000078e+01,-4.459773891937499624e-01
1.375600000000000023e+01,-4.154626920372607168e-01
1.375699999999999967e+01,-3.991162701873985919e-01
1.375800000000000090e+01,-4.298126965476791184e-01
1.375900000000000034e+01,-3.608982120752393663e-01
1.375999999999999979e+01,-3.347733534148511492e-01
1.376100000000000101e+01,-2.796371188298326649e-01
1.376200000000000045e+01,-2.464383892229190520e-01
1.376299999999999990e+01,-2.518948540003631553e-01
1.376400000000000112e+01,-2.056463624630777143e-01
1.376500000000000057e+01,-2.291096737853925702e-01
1.376600000000000001e+01,-2.159421558399096663e-01
1.376699999999999946e+01,-2.249027363621393660e-01
1.376800000000000068e+01,-1.883400264818682335e-01
1.376900000000000013e+01,-2.739453443563885093e-01
1.376999999999999957e+01,-3.259373168097354223e-01
1.377100000000000080e+01,-3.219291368550871169e-01
1.377200000000000024e+01,-3.644555989925182815e-01
1.377299999999999969e+01,-3.823410146572963075e-01
1.377400000000000091e+01,-3.798357342823879268e-01
1.377500000000000036e+01,-3.607954362994454378e-01
1.377599999999999980e+01,-3.449907956170373269e-01
1.377700000000000102e+01,-3.090537698318120974e-01
1.377800000000000047e+01,-2.791986686763535674e-01
1.377899999999999991e+01,-2.984182050780350703e-01
1.378000000000000114e+01,-2.569139097496566659e-01
1.378100000000000058e+01,-2.431677198335836509e-01
1.378200000000000003e+01,-1.965347403166499418e-01
1.378299999999999947e+01,-1.968266697556294020e-01
1.378400000000000070e+01,-1.373851565589248036e-01
1.378500000000000014e+01,-1.393059992736192243e-01
1.378599999999999959e+01,-1.421898151374887953e-01
1.378700000000000081e+01,-1.302556712395869787e-01
1.378800000000000026e+01,-1.724958915956111283e-01
1.378899999999999970e+01,-1.916359685387513390e-01
1.379000000000000092e+01,-2.255159507444158273e-01
1.379100000000000037e+01,-2.496804071657132140e-01
1.379199999999999982e+01,-2.867487647216938607e-01
1.379300000000000104e+01,-2.906620487486973881e-01
1.379400000000000048e+01,-3.074915228355013519e-01
1.379499999999999993e+01,-3.009002861067917589e-01
1.379600000000000115e+01,-3.380424042766877468e-01
1.379700000000000060e+01,-2.729080109156649669e-01
1.379800000000000004e+01,-2.084447967761872411e-01
1.379899999999999949e+01,-2.287660951611324156e-01
1.380000000000000071e+01,-1.804200091056549216e-01
1.380100000000000016e+01,-1.686776112983320863e-01
1.380199999999999960e+01,-1.285509320783596310e-01
1.380300000000000082e+01,-8.593700383385079189e-02
1.380400000000000027e+01,-7.685849907259871550e-02
1.380499999999999972e+01,-6.719475026388860295e-02
1.380600000000000094e+01,-7.264605773834993674e-02
1.380700000000000038e+01,-8.836428136768326169e-02
1.380799999999999983e+01,-1.372858674368276077e-01
1.380900000000000105e+01,-1.318002854828870807e-01
1.381000000000000050e+01,-1.202401088731683970e-01
1.381099999999999994e+01,-1.581458929700423899e-01
1.381200000000000117e+01,-1.979128980966401719e-01
1.381300000000000061e+01,-2.498828141079440512e-01
1.381400000000000006e+01,-2.492385386487373788e-01
1.381499999999999950e+01,-2.086689128054975417e-01
1.381600000000000072e+01,-2.189949834593037936e-01
1.381700000000000017e+01,-1.925379861299118534e-01
1.381799999999999962e+01,-1.731972434823022822e-01
1.381900000000000084e+01,-1.408943420954588688e-01
1.382000000000000028e+01,-9.361697048201045313e-02
1.382099999999999973e+01,-5.529385854655635701e-02
1.382200000000000095e+01,-2.875814424533511271e-02
1.382300000000000040e+01,-2.330540398410704817e-02
1.382399999999999984e+01,4.171912363419852388e-02
1.382500000000000107e+01,3.481421334025863734e-02
1.382600000000000051e+01,-3.509105341682625112e-03
1.382699999999999996e+01,1.200292425296957399e-02
1.382799999999999940e+01,4.645316023427215057e-04
1.382900000000000063e+01,-3.792575929741366647e-02
1.383000000000000007e+01,-9.848681559824774834e-02
1.383099999999999952e+01,-1.177787731332795573e-01
1.383200000000000074e+01,-1.148602500563199597e-01
1.383300000000000018e+01,-1.070166820037263267e-01
1.383399999999999963e+01,-1.509639382018737042e-01
1.383500000000000085e+01,-1.363469585797344452e-01
1.383600000000000030e+01,-1.276168425894411707e-01
1.383699999999999974e+01,-1.186181516863181740e-01
1.383800000000000097e+01,-7.035052514658315936e-02
1.383900000000000041e+01,-9.070007913641184305e-02
1.383999999999999986e+01,-2.282782665851353782e-02
1.384100000000000108e+01,2.495264789538428896e-02
1.384200000000000053e+01,3.548918767089922349e-02
1.384299999999999997e+01,6.004354757638635104e-02
1.384399999999999942e+01,9.005707329614592860e-02
1.384500000000000064e+01,1.043807860858229214e-01
1.384600000000000009e+01,8.671342966544694220e-02
1.384699999999999953e+01,9.167585512690182292e-02
1.384800000000000075e+01,6.670989502053838172e-02
1.384900000000000020e+01,3.981061461584312761e-02
1.384999999999999964e+01,1.578340697913316673e-02
1.385100000000000087e+01,4.771477218027817685e-03
1.385200000000000031e+01,-3.445444373479437938e-02
1.385299999999999976e+01,-4.697750683323295706e-02
1.385400000000000098e+01,-7.875770655615899063e-03
1.385500000000000043e+01,-5.320491833239281848e-02
1.385599999999999987e+01,-9.650617835096103603e-02
1.385700000000000109e+01,-6.113679871549212996e-02
1.385800000000000054e+01,8.790426274322485356e-04
1.385899999999999999e+01,5.102485708422092869e-02
1.385999999999999943e+01,3.592592903387276798e-02
1.386100000000000065e+01,9.058643105576728860e-02
1.386200000000000010e+01,9.635180459166949041e-02
1.386299999999999955e+01,1.115159342133770493e-01
1.386400000000000077e+01,1.787317848049715940e-01
1.386500000000000021e+01,1.834771933063313321e-01
1.386599999999999966e+01,1.593280877472639245e-01
1.386700000000000088e+01,1.423352072027792015e-01
1.386800000000000033e+01,1.708083118049698312e-01
1.386899999999999977e+01,1.376360499174731633e-01
1.387000000000000099e+01,1.061986328548894382e-01
1.387100000000000044e+01,8.809822055215733860e-02
1.387199999999999989e+01,6.421820725562585319e-02
1.387300000000000111e+01,5.073028834313170199e-02
1.387400000000000055e+01,2.281851332725931547e-04
1.387500000000000000e+01,2.457702951149401405e-03
1.387599999999999945e+01,2.136576676445743617e-02
1.387700000000000067e+01,6.714696406698630882e-02
1.387800000000000011e+01,7.216085877696690187e-02
1.387899999999999956e+01,9.342000235609426717e-02
1.388000000000000078e+01,1.358008759353446504e-01
1.388100000000000023e+01,1.517433007227732833e-01
1.388199999999999967e+01,2.038077783154941258e-01
1.388300000000000090e+01,2.493916518213153966e-01
1.388400000000000034e+01,2.588371362207504967e-01
1.388499999999999979e+01,2.867980474761191445e-01
1.388600000000000101e+01,2.804238111622464613e-01
1.388700000000000045e+01,2.683574580901668671e-01
1.388799999999999990e+01,2.177186233172953567e-01
1.388900000000000112e+01,1.891592927656787493e-01
1.389000000000000057e+01,1.978985496089098739e-01
1.389100000000000001e+01,1.414711909653179056e-01
1.389199999999999946e+01,1.002381035876985377e-01
1.389300000000000068e+01,8.472864773107058323e-02
1.389400000000000013e+01,1.194801872131338039e-01
1.389499999999999957e+01,6.021660159382427602e-02
1.389600000000000080e+01,9.517876534753558215e-02
1.389700000000000024e+01,1.085885768228020964e-01
1.389799999999999969e+01,1.737960977220706082e-01
1.389900000000000091e+01,2.008374489329699253e-01
1.390000000000000036e+01,2.157695032172109728e-01
1.390099999999999980e+01,2.378494714150612699e-01
1.390200000000000102e+01,2.752297534269389501e-01
1.390300000000000047e+01,3.109990485390340398e-01
1.390399999999999991e+01,3.287395044983725256e-01
1.390500000000000114e+01,3.312800299177863783e-01
1.390600000000000058e+01,3.431829798854876268e-01
1.390700000000000003e+01,2.982163923705447584e-01
1.390799999999999947e+01,3.121314402754217232e-01
1.390900000000000070e+01,2.638776719562698214e-01
1.391000000000000014e+01,2.486250736354688184e-01
1.391099999999999959e+01,2.601058689308647365e-01
1.391200000000000081e+01,1.822014879912643714e-01
1.391300000000000026e+01,1.950428747973573240e-01
1.391399999999999970e+01,1.695331498825126126e-01
1.391500000000000092e+01,1.715006066682880637e-01
1.391600000000000037e+01,1.714922358081281961e-01
1.391699999999999982e+01,1.976671432627486458e-01
1.391800000000000104e+01,2.191503292071753928e-01
1.391900000000000048e+01,2.001174807576296399e-01
1.391999999999999993e+01,2.754042027561131034e-01
1.392100000000000115e+01,3.121396791905839962e-01
1.392200000000000060e+01,3.591210962210495961e-01
1.392300000000000004e+01,3.765248296195060074e-01
1.392399999999999949e+01,3.785513656146886063e-01
1.392500000000000071e+01,4.212172017451221162e-01
1.392600000000000016e+01,3.986499806936287804e-01
1.392699999999999960e+01,3.784989637784629823e-01
1.392800000000000082e+01,3.697094406222208307e-01
1.392900000000000027e+01,3.487950509780483599e-01
1.392999999999999972e+01,3.163199169067647532e-01
1.393100000000000094e+01,3.129576576404988209e-01
1.393200000000000038e+01,2.499449358280584899e-01
1.393299999999999983e+01,2.410853759547086361e-01
1.393400000000000105e+01,2.434534582511939660e-01
1.393500000000000050e+01,2.516350428343177015e-01
1.393599999999999994e+01,2.277557769457682069e-01
1.393700000000000117e+01,2.557842534157745984e-01
1.393800000000000061e+01,2.877418718088551319e-01
1.393900000000000006e+01,3.321599251959128085e-01
1.393999999999999950e+01,3.443798742619187947e-01
1.394100000000000072e+01,3.511848035946085744e-01
1.394200000000000017e+01,4.051742797611792568e-01
1.394299999999999962e+01,4.442806010288609109e-01
1.394400000000000084e+01,4.194557287321909467e-01
1.394500000000000028e+01,4.535329955726540296e-01
1.394599999999999973e+01,4.687060027609845081e-01
1.394700000000000095e+01,4.408961535176575963e-01
1.394800000000000040e+01,3.951563199738811205e-01
1.394899999999999984e+01,3.997386829631777716e-01
1.395000000000000107e+01,3.446944764979772424e-01
1.395100000000000051e+01,3.302897399316684357e-01
1.395199999999999996e+01,3.348032574595597444e-01
1.395299999999999940e+01,3.050143378242329284e-01
1.395400000000000063e+01,2.669912410980958550e-01
1.395500000000000007e+01,2.834050713824491918e-01
1.395599999999999952e+01,2.971331230662072054e-01
1.395700000000000074e+01,3.357681462686095686e-01
1.395800000000000018e+01,3.667963214102699654e-01
1.395899999999999963e+01,3.780696085514319571e-01
1.396000000000000085e+01,3.943449429510932913e-01
1.396100000000000030e+01,4.683463492400096184e-01
1.396199999999999974e+01,4.586864998793275805e-01
1.396300000000000097e+01,4.747332911922791943e-01
1.396400000000000041e+01,4.984233321123071603e-01
1.396499999999999986e+01,5.401339981703416893e-01
1.396600000000000108e+01,5.128980681206314340e-01
1.396700000000000053e+01,5.000319225728023786e-01
1.396799999999999997e+01,4.751432499077617999e-01
1.396899999999999942e+01,4.521273816287726954e-01
1.397000000000000064e+01,3.965259994264385135e-01
1.397100000000000009e+01,3.818988861142268987e-01
1.397199999999999953e+01,3.955168694353909942e-01
1.397300000000000075e+01,3.681523742981661074e-01
1.397400000000000020e+01,2.943751386570481188e-01
1.397499999999999964e+01,3.311402789831454641e-01
1.397600000000000087e+01,3.450409803747157556e-01
1.397700000000000031e+01,3.160757973221250960e-01
1.397799999999999976e+01,3.567885590807349239e-01
1.397900000000000098e+01,4.136648814465734292e-01
1.398000000000000043e+01,4.406025058007685957e-01
1.398099999999999987e+01,4.770176314952486729e-01
1.398200000000000109e+01,5.146123665247385182e-01
1.398300000000000054e+01,5.513430227531942451e-01
1.398399999999999999e+01,5.613780476408014586e-01
1.398499999999999943e+01,5.509463723428392745e-01
1.398600000000000065e+01,5.727085726324212533e-01
1.398700000000000010e+01,5.360055020256968561e-01
1.398799999999999955e+01,5.250087147446622637e-01
1.398900000000000077e+01,5.292899087683254900e-01
1.399000000000000021e+01,4.667315578838392987e-01
1.399099999999999966e+01,4.139868847093650106e-01
1.399200000000000088e+01,3.826767649080406453e-01
1.399300000000000033e+01,3.520785513613610140e-01
1.399399999999999977e+01,3.679207040087318359e-01
1.399500000000000099e+01,3.488673928600389829e-01
1.399600000000000044e+01,3.769001014632290536e-01
1.399699999999999989e+01,4.515163406132235990e-01
1.399800000000000111e+01,4.236924391704667836e-01
1.399900000000000055e+01,4.726521574775390810e-01
1.400000000000000000e+01,4.840247704977861942e-01
1.400099999999999945e+01,5.151410794525292935e-01
1.400200000000000067e+01,5.559244241912740803e-01
1.400300000000000011e+01,5.552250210523390628e-01
1.400399999999999956e+01,5.802692828904983946e-01
1.400500000000000078e+01,5.686741755227824324e-01
1.400600000000000023e+01,5.909152512478424990e-01
1.400699999999999967e+01,5.306457873363955580e-01
1.400800000000000090e+01,5.588610979610929563e-01
1.400900000000000034e+01,5.544204761749854660e-01
1.400999999999999979e+01,4.871513980730682314e-01
1.401100000000000101e+01,4.484240972730732522e-01
1.401200000000000045e+01,4.366719940080836526e-01
1.401299999999999990e+01,4.181714988658855603e-01
1.401400000000000112e+01,3.990889783345035191e-01
1.401500000000000057e+01,3.596612133948191570e-01
1.401600000000000001e+01,3.668341597486800554e-01
1.401699999999999946e+01,4.187240627309728458e-01
1.401800000000000068e+01,4.507840791397156877e-01
1.401900000000000013e+01,4.564389558872976593e-01
1.401999999999999957e+01,4.876185959138182868e-01
1.402100000000000080e+01,5.236058611702009147e-01
1.402200000000000024e+01,5.460227509025928905e-01
1.402299999999999969e+01,5.640440493780762843e-01
1.402400000000000091e+01,5.548750238284799741e-01
1.402500000000000036e+01,6.124403963759561531e-01
1.402599999999999980e+01,6.061123832452086635e-01
1.402700000000000102e+01,5.695174761847967559e-01
1.402800000000000047e+01,5.569256004444576025e-01
1.402899999999999991e+01,5.287792588013449091e-01
1.403000000000000114e+01,5.189165148267187444e-01
1.403100000000000058e+01,4.702592696522767679e-01
1.403200000000000003e+01,4.521409415087275785e-01
1.403299999999999947e+01,4.284204072022848586e-01
1.403400000000000070e+01,4.163027020126071620e-01
1.403500000000000014e+01,3.942912313067363783e-01
1.403599999999999959e+01,4.171597118403984061e-01
1.403700000000000081e+01,4.269133457562452882e-01
1.403800000000000026e+01,4.480366188252166149e-01
1.403899999999999970e+01,4.685566114284056005e-01
1.404000000000000092e+01,4.441983273496770135e-01
1.404100000000000037e+01,5.578084652217909500e-01
1.404199999999999982e+01,5.396926171638644076e-01
1.404300000000000104e+01,5.952029409522821002e-01
1.404400000000000048e+01,5.851288124782881850e-01
1.404499999999999993e+01,6.220883229450347995e-01
1.404600000000000115e+01,5.777020561816833544e-01
1.404700000000000060e+01,5.670738594450874803e-01
1.404800000000000004e+01,5.375338678194144792e-01
1.404899999999999949e+01,4.984291986221662807e-01
1.405000000000000071e+01,4.993301786450725088e-01
1.405100000000000016e+01,4.614357680777256276e-01
1.405199999999999960e+01,4.381284993724182675e-01
1.405300000000000082e+01,4.175248574998792206e-01
1.405400000000000027e+01,4.147894138138834563e-01
1.405499999999999972e+01,3.726685694019086226e-01
1.405600000000000094e+01,3.883987382954743883e-01
1.405700000000000038e+01,3.669077367845986481e-01
1.405799999999999983e+01,4.442069651375105677e-01
1.405900000000000105e+01,4.323028346835463553e-01
1.406000000000000050e+01,5.132347518839208700e-01
1.406099999999999994e+01,5.119173526241497241e-01
1.406200000000000117e+01,5.414855024550644380e-01
1.406300000000000061e+01,5.722504776491945666e-01
1.406400000000000006e+01,5.476461427738812393e-01
1.406499999999999950e+01,6.078337040550806369e-01
1.406600000000000072e+01,6.166105164527714289e-01
1.406700000000000017e+01,5.514218273677744531e-01
1.406799999999999962e+01,5.473760271076476558e-01
1.406900000000000084e+01,5.578855635632339327e-01
1.407000000000000028e+01,4.783320522137576858e-01
1.407099999999999973e+01,4.856322915384182481e-01
1.407200000000000095e+01,4.187961617877279386e-01
1.407300000000000040e+01,3.913029990801563662e-01
1.407399999999999984e+01,4.101645605205108680e-01
1.407500000000000107e+01,3.880856669207611853e-01
1.407600000000000051e+01,3.915073864781217772e-01
1.407699999999999996e+01,3.940333906102617689e-01
1.407800000000000118e+01,4.120926308253204939e-01
1.407900000000000063e+01,4.312510803626682376e-01
1.408000000000000007e+01,4.726272320362825408e-01
1.408099999999999952e+01,5.351811684875493746e-01
1.408200000000000074e+01,5.401066539156652579e-01
1.408300000000000018e+01,5.441564674266242685e-01
1.408399999999999963e+01,5.698933105126720022e-01
1.408500000000000085e+01,5.770174358742636844e-01
1.408600000000000030e+01,5.447854997064520699e-01
1.408699999999999974e+01,5.451513193808356084e-01
1.408800000000000097e+01,5.286281079856756104e-01
1.408900000000000041e+01,5.062417127169999143e-01
1.408999999999999986e+01,4.240318547624806755e-01
1.409100000000000108e+01,4.040826696157983067e-01
1.409200000000000053e+01,4.108233277138980122e-01
1.409299999999999997e+01,3.628910590307874995e-01
1.409399999999999942e+01,3.350977272518456673e-01
1.409500000000000064e+01,3.391005024435889137e-01
1.409600000000000009e+01,3.322637279032760738e-01
1.409699999999999953e+01,3.926110561680354882e-01
1.409800000000000075e+01,4.066225324607980474e-01
1.409900000000000020e+01,4.168630516349980941e-01
1.409999999999999964e+01,4.278374077860979674e-01
1.410100000000000087e+01,4.467694063108795244e-01
1.410200000000000031e+01,5.162655982551145328e-01
1.410299999999999976e+01,4.839071085239735059e-01
1.410400000000000098e+01,5.299950981721980314e-01
1.410500000000000043e+01,5.424499355757750330e-01
1.410599999999999987e+01,5.138053108955347170e-01
1.410700000000000109e+01,5.161407378408787716e-01
1.410800000000000054e+01,4.707944654712002963e-01
1.410899999999999999e+01,4.753184550536925235e-01
1.410999999999999943e+01,4.128525877772679653e-01
1.411100000000000065e+01,3.848249307131269004e-01
1.411200000000000010e+01,3.586017178004042294e-01
1.411299999999999955e+01,3.349822612509877895e-01
1.411400000000000077e+01,3.346540271044233794e-01
1.411500000000000021e+01,3.186549346171217989e-01
1.411599999999999966e+01,2.835057486189438980e-01
1.411700000000000088e+01,2.973108240983691752e-01
1.411800000000000033e+01,3.534702962748743627e-01
1.411899999999999977e+01,3.634507915374945441e-01
1.412000000000000099e+01,3.387886724734723853e-01
1.412100000000000044e+01,4.731001121893886330e-01
1.412199999999999989e+01,4.349662523449567830e-01
1.412300000000000111e+01,4.568912905657321888e-01
1.412400000000000055e+01,4.574590204281301919e-01
1.412500000000000000e+01,4.878406038744308448e-01
1.412599999999999945e+01,4.471724794898130906e-01
1.412700000000000067e+01,4.691292298110260606e-01
1.412800000000000011e+01,4.085265359252097661e-01
1.412899999999999956e+01,4.030195178876462836e-01
1.413000000000000078e+01,3.703963920344838234e-01
1.413100000000000023e+01,3.157197548739477666e-01
1.413199999999999967e+01,3.320516496301810783e-01
1.413300000000000090e+01,2.693770639062365579e-01
1.413400000000000034e+01,2.108460964623894707e-01
1.413499999999999979e+01,2.905542318278496738e-01
1.413600000000000101e+01,2.765033693715971408e-01
1.413700000000000045e+01,2.539037347878425055e-01
1.413799999999999990e+01,2.676318141691329533e-01
1.413900000000000112e+01,3.404428677098297884e-01
1.414000000000000057e+01,3.220414971871070065e-01
1.414100000000000001e+01,3.848118074623854690e-01
1.414199999999999946e+01,3.967494612151134525e-01
1.414300000000000068e+01,4.170886453172047426e-01
1.414400000000000013e+01,4.031220015035184012e-01
1.414499999999999957e+01,4.284524116523416026e-01
1.414600000000000080e+01,4.136953754827077945e-01
1.414700000000000024e+01,3.866977915570007918e-01
1.414799999999999969e+01,3.390173762354712905e-01
1.414900000000000091e+01,3.318737840920525928e-01
1.415000000000000036e+01,3.322785060107016908e-01
1.415099999999999980e+01,2.643636424402839302e-01
1.415200000000000102e+01,2.222162439032591696e-01
1.415300000000000047e+01,2.480168443740251860e-01
1.415399999999999991e+01,1.965097515687925234e-01
1.415500000000000114e+01,2.347412042959933498e-01
1.415600000000000058e+01,2.343159690273290685e-01
1.415700000000000003e+01,1.507520107479850824e-01
1.415799999999999947e+01,2.259523471672834627e-01
1.415900000000000070e+01,2.543620961504857725e-01
1.416000000000000014e+01,2.894652275580770207e-01
1.416099999999999959e+01,3.085463612233719788e-01
1.416200000000000081e+01,1.319885392781262823e+00
1.416300000000000026e+01,6.744300724789168422e-01
1.416399999999999970e+01,-1.445534969377201273e-01
1.416500000000000092e+01,3.520157899066365115e-01
1.416600000000000037e+01,3.632032680462909391e-01
1.416699999999999982e+01,3.465775734866267110e-01
1.416800000000000104e+01,2.867968866138870254e-01
1.416900000000000048e+01,2.277084567227775080e-01
1.416999999999999993e+01,2.302777950899024539e-01
1.417100000000000115e+01,2.223538177267252169e-01
1.417200000000000060e+01,1.652309063247898169e-01
1.417300000000000004e+01,1.530866186050984512e-01
1.417399999999999949e+01,1.398008970126196626e-01
1.417500000000000071e+01,9.410145224193716684e-02
1.417600000000000016e+01,1.070111489358453738e-01
1.417699999999999960e+01,1.183724607945513818e-01
1.417800000000000082e+01,1.445343089671126402e-01
1.417900000000000027e+01,1.543772195009711357e-01
1.417999999999999972e+01,2.261398910730634260e-01
1.418100000000000094e+01,2.449593488163017696e-01
1.418200000000000038e+01,2.687858947707165713e-01
1.418299999999999983e+01,2.582686997495148296e-01
1.418400000000000105e+01,2.566768418351757508e-01
1.418500000000000050e+01,2.855693545097865438e-01
1.418599999999999994e+01,2.344821394712727769e-01
1.418700000000000117e+01,2.993910052569313529e-01
1.418800000000000061e+01,2.523036612571012416e-01
1.418900000000000006e+01,1.539871673144298792e-01
1.418999999999999950e+01,1.695950695422155097e-01
1.419100000000000072e+01,1.422991014306053958e-01
1.419200000000000017e+01,9.229226109171274894e-02
1.419299999999999962e+01,1.003160068242544417e-01
1.419400000000000084e+01,3.020099297967018814e-02
1.419500000000000028e+01,4.265715031215042141e-02
1.419599999999999973e+01,5.966114379848967697e-02
1.419700000000000095e+01,7.686604053941839543e-02
1.419800000000000040e+01,8.981794201672244071e-02
1.419899999999999984e+01,1.053810939353824194e-01
1.420000000000000107e+01,1.060420097943458734e-01
1.420100000000000051e+01,1.247097182053041736e-01
1.420199999999999996e+01,1.819896334682852834e-01
1.420300000000000118e+01,2.099887169862325320e-01
1.420400000000000063e+01,1.555278732449175694e-01
1.420500000000000007e+01,2.450895405313233966e-01
1.420599999999999952e+01,1.829575627399901150e-01
1.420700000000000074e+01,1.875407681783374247e-01
1.420800000000000018e+01,1.205671149991992958e-01
1.420899999999999963e+01,9.898930843979530936e-02
1.421000000000000085e+01,1.009391594222538435e-01
1.421100000000000030e+01,7.392336738099350435e-02
1.421199999999999974e+01,3.145595345451004943e-02
1.421300000000000097e+01,3.934350309836354143e-03
1.421400000000000041e+01,-3.291420731278699163e-02
1.421499999999999986e+01,-5.894820698784018764e-02
1.421600000000000108e+01,-6.630213704570722677e-02
1.421700000000000053e+01,-5.991437306014454900e-02
1.421799999999999997e+01,-4.321694583624274832e-03
1.421899999999999942e+01,5.865835870119751744e-02
1.422000000000000064e+01,3.805373184809091036e-02
1.422100000000000009e+01,9.216629049122733452e-02
1.422199999999999953e+01,1.178789777280517814e-01
1.422300000000000075e+01,1.148582141462692330e-01
1.422400000000000020e+01,1.458929805764916932e-01
1.422499999999999964e+01,1.225350442646598037e-01
1.422600000000000087e+01,1.240828352482906405e-01
1.422700000000000031e+01,1.067213768824172293e-01
1.422799999999999976e+01,5.748251996122802354e-02
1.422900000000000098e+01,3.278614683200466867e-02
1.423000000000000043e+01,-9.025864470904601533e-03
1.423099999999999987e+01,-3.682492977412427787e-03
1.423200000000000109e+01,-1.708533705493946175e-02
1.423300000000000054e+01,-7.908085117366155103e-02
1.423399999999999999e+01,-1.093052338719177619e-01
1.423499999999999943e+01,-9.857134206764575635e-02
1.423600000000000065e+01,-1.078368672592329991e-01
1.423700000000000010e+01,-1.231228913405672531e-01
1.423799999999999955e+01,-8.127218908073401138e-02
1.423900000000000077e+01,-5.415397406976745626e-02
1.424000000000000021e+01,-2.928027058146769057e-02
1.424099999999999966e+01,-5.874212343949022225e-03
1.424200000000000088e+01,4.763336160877047754e-03
1.424300000000000033e+01,4.147946870916881246e-02
1.424399999999999977e+01,3.661929259321378138e-03
1.424500000000000099e+01,5.140411276684123121e-02
1.424600000000000044e+01,2.937776895267037169e-02
1.424699999999999989e+01,6.522363795345875737e-03
1.424800000000000111e+01,2.503563345551927666e-02
1.424900000000000055e+01,-1.417272518257180550e-02
1.425000000000000000e+01,-1.116882086270130914e-01
1.425099999999999945e+01,-9.536147919491777536e-02
1.425200000000000067e+01,-1.707223750430583720e-01
1.425300000000000011e+01,-2.027032338901794128e-01
1.425399999999999956e+01,-1.667246404783717106e-01
1.425500000000000078e+01,-1.866388575054267474e-01
1.425600000000000023e+01,-1.892776998005168410e-01
1.425699999999999967e+01,-1.941690769154834628e-01
1.425800000000000090e+01,-1.738171100919910783e-01
1.425900000000000034e+01,-1.359142569560946590e-01
1.425999999999999979e+01,-1.027455907571220989e-01
1.426100000000000101e+01,-9.640895992204218112e-02
1.426200000000000045e+01,-7.112357854378911770e-02
1.426299999999999990e+01,-5.888091688084305664e-02
1.426400000000000112e+01,-2.872165069972762441e-02
1.426500000000000057e+01,-2.795599954234423423e-02
1.426600000000000001e+01,-2.529179869521321067e-02
1.426699999999999946e+01,-7.342979740743971195e-02
1.426800000000000068e+01,-9.971918861299813863e-02
1.426900000000000013e+01,-9.477368355833425129e-02
1.426999999999999957e+01,-1.404646923542063885e-01
1.427100000000000080e+01,-1.529451712002975750e-01
1.427200000000000024e+01,-2.243298255075393544e-01
1.427299999999999969e+01,-2.653264295855555233e-01
1.427400000000000091e+01,-2.425842003553181636e-01
1.427500000000000036e+01,-2.954219713545238601e-01
1.427599999999999980e+01,-2.982145151989427645e-01
1.427700000000000102e+01,-2.939055033451834498e-01
1.427800000000000047e+01,-2.146094956023207045e-01
1.427899999999999991e+01,-2.052720749686660906e-01
1.428000000000000114e+01,-1.576287668497154126e-01
1.428100000000000058e+01,-1.755797510691779750e-01
1.428200000000000003e+01,-1.167727072334601990e-01
1.428299999999999947e+01,-1.641313906648549370e-01
1.428400000000000070e+01,-9.063933315228012155e-02
1.428500000000000014e+01,-1.240382465839565684e-01
1.428599999999999959e+01,-1.152683215596757849e-01
1.428700000000000081e+01,-1.339964445670178139e-01
1.428800000000000026e+01,-1.552937948879866692e-01
1.428899999999999970e+01,-2.254879357993017641e-01
1.429000000000000092e+01,-2.320175988769747066e-01
1.429100000000000037e+01,-2.870029420356746686e-01
1.429199999999999982e+01,-2.905386028572720103e-01
1.429300000000000104e+01,-3.228670106861700195e-01
1.429400000000000048e+01,-3.681667502768855016e-01
1.429499999999999993e+01,-3.411714441515726337e-01
1.429600000000000115e+01,-3.573752630479664627e-01
1.429700000000000060e+01,-3.447271989869271636e-01
1.429800000000000004e+01,-3.231894851790612644e-01
1.429899999999999949e+01,-3.052664372030963191e-01
1.430000000000000071e+01,-2.663291847728089801e-01
1.430100000000000016e+01,-2.451108087662465795e-01
1.430199999999999960e+01,-1.925931280349131858e-01
1.430300000000000082e+01,-2.082518597543594474e-01
1.430400000000000027e+01,-1.755085261725187196e-01
1.430499999999999972e+01,-2.062481161826868747e-01
1.430600000000000094e+01,-1.816787319993866112e-01
1.430700000000000038e+01,-1.928278157724525599e-01
1.430799999999999983e+01,-2.406953060220031193e-01
1.430900000000000105e+01,-2.644774619726049658e-01
1.431000000000000050e+01,-3.082200153450644908e-01
1.431099999999999994e+01,-3.098842317050823358e-01
1.431200000000000117e+01,-3.645478566393192121e-01
1.431300000000000061e+01,-3.948590411724527960e-01
1.431400000000000006e+01,-4.309978407333686090e-01
1.431499999999999950e+01,-4.022507837155512300e-01
1.431600000000000072e+01,-4.510392135249013945e-01
1.431700000000000017e+01,-3.841178053946713300e-01
1.431799999999999962e+01,-4.031056869216066429e-01
1.431900000000000084e+01,-3.663980913643010706e-01
1.432000000000000028e+01,-3.299323990776053539e-01
1.432099999999999973e+01,-3.474700169973758968e-01
1.432200000000000095e+01,-2.835901376614707314e-01
1.432300000000000040e+01,-2.878249845749730751e-01
1.432399999999999984e+01,-2.665067692239073138e-01
1.432500000000000107e+01,-2.482100312080670890e-01
1.432600000000000051e+01,-2.511360834677972553e-01
1.432699999999999996e+01,-2.962060486675743287e-01
1.432800000000000118e+01,-2.955173869803424114e-01
1.432900000000000063e+01,-3.475214888647240041e-01
1.433000000000000007e+01,-3.550463785983158926e-01
1.433099999999999952e+01,-4.029409358418037934e-01
1.433200000000000074e+01,-4.000804893459299350e-01
1.433300000000000018e+01,-4.281417549889184326e-01
1.433399999999999963e+01,-4.530250087235243583e-01
1.433500000000000085e+01,-4.498804564236528192e-01
1.433600000000000030e+01,-4.945341061371324454e-01
1.433699999999999974e+01,-4.368146034843423675e-01
1.433800000000000097e+01,-4.533590951643556854e-01
1.433900000000000041e+01,-4.252467742249148586e-01
1.433999999999999986e+01,-3.941195231864104698e-01
1.434100000000000108e+01,-3.304482636683495067e-01
1.434200000000000053e+01,-3.306511117831511526e-01
1.434299999999999997e+01,-2.916360766922547199e-01
1.434399999999999942e+01,-2.925435871900324836e-01
1.434500000000000064e+01,-2.894077263805743261e-01
1.434600000000000009e+01,-3.263952190403497933e-01
1.434699999999999953e+01,-3.084514781403820960e-01
1.434800000000000075e+01,-3.659982312085335865e-01
1.434900000000000020e+01,-3.781545546932042479e-01
1.434999999999999964e+01,-3.656824544833507384e-01
1.435100000000000087e+01,-4.609619975446185292e-01
1.435200000000000031e+01,-5.048745014256030839e-01
1.435299999999999976e+01,-5.113703060356273866e-01
1.435400000000000098e+01,-5.583108884267676819e-01
1.435500000000000043e+01,-5.523489352827798404e-01
1.435599999999999987e+01,-5.647436583401708177e-01
1.435700000000000109e+01,-5.214393108719042047e-01
1.435800000000000054e+01,-4.768301856736217315e-01
1.435899999999999999e+01,-4.593774677446122445e-01
1.435999999999999943e+01,-4.256021878920279722e-01
1.436100000000000065e+01,-3.643471314322904719e-01
1.436200000000000010e+01,-3.854782682149436868e-01
1.436299999999999955e+01,-3.818460885480217115e-01
1.436400000000000077e+01,-3.472494048730532801e-01
1.436500000000000021e+01,-3.543769888422865222e-01
1.436599999999999966e+01,-3.330969816762343605e-01
1.436700000000000088e+01,-3.675357854950313530e-01
1.436800000000000033e+01,-3.629980151182461978e-01
1.436899999999999977e+01,-4.286711344453997263e-01
1.437000000000000099e+01,-4.702031378937620576e-01
1.437100000000000044e+01,-4.719134583322954213e-01
1.437199999999999989e+01,-5.191726227609547717e-01
1.437300000000000111e+01,-5.550055009980168208e-01
1.437400000000000055e+01,-5.576737765141035474e-01
1.437500000000000000e+01,-5.522420512988482910e-01
1.437599999999999945e+01,-5.513513075617981762e-01
1.437700000000000067e+01,-5.264233318104480919e-01
1.437800000000000011e+01,-5.201240789500520822e-01
1.437899999999999956e+01,-5.027569157016987811e-01
1.438000000000000078e+01,-4.518851763183202586e-01
1.438100000000000023e+01,-4.231105683668378581e-01
1.438199999999999967e+01,-4.355496444421695923e-01
1.438300000000000090e+01,-4.187518129488158602e-01
1.438400000000000034e+01,-4.090597193771255968e-01
1.438499999999999979e+01,-3.901727645516137599e-01
1.438600000000000101e+01,-3.799711727838248065e-01
1.438700000000000045e+01,-4.176431489418614973e-01
1.438799999999999990e+01,-4.433620744974022809e-01
1.438900000000000112e+01,-4.658814144466592588e-01
1.439000000000000057e+01,-4.933738262933393681e-01
1.439100000000000001e+01,-4.928784831657181398e-01
1.439199999999999946e+01,-5.513764040081581275e-01
1.439300000000000068e+01,-5.324528186398204133e-01
1.439400000000000013e+01,-5.734995045846631445e-01
1.439499999999999957e+01,-5.424189982100544594e-01
1.439600000000000080e+01,-5.843141444007571295e-01
1.439700000000000024e+01,-5.840738253064869934e-01
1.439799999999999969e+01,-5.362987670736723000e-01
1.439900000000000091e+01,-5.258691692890828939e-01
1.440000000000000036e+01,-4.913953086986174723e-01
1.440099999999999980e+01,-4.747791288885918615e-01
1.440200000000000102e+01,-4.620180220678895000e-01
1.440300000000000047e+01,-4.642538314925548915e-01
1.440399999999999991e+01,-4.138236809289033147e-01
1.440500000000000114e+01,-4.320285161500747595e-01
1.440600000000000058e+01,-3.981905144105936101e-01
1.440700000000000003e+01,-4.137451981000599965e-01
1.440799999999999947e+01,-4.327185934047165228e-01
1.440900000000000070e+01,-4.493658478757348584e-01
1.441000000000000014e+01,-4.862940888096403125e-01
1.441099999999999959e+01,-5.302220447839419704e-01
1.441200000000000081e+01,-5.600802012105979832e-01
1.441300000000000026e+01,-5.891147639212652720e-01
1.441399999999999970e+01,-6.094546663435648215e-01
1.441500000000000092e+01,-5.940999373467442668e-01
1.441600000000000037e+01,-5.946227209847019246e-01
1.441699999999999982e+01,-6.048020582479080032e-01
1.441800000000000104e+01,-5.820187570444232961e-01
1.441900000000000048e+01,-5.322224676075979488e-01
1.441999999999999993e+01,-5.155642455113738087e-01
1.442100000000000115e+01,-4.162425406971184128e-01
1.442200000000000060e+01,-4.561263247055465930e-01
1.442300000000000004e+01,-4.538444108767788476e-01
1.442399999999999949e+01,-4.227014075860743847e-01
1.442500000000000071e+01,-4.081595320798240278e-01
1.442600000000000016e+01,-4.213824156321240855e-01
1.442699999999999960e+01,-4.266934658200023933e-01
1.442800000000000082e+01,-4.325030669206795242e-01
1.442900000000000027e+01,-4.325331234162242411e-01
1.442999999999999972e+01,-5.276114040081690826e-01
1.443100000000000094e+01,-5.272714617446015994e-01
1.443200000000000038e+01,-5.293793394964549925e-01
1.443299999999999983e+01,-5.867128028994802458e-01
1.443400000000000105e+01,-6.029991030942860597e-01
1.443500000000000050e+01,-5.755220195533437000e-01
1.443599999999999994e+01,-5.599175061858038260e-01
1.443700000000000117e+01,-5.352734072466212023e-01
1.443800000000000061e+01,-5.559073351423992060e-01
1.443900000000000006e+01,-5.326040914206130461e-01
1.443999999999999950e+01,-5.291379251493310010e-01
1.444100000000000072e+01,-4.457131893886952523e-01
1.444200000000000017e+01,-4.572382300315835923e-01
1.444299999999999962e+01,-4.360151579709944381e-01
1.444400000000000084e+01,-3.978650559084689342e-01
1.444500000000000028e+01,-4.146980864133834599e-01
1.444599999999999973e+01,-3.904346273949479418e-01
1.444700000000000095e+01,-3.822559386788899616e-01
1.444800000000000040e+01,-4.451510450316298884e-01
1.444899999999999984e+01,-4.674773807942512183e-01
1.445000000000000107e+01,-5.093965386525685091e-01
1.445100000000000051e+01,-5.515991797498164262e-01
1.445199999999999996e+01,-5.234776720793010707e-01
1.445300000000000118e+01,-5.603629140012041931e-01
1.445400000000000063e+01,-5.580707534963597061e-01
1.445500000000000007e+01,-5.871338612368106613e-01
1.445599999999999952e+01,-5.909417195203128248e-01
1.445700000000000074e+01,-5.255576092472585836e-01
1.445800000000000018e+01,-5.077830549251396430e-01
1.445899999999999963e+01,-5.427141309567760086e-01
1.446000000000000085e+01,-4.945302537339796300e-01
1.446100000000000030e+01,-4.481288133676922802e-01
1.446199999999999974e+01,-4.134299143240335872e-01
1.446300000000000097e+01,-3.793144173702400757e-01
1.446400000000000041e+01,-3.731472007916197819e-01
1.446499999999999986e+01,-3.600257292411441767e-01
1.446600000000000108e+01,-3.716377214423182140e-01
1.446700000000000053e+01,-4.110097618770172656e-01
1.446799999999999997e+01,-4.157818727345625742e-01
1.446899999999999942e+01,-4.442911870758495807e-01
1.447000000000000064e+01,-4.681057986245564795e-01
1.447100000000000009e+01,-4.914642585719042889e-01
1.447199999999999953e+01,-5.005764361592291989e-01
1.447300000000000075e+01,-5.479374392436451302e-01
1.447400000000000020e+01,-5.431741091455941639e-01
1.447499999999999964e+01,-5.808368176573399655e-01
1.447600000000000087e+01,-5.364999116840996063e-01
1.447700000000000031e+01,-5.579189226324759998e-01
1.447799999999999976e+01,-5.425362359837231363e-01
1.447900000000000098e+01,-4.701310705981773252e-01
1.448000000000000043e+01,-4.280135743474042243e-01
1.448099999999999987e+01,-3.975437770715748442e-01
1.448200000000000109e+01,-3.962460414813256948e-01
1.448300000000000054e+01,-3.649480924268220239e-01
1.448399999999999999e+01,-3.597923272607330691e-01
1.448499999999999943e+01,-3.228836386790094881e-01
1.448600000000000065e+01,-3.446386826437533024e-01
1.448700000000000010e+01,-3.828384831063603722e-01
1.448799999999999955e+01,-3.922002268971332972e-01
1.448900000000000077e+01,-3.815105495374517264e-01
1.449000000000000021e+01,-4.217840286198825117e-01
1.449099999999999966e+01,-4.631269261555161498e-01
1.449200000000000088e+01,-4.831119838311287995e-01
1.449300000000000033e+01,-5.081536011552426624e-01
1.449399999999999977e+01,-5.370874016047350041e-01
1.449500000000000099e+01,-5.045899110253850850e-01
1.449600000000000044e+01,-4.855906816432196127e-01
1.449699999999999989e+01,-5.159663130770056894e-01
1.449800000000000111e+01,-4.596849018940561415e-01
1.449900000000000055e+01,-4.041776355741004689e-01
1.450000000000000000e+01,-4.418010051451780051e-01
1.450099999999999945e+01,-3.986349933012010016e-01
1.450200000000000067e+01,-3.428241842050850918e-01
1.450300000000000011e+01,-3.075739424766849583e-01
1.450399999999999956e+01,-2.908064492875465090e-01
1.450500000000000078e+01,-3.517647238676125943e-01
1.450600000000000023e+01,-3.088564936742779765e-01
1.450699999999999967e+01,-2.811350267696418603e-01
1.450800000000000090e+01,-3.382037643339793620e-01
1.450900000000000034e+01,-3.346149665384789973e-01
1.450999999999999979e+01,-3.758340571254888407e-01
1.451100000000000101e+01,-4.350073819089952942e-01
1.451200000000000045e+01,-4.584353813268019495e-01
1.451299999999999990e+01,-4.732727268735442139e-01
1.451400000000000112e+01,-4.679383134036732561e-01
1.451500000000000057e+01,-4.264767769611165216e-01
1.451600000000000001e+01,-4.627051551733923906e-01
1.451699999999999946e+01,-4.520931313911136229e-01
1.451800000000000068e+01,-3.802313642271887839e-01
1.451900000000000013e+01,-3.865609395495460676e-01
1.451999999999999957e+01,-3.551168168276013781e-01
1.452100000000000080e+01,-2.995836688596727471e-01
1.452200000000000024e+01,-3.009909244761095892e-01
1.452299999999999969e+01,-2.815769504759395025e-01
1.452400000000000091e+01,-2.582039342481210475e-01
1.452500000000000036e+01,-2.383941703198245443e-01
1.452599999999999980e+01,-2.345110251458794037e-01
1.452700000000000102e+01,-2.582122780675250029e-01
1.452800000000000047e+01,-2.487014235052270039e-01
1.452899999999999991e+01,-3.118921559643679231e-01
1.453000000000000114e+01,-3.091576279644979719e-01
1.453100000000000058e+01,-3.611358493869624153e-01
1.453200000000000003e+01,-3.994486848677932245e-01
1.453299999999999947e+01,-4.035929604788361935e-01
1.453400000000000070e+01,-4.045509495803695232e-01
1.453500000000000014e+01,-4.220705905725136153e-01
1.453599999999999959e+01,-3.809163542321069573e-01
1.453700000000000081e+01,-3.749953666590996604e-01
1.453800000000000026e+01,-3.190247957543604351e-01
1.453899999999999970e+01,-3.183143973690965023e-01
1.454000000000000092e+01,-2.763399811826450780e-01
1.454100000000000037e+01,-2.445359242660721522e-01
1.454199999999999982e+01,-1.999023888998796017e-01
1.454300000000000104e+01,-2.021136728604207011e-01
1.454400000000000048e+01,-1.813615339241729796e-01
1.454499999999999993e+01,-1.676742951487979749e-01
1.454600000000000115e+01,-1.597010040188021618e-01
1.454700000000000060e+01,-1.915979489757599352e-01
1.454800000000000004e+01,-1.898420955711929980e-01
1.454899999999999949e+01,-1.964892405856997759e-01
1.455000000000000071e+01,-2.716946324677945168e-01
1.455100000000000016e+01,-2.964512851197133592e-01
1.455199999999999960e+01,-3.218537490489815633e-01
1.455300000000000082e+01,-3.236998633758539357e-01
1.455400000000000027e+01,-3.135005458666530465e-01
1.455499999999999972e+01,-3.553673072064874594e-01
1.455600000000000094e+01,-2.910259850351091249e-01
1.455700000000000038e+01,-3.023672596643049437e-01
1.455799999999999983e+01,-2.746019660557536546e-01
1.455900000000000105e+01,-2.159344050768924883e-01
1.456000000000000050e+01,-2.028156781792030960e-01
1.456099999999999994e+01,-1.811023128744427835e-01
1.456200000000000117e+01,-1.173690573283042993e-01
1.456300000000000061e+01,-1.237307114075223979e-01
1.456400000000000006e+01,-9.962796111085590878e-02
1.456499999999999950e+01,-8.314141431016117134e-02
1.456600000000000072e+01,-1.307882788139176911e-01
1.456700000000000017e+01,-1.223492777437772683e-01
1.456799999999999962e+01,-1.282461840904061678e-01
1.456900000000000084e+01,-1.348851813046630377e-01
1.457000000000000028e+01,-1.794539433019926300e-01
1.457099999999999973e+01,-2.103802649427491123e-01
1.457200000000000095e+01,-2.222393718182764932e-01
1.457300000000000040e+01,-2.654111537721060010e-01
1.457399999999999984e+01,-2.681583267391215442e-01
1.457500000000000107e+01,-2.676534709422286884e-01
1.457600000000000051e+01,-2.372326336950276171e-01
1.457699999999999996e+01,-2.223981925467733989e-01
1.457800000000000118e+01,-2.311890100570261897e-01
1.457900000000000063e+01,-1.312590338505439103e-01
1.458000000000000007e+01,-1.692589108632694683e-01
1.458099999999999952e+01,-1.112610639621097186e-01
1.458200000000000074e+01,-8.033244180174820004e-02
1.458300000000000018e+01,-9.575526981246973435e-04
1.458399999999999963e+01,-4.483421039072801872e-02
1.458500000000000085e+01,-1.206737280730978135e-02
1.458600000000000030e+01,-7.243990534071487186e-03
1.458699999999999974e+01,-6.900388096748191757e-02
1.458800000000000097e+01,-6.238098542521601508e-02
1.458900000000000041e+01,-1.086230860292835276e-01
1.458999999999999986e+01,-1.222034722814183266e-01
1.459100000000000108e+01,-1.178991075614984063e-01
1.459200000000000053e+01,-1.480835622325691880e-01
1.459299999999999997e+01,-1.552453748350947627e-01
1.459399999999999942e+01,-1.910513021653643673e-01
1.459500000000000064e+01,-1.796409975754084676e-01
1.459600000000000009e+01,-1.922491850607366271e-01
1.459699999999999953e+01,-1.657202098612297059e-01
1.459800000000000075e+01,-1.167072217394800882e-01
1.459900000000000020e+01,-7.960449570117178464e-02
1.459999999999999964e+01,-5.181652585074864037e-02
1.460100000000000087e+01,-6.033559746703705956e-02
1.460200000000000031e+01,2.366442723534208092e-02
1.460299999999999976e+01,4.509681155984010537e-02
1.460400000000000098e+01,4.953455046462201805e-02
1.460500000000000043e+01,7.676775695217272211e-02
1.460599999999999987e+01,7.999127110157082388e-02
1.460700000000000109e+01,5.627015941972998009e-02
1.460800000000000054e+01,2.916761374844446114e-02
1.460899999999999999e+01,-7.629099507938247315e-04
1.460999999999999943e+01,-3.037747091797375620e-02
1.461100000000000065e+01,-8.729439802626293848e-03
1.461200000000000010e+01,-5.520652289624994324e-02
1.461299999999999955e+01,-7.187519869226299818e-02
1.461400000000000077e+01,-1.352035861990942833e-01
1.461500000000000021e+01,-1.024150435608184723e-01
1.461599999999999966e+01,-1.077878203952881836e-01
1.461700000000000088e+01,-6.083997124720819105e-02
1.461800000000000033e+01,-4.659913434050402814e-02
1.461899999999999977e+01,-2.451179545025030521e-02
1.462000000000000099e+01,9.102986010569316666e-03
1.462100000000000044e+01,5.425693006214266090e-02
1.462199999999999989e+01,7.944688419280926395e-02
1.462300000000000111e+01,6.342375653656573409e-02
1.462400000000000055e+01,1.715565576943429149e-01
1.462500000000000000e+01,1.539546683832363483e-01
1.462599999999999945e+01,1.470125575171951082e-01
1.462700000000000067e+01,1.370020825311880630e-01
1.462800000000000011e+01,1.352500772265087248e-01
1.462899999999999956e+01,1.033378397766396006e-01
1.463000000000000078e+01,4.809411683675476196e-02
1.463100000000000023e+01,3.521814504672177160e-02
1.463199999999999967e+01,5.224354081114383069e-02
1.463300000000000090e+01,8.510437276431428999e-03
1.463400000000000034e+01,-1.749227810269871064e-03
1.463499999999999979e+01,-2.267156965569297467e-03
1.463600000000000101e+01,-3.611764376558514178e-02
1.463700000000000045e+01,6.172780205338374016e-03
1.463799999999999990e+01,1.109113419114969579e-02
1.463900000000000112e+01,8.985648593846484733e-02
1.464000000000000057e+01,1.307063732656938426e-01
1.464100000000000001e+01,1.501945968861696235e-01
1.464199999999999946e+01,1.688787870723487405e-01
1.464300000000000068e+01,1.859254414980377190e-01
1.464400000000000013e+01,1.930782683710263736e-01
1.464499999999999957e+01,2.402717527693033206e-01
1.464600000000000080e+01,2.321025366765501752e-01
1.464700000000000024e+01,2.184279709122522728e-01
1.464799999999999969e+01,1.621004062593502104e-01
1.464900000000000091e+01,1.636519200882510239e-01
1.465000000000000036e+01,1.695321503686482434e-01
1.465099999999999980e+01,1.049520122753804519e-01
1.465200000000000102e+01,6.074582638391369527e-02
1.465300000000000047e+01,7.866344924156362661e-02
1.465399999999999991e+01,5.210158398466449570e-02
1.465500000000000114e+01,2.323313789648731587e-02
1.465600000000000058e+01,5.859943252752955467e-02
1.465700000000000003e+01,6.514023653480136011e-02
1.465799999999999947e+01,8.809280153269642699e-02
1.465900000000000070e+01,1.667386851496760469e-01
1.466000000000000014e+01,1.660488888371182137e-01
1.466099999999999959e+01,2.266358522360301664e-01
1.466200000000000081e+01,2.256134902734063252e-01
1.466300000000000026e+01,2.461853231178665613e-01
1.466399999999999970e+01,2.885187146162862537e-01
1.466500000000000092e+01,2.680680926564261712e-01
1.466600000000000037e+01,3.103775925680163361e-01
1.466699999999999982e+01,2.922868414721764285e-01
1.466800000000000104e+01,2.664632331851219393e-01
1.466900000000000048e+01,2.574851491078209431e-01
1.466999999999999993e+01,2.441005934362070195e-01
1.467100000000000115e+01,1.757803493463482858e-01
1.467200000000000060e+01,1.571818424390320490e-01
1.467300000000000004e+01,1.490398432862580225e-01
1.467399999999999949e+01,1.339978168553704885e-01
1.467500000000000071e+01,1.521448595240080526e-01
1.467600000000000016e+01,1.814866148331039930e-01
1.467699999999999960e+01,1.495942931007238907e-01
1.467800000000000082e+01,2.024526243646137813e-01
1.467900000000000027e+01,2.089178598669653719e-01
1.467999999999999972e+01,2.415280257708021794e-01
1.468100000000000094e+01,2.429632259021421159e-01
1.468200000000000038e+01,3.689842985084643701e-01
1.468299999999999983e+01,3.877654505091397974e-01
1.468400000000000105e+01,3.869250257115328662e-01
1.468500000000000050e+01,3.760352745006729780e-01
1.468599999999999994e+01,3.796477957185868668e-01
1.468700000000000117e+01,3.767930186570909723e-01
1.468800000000000061e+01,3.629917069726993351e-01
1.468900000000000006e+01,3.330961940720869041e-01
1.468999999999999950e+01,2.901954570450577808e-01
1.469100000000000072e+01,2.348873424381847097e-01
1.469200000000000017e+01,2.548972132223379372e-01
1.469299999999999962e+01,2.340535757106580461e-01
1.469400000000000084e+01,2.097628343678797913e-01
1.469500000000000028e+01,2.255155320267133445e-01
1.469599999999999973e+01,2.224391198536307401e-01
1.469700000000000095e+01,1.897640732692379428e-01
1.469800000000000040e+01,2.531341979059573699e-01
1.469899999999999984e+01,2.795883190688190911e-01
1.470000000000000107e+01,3.277706483773663027e-01
1.470100000000000051e+01,3.624422394130594749e-01
1.470199999999999996e+01,3.998041918684707152e-01
1.470300000000000118e+01,4.385905399557158413e-01
1.470400000000000063e+01,4.204326175663217757e-01
1.470500000000000007e+01,4.026042714014325119e-01
1.470599999999999952e+01,4.361886164808662092e-01
1.470700000000000074e+01,4.114314552590981333e-01
1.470800000000000018e+01,3.854862382210690885e-01
1.470899999999999963e+01,4.124408825488414254e-01
1.471000000000000085e+01,3.501505985088134709e-01
1.471100000000000030e+01,2.923913431592161105e-01
1.471199999999999974e+01,3.059494412766175508e-01
1.471300000000000097e+01,2.805319880859959980e-01
1.471400000000000041e+01,2.617642207937113663e-01
1.471499999999999986e+01,3.036674671664565395e-01
1.471600000000000108e+01,2.467700280209381147e-01
1.471700000000000053e+01,2.874944864780472620e-01
1.471799999999999997e+01,2.954581950215778852e-01
1.471900000000000119e+01,3.481356528824635643e-01
1.472000000000000064e+01,3.655662102902691446e-01
1.472100000000000009e+01,4.566157408285342334e-01
1.472199999999999953e+01,4.299610734915085830e-01
1.472300000000000075e+01,4.540816048293784823e-01
1.472400000000000020e+01,4.906934135071949754e-01
1.472499999999999964e+01,5.259823181082043941e-01
1.472600000000000087e+01,4.740103048541248199e-01
1.472700000000000031e+01,4.542814598168075646e-01
1.472799999999999976e+01,4.723409490432170510e-01
1.472900000000000098e+01,4.483282764799325082e-01
1.473000000000000043e+01,4.126295447339878297e-01
1.473099999999999987e+01,3.912890922049012121e-01
1.473200000000000109e+01,3.262007824197739603e-01
1.473300000000000054e+01,3.453943484537628228e-01
1.473399999999999999e+01,3.351394207833345851e-01
1.473499999999999943e+01,3.200633536386289224e-01
1.473600000000000065e+01,3.569817465973633697e-01
1.473700000000000010e+01,3.820525730816330956e-01
1.473799999999999955e+01,3.647168988241351051e-01
1.473900000000000077e+01,4.005400674498309499e-01
1.474000000000000021e+01,4.004050900689959946e-01
1.474099999999999966e+01,4.367954783530621499e-01
1.474200000000000088e+01,4.615723249867030309e-01
1.474300000000000033e+01,5.147844994437085209e-01
1.474399999999999977e+01,5.540967735462890564e-01
1.474500000000000099e+01,5.438441857194933338e-01
1.474600000000000044e+01,5.079642533362923595e-01
1.474699999999999989e+01,5.076987351631067069e-01
1.474800000000000111e+01,4.856617517970827080e-01
1.474900000000000055e+01,5.147901098952226695e-01
1.475000000000000000e+01,4.625845372707923508e-01
1.475099999999999945e+01,4.317236449468433990e-01
1.475200000000000067e+01,4.171418626700262866e-01
1.475300000000000011e+01,3.764121352532237563e-01
1.475399999999999956e+01,3.349072266958571520e-01
1.475500000000000078e+01,3.777205314221411259e-01
1.475600000000000023e+01,3.429982308845576089e-01
1.475699999999999967e+01,3.588255200708124759e-01
1.475800000000000090e+01,4.215229114030791813e-01
1.475900000000000034e+01,4.245047519285313764e-01
1.475999999999999979e+01,4.557010966225860105e-01
1.476100000000000101e+01,5.110332647442765719e-01
1.476200000000000045e+01,5.310893599654623598e-01
1.476299999999999990e+01,5.916686019554056042e-01
1.476400000000000112e+01,5.634485492910560334e-01
1.476500000000000057e+01,5.340698925335357616e-01
1.476600000000000001e+01,6.019121696922261622e-01
1.476699999999999946e+01,5.421244708515201571e-01
1.476800000000000068e+01,5.401864813659583708e-01
1.476900000000000013e+01,5.237194447007504916e-01
1.476999999999999957e+01,4.245736662678316065e-01
1.477100000000000080e+01,4.553328695342614418e-01
1.477200000000000024e+01,4.014330765587934557e-01
1.477299999999999969e+01,3.955501722432931411e-01
1.477400000000000091e+01,3.906500917535890571e-01
1.477500000000000036e+01,3.767299794170855254e-01
1.477599999999999980e+01,4.063470192426602012e-01
1.477700000000000102e+01,4.189871906638534260e-01
1.477800000000000047e+01,4.171804407357231348e-01
1.477899999999999991e+01,4.233577059476225646e-01
1.478000000000000114e+01,4.953071893444332963e-01
1.478100000000000058e+01,4.991871656083268771e-01
1.478200000000000003e+01,5.158296519736687014e-01
1.478299999999999947e+01,5.628978318737454245e-01
1.478400000000000070e+01,5.892261455979733720e-01
1.478500000000000014e+01,5.956342417248887688e-01
1.478599999999999959e+01,6.186529897438803882e-01
1.478700000000000081e+01,5.578936791046023025e-01
1.478800000000000026e+01,5.555525352409806938e-01
1.478899999999999970e+01,5.372623876903521722e-01
1.479000000000000092e+01,5.058622055424325525e-01
1.479100000000000037e+01,4.656483049397941443e-01
1.479199999999999982e+01,4.398583566241962561e-01
1.479300000000000104e+01,3.862601270360219163e-01
1.479400000000000048e+01,3.976939433866032991e-01
1.479499999999999993e+01,3.943017185728515672e-01
1.479600000000000115e+01,3.894481995701599697e-01
1.479700000000000060e+01,4.211609183643212351e-01
1.479800000000000004e+01,4.457333669728681946e-01
1.479899999999999949e+01,4.640546654267941329e-01
1.480000000000000071e+01,5.028084527531530012e-01
1.480100000000000016e+01,5.071319353817089759e-01
1.480199999999999960e+01,5.598844110102927374e-01
1.480300000000000082e+01,5.517092716060121305e-01
1.480400000000000027e+01,5.771167382831130510e-01
1.480499999999999972e+01,5.822395622657833281e-01
1.480600000000000094e+01,6.256528037373472184e-01
1.480700000000000038e+01,5.696692506688328939e-01
1.480799999999999983e+01,5.767337543397113020e-01
1.480900000000000105e+01,5.264946105080733352e-01
1.481000000000000050e+01,4.765149896245715055e-01
1.481099999999999994e+01,4.798648238317146930e-01
1.481200000000000117e+01,4.520880691004151020e-01
1.481300000000000061e+01,4.356069108995392902e-01
1.481400000000000006e+01,3.723573111251521350e-01
1.481499999999999950e+01,3.909898625913043047e-01
1.481600000000000072e+01,4.198343547894907157e-01
1.481700000000000017e+01,4.615421915241147977e-01
1.481799999999999962e+01,3.996474849192328538e-01
1.481900000000000084e+01,4.585005193672090362e-01
1.482000000000000028e+01,4.888309377265562250e-01
1.482099999999999973e+01,5.305641990242758732e-01
1.482200000000000095e+01,5.305465397454273146e-01
1.482300000000000040e+01,5.603099896984451433e-01
1.482399999999999984e+01,5.792040017947254205e-01
1.482500000000000107e+01,5.754681604487997815e-01
1.482600000000000051e+01,5.635390798854007510e-01
1.482699999999999996e+01,5.658476104296982223e-01
1.482800000000000118e+01,5.425972449062625991e-01
1.482900000000000063e+01,5.063715965000850083e-01
1.483000000000000007e+01,5.153316712875130046e-01
1.483099999999999952e+01,4.673101763365754557e-01
1.483200000000000074e+01,4.401407980599799097e-01
1.483300000000000018e+01,4.079935370431937991e-01
1.483399999999999963e+01,4.059444074729385288e-01
1.483500000000000085e+01,4.038278644828831032e-01
1.483600000000000030e+01,4.042647511793354687e-01
1.483699999999999974e+01,4.644979915278750759e-01
1.483800000000000097e+01,4.208048346104668047e-01
1.483900000000000041e+01,4.562123014641376040e-01
1.483999999999999986e+01,4.684475728754179946e-01
1.484100000000000108e+01,5.182711590812857372e-01
1.484200000000000053e+01,5.672886455223631330e-01
1.484299999999999997e+01,5.498248708455650835e-01
1.484400000000000119e+01,5.855544912636151400e-01
1.484500000000000064e+01,5.977400205918624865e-01
1.484600000000000009e+01,5.637151163203533155e-01
1.484699999999999953e+01,5.608213243527909730e-01
1.484800000000000075e+01,4.940053326173163284e-01
1.484900000000000020e+01,5.272720061637236055e-01
1.484999999999999964e+01,4.727160613763324859e-01
1.485100000000000087e+01,4.574224275220193370e-01
1.485200000000000031e+01,4.108521980395550832e-01
1.485299999999999976e+01,3.330778371564772078e-01
1.485400000000000098e+01,3.665900329250216805e-01
1.485500000000000043e+01,3.584256037885144019e-01
1.485599999999999987e+01,3.645101165650591613e-01
1.485700000000000109e+01,3.556141088095506886e-01
1.485800000000000054e+01,3.943931318154034749e-01
1.485899999999999999e+01,4.216413704761875492e-01
1.485999999999999943e+01,4.696775266237823709e-01
1.486100000000000065e+01,4.585659849967353985e-01
1.486200000000000010e+01,5.129411113630523156e-01
1.486299999999999955e+01,5.392367690052803919e-01
1.486400000000000077e+01,5.277848925534469604e-01
1.486500000000000021e+01,5.517089907215456668e-01
1.486599999999999966e+01,5.310942110331545729e-01
1.486700000000000088e+01,4.850699158946101264e-01
1.486800000000000033e+01,5.302284713147749073e-01
1.486899999999999977e+01,4.995172417509641249e-01
1.487000000000000099e+01,4.285262624662627973e-01
1.487100000000000044e+01,3.709355218268626242e-01
1.487199999999999989e+01,3.791490121677758562e-01
1.487300000000000111e+01,3.685947502613391435e-01
1.487400000000000055e+01,3.349009705090061351e-01
1.487500000000000000e+01,3.117059281347056565e-01
1.487599999999999945e+01,3.006283580276132295e-01
1.487700000000000067e+01,3.233874741258524477e-01
1.487800000000000011e+01,3.724922146951600288e-01
1.487899999999999956e+01,3.663815101405339947e-01
1.488000000000000078e+01,4.254811644400495196e-01
1.488100000000000023e+01,4.503027222056359413e-01
1.488199999999999967e+01,4.484341772228370160e-01
1.488300000000000090e+01,4.694559136453302362e-01
1.488400000000000034e+01,4.821191726146994427e-01
1.488499999999999979e+01,4.896217104757033534e-01
1.488600000000000101e+01,5.143537473242578706e-01
1.488700000000000045e+01,4.785273835101430118e-01
1.488799999999999990e+01,4.483359820566362175e-01
1.488900000000000112e+01,4.351822324146120691e-01
1.489000000000000057e+01,4.143802367656950758e-01
1.489100000000000001e+01,3.678511106791316765e-01
1.489199999999999946e+01,3.316184394634489330e-01
1.489300000000000068e+01,2.787707350719677568e-01
1.489400000000000013e+01,2.706908614540262104e-01
1.489499999999999957e+01,3.146306524431843332e-01
1.489600000000000080e+01,2.572723869249095574e-01
1.489700000000000024e+01,3.079224395227228572e-01
1.489799999999999969e+01,3.249269410163771465e-01
1.489900000000000091e+01,3.312564006845498121e-01
1.490000000000000036e+01,3.702239402107025956e-01
1.490099999999999980e+01,3.871526214220782358e-01
1.490200000000000102e+01,4.325835114328817621e-01
1.490300000000000047e+01,4.368988417966564453e-01
1.490399999999999991e+01,4.443894592697041901e-01
1.490500000000000114e+01,4.098604414166319154e-01
1.490600000000000058e+01,4.796204904321893503e-01
1.490700000000000003e+01,4.390179816330930795e-01
1.490799999999999947e+01,3.734946742401605291e-01
1.490900000000000070e+01,3.709021369772428911e-01
1.491000000000000014e+01,3.290401318063813640e-01
1.491099999999999959e+01,2.796839582241349986e-01
1.491200000000000081e+01,2.694962713730458814e-01
1.491300000000000026e+01,2.219289293790641937e-01
1.491399999999999970e+01,2.273806781810147615e-01
1.491500000000000092e+01,2.023067166974736042e-01
1.491600000000000037e+01,2.122759223110205762e-01
1.491699999999999982e+01,2.160918142719432389e-01
1.491800000000000104e+01,2.979698808695055434e-01
1.491900000000000048e+01,2.709837139910452608e-01
1.491999999999999993e+01,2.757415977838478804e-01
1.492100000000000115e+01,3.510433940847819678e-01
1.492200000000000060e+01,3.258756500380627918e-01
1.492300000000000004e+01,3.650817069073870047e-01
1.492399999999999949e+01,4.062712322321720970e-01
1.492500000000000071e+01,3.978426704856267149e-01
1.492600000000000016e+01,3.938830080824690105e-01
1.492699999999999960e+01,3.540170262427893566e-01
1.492800000000000082e+01,3.631188414808473319e-01
1.492900000000000027e+01,3.224472048664667745e-01
1.492999999999999972e+01,2.453897343623873684e-01
1.493100000000000094e+01,2.727736846498309831e-01
1.493200000000000038e+01,2.064216072986431727e-01
1.493299999999999983e+01,1.727493592433593239e-01
1.493400000000000105e+01,1.685802753773698592e-01
1.493500000000000050e+01,1.690088121051609160e-01
1.493599999999999994e+01,1.659730358861707389e-01
1.493700000000000117e+01,1.417795880994807967e-01
1.493800000000000061e+01,2.118817534043940520e-01
1.493900000000000006e+01,2.131486925399066479e-01
1.493999999999999950e+01,2.067832600978746216e-01
1.494100000000000072e+01,2.688281174419042685e-01
1.494200000000000017e+01,2.750615753525303964e-01
1.494299999999999962e+01,3.341714871904907236e-01
1.494400000000000084e+01,3.425737725720818805e-01
1.494500000000000028e+01,3.485265247700872759e-01
1.494599999999999973e+01,3.095954259203138603e-01
1.494700000000000095e+01,2.688834410170722888e-01
1.494800000000000040e+01,3.069375668239954225e-01
1.494899999999999984e+01,2.575288773317447877e-01
1.495000000000000107e+01,1.681677635546704463e-01
1.495100000000000051e+01,1.429221884289187117e-01
1.495199999999999996e+01,1.202530181867162706e-01
1.495300000000000118e+01,1.005266934989064026e-01
1.495400000000000063e+01,9.885149925539529758e-02
1.495500000000000007e+01,6.831950092913424699e-02
1.495599999999999952e+01,8.115857519676743237e-02
1.495700000000000074e+01,1.191110915479428045e-01
1.495800000000000018e+01,7.773754012068039010e-02
1.495899999999999963e+01,1.592974693981225598e-01
1.496000000000000085e+01,1.272044466952080566e-01
1.496100000000000030e+01,2.123370028753960026e-01
1.496199999999999974e+01,2.194615598518187549e-01
1.496300000000000097e+01,2.458207145339331434e-01
1.496400000000000041e+01,2.710044974243258631e-01
1.496499999999999986e+01,2.641515326718788526e-01
1.496600000000000108e+01,2.267799794481205333e-01
1.496700000000000053e+01,2.403643501415207162e-01
1.496799999999999997e+01,1.980558240674963333e-01
1.496900000000000119e+01,1.584178080784446052e-01
1.497000000000000064e+01,1.415781222013250407e-01
1.497100000000000009e+01,7.107023251452208867e-02
1.497199999999999953e+01,4.243960268604437397e-02
1.497300000000000075e+01,-1.504531972417076646e-02
1.497400000000000020e+01,3.852881190907667119e-03
1.497499999999999964e+01,1.756236120123060018e-02
1.497600000000000087e+01,-2.930833380747274730e-03
1.497700000000000031e+01,2.217100868772632627e-02
1.497799999999999976e+01,3.004403337108954575e-02
1.497900000000000098e+01,5.431177002375793539e-02
1.498000000000000043e+01,6.298658316445790439e-02
1.498099999999999987e+01,1.034288405738314348e-01
1.498200000000000109e+01,1.414945575145971357e-01
1.498300000000000054e+01,1.494449828688788062e-01
1.498399999999999999e+01,1.246291084938843247e-01
1.498499999999999943e+01,1.535705250093926388e-01
1.498600000000000065e+01,1.443190431037136012e-01
1.498700000000000010e+01,1.503992505648306111e-01
1.498799999999999955e+01,1.517070623796982765e-01
1.498900000000000077e+01,7.942854796655859917e-02
1.499000000000000021e+01,5.078598634393313715e-02
1.499099999999999966e+01,1.298405271700583258e-02
1.499200000000000088e+01,-2.644529144270294646e-02
1.499300000000000033e+01,-5.055880380380622235e-02
1.499399999999999977e+01,-7.103057655689941352e-02
1.499500000000000099e+01,9.324299173772822025e-01
1.499600000000000044e+01,2.205068067326822756e-01
1.499699999999999989e+01,-6.068395209636504584e-01
1.499800000000000111e+01,-5.027341364363416970e-02
1.499900000000000055e+01,-6.370401548599299857e-02
